2025-08-22 13:25:59,168 - INFO - Comments removed and cleaned Python code saved to /home/hongyu/Documents/SimBench/demo_data/gator/cleaned_truth1.py successfully.
2025-08-22 13:25:59,168 - INFO - Comments removed and cleaned Python code saved to /home/hongyu/Documents/SimBench/demo_data/gator/cleaned_truth2.py successfully.
2025-08-22 13:25:59,168 - INFO - Comments removed and cleaned Python code saved to /home/hongyu/Documents/SimBench/demo_data/gator/cleaned_truth3.py successfully.
2025-08-22 13:25:59,168 - INFO - Comments removed and cleaned Python code saved to /home/hongyu/Documents/SimBench/demo_data/gear/cleaned_truth1.py successfully.
2025-08-22 13:25:59,168 - INFO - Comments removed and cleaned Python code saved to /home/hongyu/Documents/SimBench/demo_data/gear/cleaned_truth2.py successfully.
2025-08-22 13:25:59,168 - INFO - Comments removed and cleaned Python code saved to /home/hongyu/Documents/SimBench/demo_data/gear/cleaned_truth3.py successfully.
2025-08-22 13:25:59,168 - INFO - Comments removed and cleaned Python code saved to /home/hongyu/Documents/SimBench/demo_data/feda/cleaned_truth1.py successfully.
2025-08-22 13:25:59,169 - INFO - Comments removed and cleaned Python code saved to /home/hongyu/Documents/SimBench/demo_data/feda/cleaned_truth2.py successfully.
2025-08-22 13:25:59,169 - INFO - Comments removed and cleaned Python code saved to /home/hongyu/Documents/SimBench/demo_data/feda/cleaned_truth3.py successfully.
2025-08-22 13:25:59,169 - INFO - Comments removed and cleaned Python code saved to /home/hongyu/Documents/SimBench/demo_data/man/cleaned_truth1.py successfully.
2025-08-22 13:25:59,169 - INFO - Comments removed and cleaned Python code saved to /home/hongyu/Documents/SimBench/demo_data/man/cleaned_truth2.py successfully.
2025-08-22 13:25:59,169 - INFO - Comments removed and cleaned Python code saved to /home/hongyu/Documents/SimBench/demo_data/man/cleaned_truth3.py successfully.
2025-08-22 13:25:59,169 - INFO - Comments removed and cleaned Python code saved to /home/hongyu/Documents/SimBench/demo_data/art/cleaned_truth1.py successfully.
2025-08-22 13:25:59,169 - INFO - Comments removed and cleaned Python code saved to /home/hongyu/Documents/SimBench/demo_data/art/cleaned_truth2.py successfully.
2025-08-22 13:25:59,169 - INFO - Comments removed and cleaned Python code saved to /home/hongyu/Documents/SimBench/demo_data/art/cleaned_truth3.py successfully.
2025-08-22 13:25:59,169 - INFO - Comments removed and cleaned Python code saved to /home/hongyu/Documents/SimBench/demo_data/vehros/cleaned_truth1.py successfully.
2025-08-22 13:25:59,169 - INFO - Comments removed and cleaned Python code saved to /home/hongyu/Documents/SimBench/demo_data/vehros/cleaned_truth2.py successfully.
2025-08-22 13:25:59,169 - INFO - Comments removed and cleaned Python code saved to /home/hongyu/Documents/SimBench/demo_data/vehros/cleaned_truth3.py successfully.
2025-08-22 13:25:59,169 - INFO - Comments removed and cleaned Python code saved to /home/hongyu/Documents/SimBench/demo_data/pendulum/cleaned_truth1.py successfully.
2025-08-22 13:25:59,169 - INFO - Comments removed and cleaned Python code saved to /home/hongyu/Documents/SimBench/demo_data/pendulum/cleaned_truth2.py successfully.
2025-08-22 13:25:59,169 - INFO - Comments removed and cleaned Python code saved to /home/hongyu/Documents/SimBench/demo_data/pendulum/cleaned_truth3.py successfully.
2025-08-22 13:25:59,170 - INFO - Comments removed and cleaned Python code saved to /home/hongyu/Documents/SimBench/demo_data/rigid_highway/cleaned_truth1.py successfully.
2025-08-22 13:25:59,170 - INFO - Comments removed and cleaned Python code saved to /home/hongyu/Documents/SimBench/demo_data/rigid_highway/cleaned_truth2.py successfully.
2025-08-22 13:25:59,170 - INFO - Comments removed and cleaned Python code saved to /home/hongyu/Documents/SimBench/demo_data/rigid_highway/cleaned_truth3.py successfully.
2025-08-22 13:25:59,170 - INFO - Comments removed and cleaned Python code saved to /home/hongyu/Documents/SimBench/demo_data/curiosity/cleaned_truth1.py successfully.
2025-08-22 13:25:59,170 - INFO - Comments removed and cleaned Python code saved to /home/hongyu/Documents/SimBench/demo_data/curiosity/cleaned_truth2.py successfully.
2025-08-22 13:25:59,170 - INFO - Comments removed and cleaned Python code saved to /home/hongyu/Documents/SimBench/demo_data/curiosity/cleaned_truth3.py successfully.
2025-08-22 13:25:59,170 - INFO - Comments removed and cleaned Python code saved to /home/hongyu/Documents/SimBench/demo_data/gps_imu/cleaned_truth1.py successfully.
2025-08-22 13:25:59,170 - INFO - Comments removed and cleaned Python code saved to /home/hongyu/Documents/SimBench/demo_data/gps_imu/cleaned_truth2.py successfully.
2025-08-22 13:25:59,170 - INFO - Comments removed and cleaned Python code saved to /home/hongyu/Documents/SimBench/demo_data/gps_imu/cleaned_truth3.py successfully.
2025-08-22 13:25:59,170 - INFO - Comments removed and cleaned Python code saved to /home/hongyu/Documents/SimBench/demo_data/mass_spring_damper/cleaned_truth1.py successfully.
2025-08-22 13:25:59,170 - INFO - Comments removed and cleaned Python code saved to /home/hongyu/Documents/SimBench/demo_data/mass_spring_damper/cleaned_truth2.py successfully.
2025-08-22 13:25:59,170 - INFO - Comments removed and cleaned Python code saved to /home/hongyu/Documents/SimBench/demo_data/mass_spring_damper/cleaned_truth3.py successfully.
2025-08-22 13:25:59,170 - INFO - Comments removed and cleaned Python code saved to /home/hongyu/Documents/SimBench/demo_data/uazbus/cleaned_truth1.py successfully.
2025-08-22 13:25:59,171 - INFO - Comments removed and cleaned Python code saved to /home/hongyu/Documents/SimBench/demo_data/uazbus/cleaned_truth2.py successfully.
2025-08-22 13:25:59,171 - INFO - Comments removed and cleaned Python code saved to /home/hongyu/Documents/SimBench/demo_data/uazbus/cleaned_truth3.py successfully.
2025-08-22 13:25:59,171 - INFO - Comments removed and cleaned Python code saved to /home/hongyu/Documents/SimBench/demo_data/scm/cleaned_truth1.py successfully.
2025-08-22 13:25:59,171 - INFO - Comments removed and cleaned Python code saved to /home/hongyu/Documents/SimBench/demo_data/scm/cleaned_truth2.py successfully.
2025-08-22 13:25:59,171 - INFO - Comments removed and cleaned Python code saved to /home/hongyu/Documents/SimBench/demo_data/scm/cleaned_truth3.py successfully.
2025-08-22 13:25:59,171 - INFO - Comments removed and cleaned Python code saved to /home/hongyu/Documents/SimBench/demo_data/veh_app/cleaned_truth1.py successfully.
2025-08-22 13:25:59,171 - INFO - Comments removed and cleaned Python code saved to /home/hongyu/Documents/SimBench/demo_data/veh_app/cleaned_truth2.py successfully.
2025-08-22 13:25:59,171 - INFO - Comments removed and cleaned Python code saved to /home/hongyu/Documents/SimBench/demo_data/veh_app/cleaned_truth3.py successfully.
2025-08-22 13:25:59,171 - INFO - Comments removed and cleaned Python code saved to /home/hongyu/Documents/SimBench/demo_data/sedan/cleaned_truth1.py successfully.
2025-08-22 13:25:59,171 - INFO - Comments removed and cleaned Python code saved to /home/hongyu/Documents/SimBench/demo_data/sedan/cleaned_truth2.py successfully.
2025-08-22 13:25:59,171 - INFO - Comments removed and cleaned Python code saved to /home/hongyu/Documents/SimBench/demo_data/sedan/cleaned_truth3.py successfully.
2025-08-22 13:25:59,171 - INFO - Comments removed and cleaned Python code saved to /home/hongyu/Documents/SimBench/demo_data/citybus/cleaned_truth1.py successfully.
2025-08-22 13:25:59,171 - INFO - Comments removed and cleaned Python code saved to /home/hongyu/Documents/SimBench/demo_data/citybus/cleaned_truth2.py successfully.
2025-08-22 13:25:59,171 - INFO - Comments removed and cleaned Python code saved to /home/hongyu/Documents/SimBench/demo_data/citybus/cleaned_truth3.py successfully.
2025-08-22 13:25:59,172 - INFO - Comments removed and cleaned Python code saved to /home/hongyu/Documents/SimBench/demo_data/beam/cleaned_truth1.py successfully.
2025-08-22 13:25:59,172 - INFO - Comments removed and cleaned Python code saved to /home/hongyu/Documents/SimBench/demo_data/beam/cleaned_truth2.py successfully.
2025-08-22 13:25:59,172 - INFO - Comments removed and cleaned Python code saved to /home/hongyu/Documents/SimBench/demo_data/beam/cleaned_truth3.py successfully.
2025-08-22 13:25:59,172 - INFO - Comments removed and cleaned Python code saved to /home/hongyu/Documents/SimBench/demo_data/sensros/cleaned_truth1.py successfully.
2025-08-22 13:25:59,172 - INFO - Comments removed and cleaned Python code saved to /home/hongyu/Documents/SimBench/demo_data/sensros/cleaned_truth2.py successfully.
2025-08-22 13:25:59,172 - INFO - Comments removed and cleaned Python code saved to /home/hongyu/Documents/SimBench/demo_data/sensros/cleaned_truth3.py successfully.
2025-08-22 13:25:59,172 - INFO - Comments removed and cleaned Python code saved to /home/hongyu/Documents/SimBench/demo_data/camera/cleaned_truth1.py successfully.
2025-08-22 13:25:59,172 - INFO - Comments removed and cleaned Python code saved to /home/hongyu/Documents/SimBench/demo_data/camera/cleaned_truth2.py successfully.
2025-08-22 13:25:59,172 - INFO - Comments removed and cleaned Python code saved to /home/hongyu/Documents/SimBench/demo_data/camera/cleaned_truth3.py successfully.
2025-08-22 13:25:59,172 - INFO - Comments removed and cleaned Python code saved to /home/hongyu/Documents/SimBench/demo_data/particles/cleaned_truth1.py successfully.
2025-08-22 13:25:59,172 - INFO - Comments removed and cleaned Python code saved to /home/hongyu/Documents/SimBench/demo_data/particles/cleaned_truth2.py successfully.
2025-08-22 13:25:59,172 - INFO - Comments removed and cleaned Python code saved to /home/hongyu/Documents/SimBench/demo_data/particles/cleaned_truth3.py successfully.
2025-08-22 13:25:59,173 - INFO - Comments removed and cleaned Python code saved to /home/hongyu/Documents/SimBench/demo_data/kraz/cleaned_truth1.py successfully.
2025-08-22 13:25:59,173 - INFO - Comments removed and cleaned Python code saved to /home/hongyu/Documents/SimBench/demo_data/kraz/cleaned_truth2.py successfully.
2025-08-22 13:25:59,173 - INFO - Comments removed and cleaned Python code saved to /home/hongyu/Documents/SimBench/demo_data/kraz/cleaned_truth3.py successfully.
2025-08-22 13:25:59,173 - INFO - Comments removed and cleaned Python code saved to /home/hongyu/Documents/SimBench/demo_data/m113/cleaned_truth1.py successfully.
2025-08-22 13:25:59,173 - INFO - Comments removed and cleaned Python code saved to /home/hongyu/Documents/SimBench/demo_data/m113/cleaned_truth2.py successfully.
2025-08-22 13:25:59,173 - INFO - Comments removed and cleaned Python code saved to /home/hongyu/Documents/SimBench/demo_data/m113/cleaned_truth3.py successfully.
2025-08-22 13:25:59,173 - INFO - Comments removed and cleaned Python code saved to /home/hongyu/Documents/SimBench/demo_data/tablecloth/cleaned_truth1.py successfully.
2025-08-22 13:25:59,173 - INFO - Comments removed and cleaned Python code saved to /home/hongyu/Documents/SimBench/demo_data/tablecloth/cleaned_truth2.py successfully.
2025-08-22 13:25:59,173 - INFO - Comments removed and cleaned Python code saved to /home/hongyu/Documents/SimBench/demo_data/tablecloth/cleaned_truth3.py successfully.
2025-08-22 13:25:59,173 - INFO - Comments removed and cleaned Python code saved to /home/hongyu/Documents/SimBench/demo_data/rotor/cleaned_truth1.py successfully.
2025-08-22 13:25:59,173 - INFO - Comments removed and cleaned Python code saved to /home/hongyu/Documents/SimBench/demo_data/rotor/cleaned_truth2.py successfully.
2025-08-22 13:25:59,173 - INFO - Comments removed and cleaned Python code saved to /home/hongyu/Documents/SimBench/demo_data/rotor/cleaned_truth3.py successfully.
2025-08-22 13:25:59,173 - INFO - Comments removed and cleaned Python code saved to /home/hongyu/Documents/SimBench/demo_data/scm_hill/cleaned_truth1.py successfully.
2025-08-22 13:25:59,174 - INFO - Comments removed and cleaned Python code saved to /home/hongyu/Documents/SimBench/demo_data/scm_hill/cleaned_truth2.py successfully.
2025-08-22 13:25:59,174 - INFO - Comments removed and cleaned Python code saved to /home/hongyu/Documents/SimBench/demo_data/scm_hill/cleaned_truth3.py successfully.
2025-08-22 13:25:59,174 - INFO - Comments removed and cleaned Python code saved to /home/hongyu/Documents/SimBench/demo_data/viper/cleaned_truth1.py successfully.
2025-08-22 13:25:59,174 - INFO - Comments removed and cleaned Python code saved to /home/hongyu/Documents/SimBench/demo_data/viper/cleaned_truth2.py successfully.
2025-08-22 13:25:59,174 - INFO - Comments removed and cleaned Python code saved to /home/hongyu/Documents/SimBench/demo_data/viper/cleaned_truth3.py successfully.
2025-08-22 13:25:59,174 - INFO - Comments removed and cleaned Python code saved to /home/hongyu/Documents/SimBench/demo_data/buckling/cleaned_truth1.py successfully.
2025-08-22 13:25:59,174 - INFO - Comments removed and cleaned Python code saved to /home/hongyu/Documents/SimBench/demo_data/buckling/cleaned_truth2.py successfully.
2025-08-22 13:25:59,174 - INFO - Comments removed and cleaned Python code saved to /home/hongyu/Documents/SimBench/demo_data/buckling/cleaned_truth3.py successfully.
2025-08-22 13:25:59,174 - INFO - Comments removed and cleaned Python code saved to /home/hongyu/Documents/SimBench/demo_data/slider_crank/cleaned_truth1.py successfully.
2025-08-22 13:25:59,174 - INFO - Comments removed and cleaned Python code saved to /home/hongyu/Documents/SimBench/demo_data/slider_crank/cleaned_truth2.py successfully.
2025-08-22 13:25:59,174 - INFO - Comments removed and cleaned Python code saved to /home/hongyu/Documents/SimBench/demo_data/slider_crank/cleaned_truth3.py successfully.
2025-08-22 13:25:59,174 - INFO - Comments removed and cleaned Python code saved to /home/hongyu/Documents/SimBench/demo_data/turtlebot/cleaned_truth1.py successfully.
2025-08-22 13:25:59,175 - INFO - Comments removed and cleaned Python code saved to /home/hongyu/Documents/SimBench/demo_data/turtlebot/cleaned_truth2.py successfully.
2025-08-22 13:25:59,175 - INFO - Comments removed and cleaned Python code saved to /home/hongyu/Documents/SimBench/demo_data/turtlebot/cleaned_truth3.py successfully.
2025-08-22 13:25:59,175 - INFO - Comments removed and cleaned Python code saved to /home/hongyu/Documents/SimBench/demo_data/rigid_multipatches/cleaned_truth1.py successfully.
2025-08-22 13:25:59,175 - INFO - Comments removed and cleaned Python code saved to /home/hongyu/Documents/SimBench/demo_data/rigid_multipatches/cleaned_truth2.py successfully.
2025-08-22 13:25:59,175 - INFO - Comments removed and cleaned Python code saved to /home/hongyu/Documents/SimBench/demo_data/rigid_multipatches/cleaned_truth3.py successfully.
2025-08-22 13:25:59,175 - INFO - Comments removed and cleaned Python code saved to /home/hongyu/Documents/SimBench/demo_data/cable/cleaned_truth1.py successfully.
2025-08-22 13:25:59,175 - INFO - Comments removed and cleaned Python code saved to /home/hongyu/Documents/SimBench/demo_data/cable/cleaned_truth2.py successfully.
2025-08-22 13:25:59,175 - INFO - Comments removed and cleaned Python code saved to /home/hongyu/Documents/SimBench/demo_data/cable/cleaned_truth3.py successfully.
2025-08-22 13:25:59,175 - INFO - Comments removed and cleaned Python code saved to /home/hongyu/Documents/SimBench/demo_data/hmmwv/cleaned_truth1.py successfully.
2025-08-22 13:25:59,175 - INFO - Comments removed and cleaned Python code saved to /home/hongyu/Documents/SimBench/demo_data/hmmwv/cleaned_truth2.py successfully.
2025-08-22 13:25:59,175 - INFO - Comments removed and cleaned Python code saved to /home/hongyu/Documents/SimBench/demo_data/hmmwv/cleaned_truth3.py successfully.
2025-08-22 13:25:59,175 - INFO - Comments removed and cleaned Python code saved to /home/hongyu/Documents/SimBench/demo_data/handler/cleaned_truth1.py successfully.
2025-08-22 13:25:59,175 - INFO - Comments removed and cleaned Python code saved to /home/hongyu/Documents/SimBench/demo_data/handler/cleaned_truth2.py successfully.
2025-08-22 13:25:59,175 - INFO - Comments removed and cleaned Python code saved to /home/hongyu/Documents/SimBench/demo_data/handler/cleaned_truth3.py successfully.
2025-08-22 13:25:59,176 - INFO - Comments removed and cleaned Python code saved to /home/hongyu/Documents/SimBench/demo_data/lidar/cleaned_truth1.py successfully.
2025-08-22 13:25:59,176 - INFO - Comments removed and cleaned Python code saved to /home/hongyu/Documents/SimBench/demo_data/lidar/cleaned_truth2.py successfully.
2025-08-22 13:25:59,176 - INFO - Comments removed and cleaned Python code saved to /home/hongyu/Documents/SimBench/demo_data/lidar/cleaned_truth3.py successfully.
2025-08-22 13:39:37,692 - INFO - Comments removed and cleaned Python code saved to /home/hongyu/Documents/SimBench/demo_data/gator/cleaned_truth1.py successfully.
2025-08-22 13:39:37,692 - INFO - Comments removed and cleaned Python code saved to /home/hongyu/Documents/SimBench/demo_data/gator/cleaned_truth2.py successfully.
2025-08-22 13:39:37,692 - INFO - Comments removed and cleaned Python code saved to /home/hongyu/Documents/SimBench/demo_data/gator/cleaned_truth3.py successfully.
2025-08-22 13:39:37,693 - INFO - Comments removed and cleaned Python code saved to /home/hongyu/Documents/SimBench/demo_data/gear/cleaned_truth1.py successfully.
2025-08-22 13:39:37,693 - INFO - Comments removed and cleaned Python code saved to /home/hongyu/Documents/SimBench/demo_data/gear/cleaned_truth2.py successfully.
2025-08-22 13:39:37,693 - INFO - Comments removed and cleaned Python code saved to /home/hongyu/Documents/SimBench/demo_data/gear/cleaned_truth3.py successfully.
2025-08-22 13:39:37,693 - INFO - Comments removed and cleaned Python code saved to /home/hongyu/Documents/SimBench/demo_data/feda/cleaned_truth1.py successfully.
2025-08-22 13:39:37,693 - INFO - Comments removed and cleaned Python code saved to /home/hongyu/Documents/SimBench/demo_data/feda/cleaned_truth2.py successfully.
2025-08-22 13:39:37,693 - INFO - Comments removed and cleaned Python code saved to /home/hongyu/Documents/SimBench/demo_data/feda/cleaned_truth3.py successfully.
2025-08-22 13:39:37,693 - INFO - Comments removed and cleaned Python code saved to /home/hongyu/Documents/SimBench/demo_data/man/cleaned_truth1.py successfully.
2025-08-22 13:39:37,693 - INFO - Comments removed and cleaned Python code saved to /home/hongyu/Documents/SimBench/demo_data/man/cleaned_truth2.py successfully.
2025-08-22 13:39:37,693 - INFO - Comments removed and cleaned Python code saved to /home/hongyu/Documents/SimBench/demo_data/man/cleaned_truth3.py successfully.
2025-08-22 13:39:37,693 - INFO - Comments removed and cleaned Python code saved to /home/hongyu/Documents/SimBench/demo_data/art/cleaned_truth1.py successfully.
2025-08-22 13:39:37,693 - INFO - Comments removed and cleaned Python code saved to /home/hongyu/Documents/SimBench/demo_data/art/cleaned_truth2.py successfully.
2025-08-22 13:39:37,693 - INFO - Comments removed and cleaned Python code saved to /home/hongyu/Documents/SimBench/demo_data/art/cleaned_truth3.py successfully.
2025-08-22 13:39:37,694 - INFO - Comments removed and cleaned Python code saved to /home/hongyu/Documents/SimBench/demo_data/vehros/cleaned_truth1.py successfully.
2025-08-22 13:39:37,694 - INFO - Comments removed and cleaned Python code saved to /home/hongyu/Documents/SimBench/demo_data/vehros/cleaned_truth2.py successfully.
2025-08-22 13:39:37,694 - INFO - Comments removed and cleaned Python code saved to /home/hongyu/Documents/SimBench/demo_data/vehros/cleaned_truth3.py successfully.
2025-08-22 13:39:37,694 - INFO - Comments removed and cleaned Python code saved to /home/hongyu/Documents/SimBench/demo_data/pendulum/cleaned_truth1.py successfully.
2025-08-22 13:39:37,694 - INFO - Comments removed and cleaned Python code saved to /home/hongyu/Documents/SimBench/demo_data/pendulum/cleaned_truth2.py successfully.
2025-08-22 13:39:37,694 - INFO - Comments removed and cleaned Python code saved to /home/hongyu/Documents/SimBench/demo_data/pendulum/cleaned_truth3.py successfully.
2025-08-22 13:39:37,694 - INFO - Comments removed and cleaned Python code saved to /home/hongyu/Documents/SimBench/demo_data/rigid_highway/cleaned_truth1.py successfully.
2025-08-22 13:39:37,694 - INFO - Comments removed and cleaned Python code saved to /home/hongyu/Documents/SimBench/demo_data/rigid_highway/cleaned_truth2.py successfully.
2025-08-22 13:39:37,694 - INFO - Comments removed and cleaned Python code saved to /home/hongyu/Documents/SimBench/demo_data/rigid_highway/cleaned_truth3.py successfully.
2025-08-22 13:39:37,694 - INFO - Comments removed and cleaned Python code saved to /home/hongyu/Documents/SimBench/demo_data/curiosity/cleaned_truth1.py successfully.
2025-08-22 13:39:37,694 - INFO - Comments removed and cleaned Python code saved to /home/hongyu/Documents/SimBench/demo_data/curiosity/cleaned_truth2.py successfully.
2025-08-22 13:39:37,694 - INFO - Comments removed and cleaned Python code saved to /home/hongyu/Documents/SimBench/demo_data/curiosity/cleaned_truth3.py successfully.
2025-08-22 13:39:37,694 - INFO - Comments removed and cleaned Python code saved to /home/hongyu/Documents/SimBench/demo_data/gps_imu/cleaned_truth1.py successfully.
2025-08-22 13:39:37,694 - INFO - Comments removed and cleaned Python code saved to /home/hongyu/Documents/SimBench/demo_data/gps_imu/cleaned_truth2.py successfully.
2025-08-22 13:39:37,694 - INFO - Comments removed and cleaned Python code saved to /home/hongyu/Documents/SimBench/demo_data/gps_imu/cleaned_truth3.py successfully.
2025-08-22 13:39:37,695 - INFO - Comments removed and cleaned Python code saved to /home/hongyu/Documents/SimBench/demo_data/mass_spring_damper/cleaned_truth1.py successfully.
2025-08-22 13:39:37,695 - INFO - Comments removed and cleaned Python code saved to /home/hongyu/Documents/SimBench/demo_data/mass_spring_damper/cleaned_truth2.py successfully.
2025-08-22 13:39:37,695 - INFO - Comments removed and cleaned Python code saved to /home/hongyu/Documents/SimBench/demo_data/mass_spring_damper/cleaned_truth3.py successfully.
2025-08-22 13:39:37,695 - INFO - Comments removed and cleaned Python code saved to /home/hongyu/Documents/SimBench/demo_data/uazbus/cleaned_truth1.py successfully.
2025-08-22 13:39:37,695 - INFO - Comments removed and cleaned Python code saved to /home/hongyu/Documents/SimBench/demo_data/uazbus/cleaned_truth2.py successfully.
2025-08-22 13:39:37,695 - INFO - Comments removed and cleaned Python code saved to /home/hongyu/Documents/SimBench/demo_data/uazbus/cleaned_truth3.py successfully.
2025-08-22 13:39:37,695 - INFO - Comments removed and cleaned Python code saved to /home/hongyu/Documents/SimBench/demo_data/scm/cleaned_truth1.py successfully.
2025-08-22 13:39:37,695 - INFO - Comments removed and cleaned Python code saved to /home/hongyu/Documents/SimBench/demo_data/scm/cleaned_truth2.py successfully.
2025-08-22 13:39:37,695 - INFO - Comments removed and cleaned Python code saved to /home/hongyu/Documents/SimBench/demo_data/scm/cleaned_truth3.py successfully.
2025-08-22 13:39:37,695 - INFO - Comments removed and cleaned Python code saved to /home/hongyu/Documents/SimBench/demo_data/veh_app/cleaned_truth1.py successfully.
2025-08-22 13:39:37,695 - INFO - Comments removed and cleaned Python code saved to /home/hongyu/Documents/SimBench/demo_data/veh_app/cleaned_truth2.py successfully.
2025-08-22 13:39:37,695 - INFO - Comments removed and cleaned Python code saved to /home/hongyu/Documents/SimBench/demo_data/veh_app/cleaned_truth3.py successfully.
2025-08-22 13:39:37,695 - INFO - Comments removed and cleaned Python code saved to /home/hongyu/Documents/SimBench/demo_data/sedan/cleaned_truth1.py successfully.
2025-08-22 13:39:37,695 - INFO - Comments removed and cleaned Python code saved to /home/hongyu/Documents/SimBench/demo_data/sedan/cleaned_truth2.py successfully.
2025-08-22 13:39:37,695 - INFO - Comments removed and cleaned Python code saved to /home/hongyu/Documents/SimBench/demo_data/sedan/cleaned_truth3.py successfully.
2025-08-22 13:39:37,696 - INFO - Comments removed and cleaned Python code saved to /home/hongyu/Documents/SimBench/demo_data/citybus/cleaned_truth1.py successfully.
2025-08-22 13:39:37,696 - INFO - Comments removed and cleaned Python code saved to /home/hongyu/Documents/SimBench/demo_data/citybus/cleaned_truth2.py successfully.
2025-08-22 13:39:37,696 - INFO - Comments removed and cleaned Python code saved to /home/hongyu/Documents/SimBench/demo_data/citybus/cleaned_truth3.py successfully.
2025-08-22 13:39:37,696 - INFO - Comments removed and cleaned Python code saved to /home/hongyu/Documents/SimBench/demo_data/beam/cleaned_truth1.py successfully.
2025-08-22 13:39:37,696 - INFO - Comments removed and cleaned Python code saved to /home/hongyu/Documents/SimBench/demo_data/beam/cleaned_truth2.py successfully.
2025-08-22 13:39:37,696 - INFO - Comments removed and cleaned Python code saved to /home/hongyu/Documents/SimBench/demo_data/beam/cleaned_truth3.py successfully.
2025-08-22 13:39:37,696 - INFO - Comments removed and cleaned Python code saved to /home/hongyu/Documents/SimBench/demo_data/sensros/cleaned_truth1.py successfully.
2025-08-22 13:39:37,696 - INFO - Comments removed and cleaned Python code saved to /home/hongyu/Documents/SimBench/demo_data/sensros/cleaned_truth2.py successfully.
2025-08-22 13:39:37,696 - INFO - Comments removed and cleaned Python code saved to /home/hongyu/Documents/SimBench/demo_data/sensros/cleaned_truth3.py successfully.
2025-08-22 13:39:37,696 - INFO - Comments removed and cleaned Python code saved to /home/hongyu/Documents/SimBench/demo_data/camera/cleaned_truth1.py successfully.
2025-08-22 13:39:37,696 - INFO - Comments removed and cleaned Python code saved to /home/hongyu/Documents/SimBench/demo_data/camera/cleaned_truth2.py successfully.
2025-08-22 13:39:37,696 - INFO - Comments removed and cleaned Python code saved to /home/hongyu/Documents/SimBench/demo_data/camera/cleaned_truth3.py successfully.
2025-08-22 13:39:37,696 - INFO - Comments removed and cleaned Python code saved to /home/hongyu/Documents/SimBench/demo_data/particles/cleaned_truth1.py successfully.
2025-08-22 13:39:37,696 - INFO - Comments removed and cleaned Python code saved to /home/hongyu/Documents/SimBench/demo_data/particles/cleaned_truth2.py successfully.
2025-08-22 13:39:37,696 - INFO - Comments removed and cleaned Python code saved to /home/hongyu/Documents/SimBench/demo_data/particles/cleaned_truth3.py successfully.
2025-08-22 13:39:37,697 - INFO - Comments removed and cleaned Python code saved to /home/hongyu/Documents/SimBench/demo_data/kraz/cleaned_truth1.py successfully.
2025-08-22 13:39:37,697 - INFO - Comments removed and cleaned Python code saved to /home/hongyu/Documents/SimBench/demo_data/kraz/cleaned_truth2.py successfully.
2025-08-22 13:39:37,697 - INFO - Comments removed and cleaned Python code saved to /home/hongyu/Documents/SimBench/demo_data/kraz/cleaned_truth3.py successfully.
2025-08-22 13:39:37,697 - INFO - Comments removed and cleaned Python code saved to /home/hongyu/Documents/SimBench/demo_data/m113/cleaned_truth1.py successfully.
2025-08-22 13:39:37,697 - INFO - Comments removed and cleaned Python code saved to /home/hongyu/Documents/SimBench/demo_data/m113/cleaned_truth2.py successfully.
2025-08-22 13:39:37,697 - INFO - Comments removed and cleaned Python code saved to /home/hongyu/Documents/SimBench/demo_data/m113/cleaned_truth3.py successfully.
2025-08-22 13:39:37,697 - ERROR - An unexpected error occurred: [Errno 20] Not a directory: '/home/hongyu/Documents/SimBench/demo_data/extraction_message.txt/truth1.py'
2025-08-22 13:39:37,697 - ERROR - An unexpected error occurred: [Errno 20] Not a directory: '/home/hongyu/Documents/SimBench/demo_data/extraction_message.txt/truth2.py'
2025-08-22 13:39:37,697 - ERROR - An unexpected error occurred: [Errno 20] Not a directory: '/home/hongyu/Documents/SimBench/demo_data/extraction_message.txt/truth3.py'
2025-08-22 13:39:37,697 - INFO - Comments removed and cleaned Python code saved to /home/hongyu/Documents/SimBench/demo_data/tablecloth/cleaned_truth1.py successfully.
2025-08-22 13:39:37,697 - INFO - Comments removed and cleaned Python code saved to /home/hongyu/Documents/SimBench/demo_data/tablecloth/cleaned_truth2.py successfully.
2025-08-22 13:39:37,697 - INFO - Comments removed and cleaned Python code saved to /home/hongyu/Documents/SimBench/demo_data/tablecloth/cleaned_truth3.py successfully.
2025-08-22 13:39:37,697 - INFO - Comments removed and cleaned Python code saved to /home/hongyu/Documents/SimBench/demo_data/rotor/cleaned_truth1.py successfully.
2025-08-22 13:39:37,697 - INFO - Comments removed and cleaned Python code saved to /home/hongyu/Documents/SimBench/demo_data/rotor/cleaned_truth2.py successfully.
2025-08-22 13:39:37,697 - INFO - Comments removed and cleaned Python code saved to /home/hongyu/Documents/SimBench/demo_data/rotor/cleaned_truth3.py successfully.
2025-08-22 13:39:37,697 - INFO - Comments removed and cleaned Python code saved to /home/hongyu/Documents/SimBench/demo_data/scm_hill/cleaned_truth1.py successfully.
2025-08-22 13:39:37,698 - INFO - Comments removed and cleaned Python code saved to /home/hongyu/Documents/SimBench/demo_data/scm_hill/cleaned_truth2.py successfully.
2025-08-22 13:39:37,698 - INFO - Comments removed and cleaned Python code saved to /home/hongyu/Documents/SimBench/demo_data/scm_hill/cleaned_truth3.py successfully.
2025-08-22 13:39:37,698 - INFO - Comments removed and cleaned Python code saved to /home/hongyu/Documents/SimBench/demo_data/viper/cleaned_truth1.py successfully.
2025-08-22 13:39:37,698 - INFO - Comments removed and cleaned Python code saved to /home/hongyu/Documents/SimBench/demo_data/viper/cleaned_truth2.py successfully.
2025-08-22 13:39:37,698 - INFO - Comments removed and cleaned Python code saved to /home/hongyu/Documents/SimBench/demo_data/viper/cleaned_truth3.py successfully.
2025-08-22 13:39:37,698 - INFO - Comments removed and cleaned Python code saved to /home/hongyu/Documents/SimBench/demo_data/buckling/cleaned_truth1.py successfully.
2025-08-22 13:39:37,698 - INFO - Comments removed and cleaned Python code saved to /home/hongyu/Documents/SimBench/demo_data/buckling/cleaned_truth2.py successfully.
2025-08-22 13:39:37,698 - INFO - Comments removed and cleaned Python code saved to /home/hongyu/Documents/SimBench/demo_data/buckling/cleaned_truth3.py successfully.
2025-08-22 13:39:37,698 - INFO - Comments removed and cleaned Python code saved to /home/hongyu/Documents/SimBench/demo_data/slider_crank/cleaned_truth1.py successfully.
2025-08-22 13:39:37,698 - INFO - Comments removed and cleaned Python code saved to /home/hongyu/Documents/SimBench/demo_data/slider_crank/cleaned_truth2.py successfully.
2025-08-22 13:39:37,698 - INFO - Comments removed and cleaned Python code saved to /home/hongyu/Documents/SimBench/demo_data/slider_crank/cleaned_truth3.py successfully.
2025-08-22 13:39:37,698 - INFO - Comments removed and cleaned Python code saved to /home/hongyu/Documents/SimBench/demo_data/turtlebot/cleaned_truth1.py successfully.
2025-08-22 13:39:37,698 - INFO - Comments removed and cleaned Python code saved to /home/hongyu/Documents/SimBench/demo_data/turtlebot/cleaned_truth2.py successfully.
2025-08-22 13:39:37,699 - INFO - Comments removed and cleaned Python code saved to /home/hongyu/Documents/SimBench/demo_data/turtlebot/cleaned_truth3.py successfully.
2025-08-22 13:39:37,699 - INFO - Comments removed and cleaned Python code saved to /home/hongyu/Documents/SimBench/demo_data/rigid_multipatches/cleaned_truth1.py successfully.
2025-08-22 13:39:37,699 - INFO - Comments removed and cleaned Python code saved to /home/hongyu/Documents/SimBench/demo_data/rigid_multipatches/cleaned_truth2.py successfully.
2025-08-22 13:39:37,699 - INFO - Comments removed and cleaned Python code saved to /home/hongyu/Documents/SimBench/demo_data/rigid_multipatches/cleaned_truth3.py successfully.
2025-08-22 13:39:37,699 - INFO - Comments removed and cleaned Python code saved to /home/hongyu/Documents/SimBench/demo_data/cable/cleaned_truth1.py successfully.
2025-08-22 13:39:37,699 - INFO - Comments removed and cleaned Python code saved to /home/hongyu/Documents/SimBench/demo_data/cable/cleaned_truth2.py successfully.
2025-08-22 13:39:37,699 - INFO - Comments removed and cleaned Python code saved to /home/hongyu/Documents/SimBench/demo_data/cable/cleaned_truth3.py successfully.
2025-08-22 13:39:37,699 - INFO - Comments removed and cleaned Python code saved to /home/hongyu/Documents/SimBench/demo_data/hmmwv/cleaned_truth1.py successfully.
2025-08-22 13:39:37,699 - INFO - Comments removed and cleaned Python code saved to /home/hongyu/Documents/SimBench/demo_data/hmmwv/cleaned_truth2.py successfully.
2025-08-22 13:39:37,699 - INFO - Comments removed and cleaned Python code saved to /home/hongyu/Documents/SimBench/demo_data/hmmwv/cleaned_truth3.py successfully.
2025-08-22 13:39:37,699 - INFO - Comments removed and cleaned Python code saved to /home/hongyu/Documents/SimBench/demo_data/handler/cleaned_truth1.py successfully.
2025-08-22 13:39:37,699 - INFO - Comments removed and cleaned Python code saved to /home/hongyu/Documents/SimBench/demo_data/handler/cleaned_truth2.py successfully.
2025-08-22 13:39:37,699 - INFO - Comments removed and cleaned Python code saved to /home/hongyu/Documents/SimBench/demo_data/handler/cleaned_truth3.py successfully.
2025-08-22 13:39:37,699 - INFO - Comments removed and cleaned Python code saved to /home/hongyu/Documents/SimBench/demo_data/lidar/cleaned_truth1.py successfully.
2025-08-22 13:39:37,699 - INFO - Comments removed and cleaned Python code saved to /home/hongyu/Documents/SimBench/demo_data/lidar/cleaned_truth2.py successfully.
2025-08-22 13:39:37,700 - INFO - Comments removed and cleaned Python code saved to /home/hongyu/Documents/SimBench/demo_data/lidar/cleaned_truth3.py successfully.
2025-08-22 14:32:37,038 - INFO - Comments removed and cleaned Python code saved to /home/hongyu/Documents/SimBench/demo_data/gator/cleaned_truth1.py successfully.
2025-08-22 14:32:37,038 - INFO - Comments removed and cleaned Python code saved to /home/hongyu/Documents/SimBench/demo_data/gator/cleaned_truth2.py successfully.
2025-08-22 14:32:37,039 - INFO - Comments removed and cleaned Python code saved to /home/hongyu/Documents/SimBench/demo_data/gator/cleaned_truth3.py successfully.
2025-08-22 14:32:37,039 - INFO - Comments removed and cleaned Python code saved to /home/hongyu/Documents/SimBench/demo_data/gear/cleaned_truth1.py successfully.
2025-08-22 14:32:37,039 - INFO - Comments removed and cleaned Python code saved to /home/hongyu/Documents/SimBench/demo_data/gear/cleaned_truth2.py successfully.
2025-08-22 14:32:37,039 - INFO - Comments removed and cleaned Python code saved to /home/hongyu/Documents/SimBench/demo_data/gear/cleaned_truth3.py successfully.
2025-08-22 14:32:37,040 - INFO - Comments removed and cleaned Python code saved to /home/hongyu/Documents/SimBench/demo_data/feda/cleaned_truth1.py successfully.
2025-08-22 14:32:37,040 - INFO - Comments removed and cleaned Python code saved to /home/hongyu/Documents/SimBench/demo_data/feda/cleaned_truth2.py successfully.
2025-08-22 14:32:37,040 - INFO - Comments removed and cleaned Python code saved to /home/hongyu/Documents/SimBench/demo_data/feda/cleaned_truth3.py successfully.
2025-08-22 14:32:37,040 - INFO - Comments removed and cleaned Python code saved to /home/hongyu/Documents/SimBench/demo_data/man/cleaned_truth1.py successfully.
2025-08-22 14:32:37,040 - INFO - Comments removed and cleaned Python code saved to /home/hongyu/Documents/SimBench/demo_data/man/cleaned_truth2.py successfully.
2025-08-22 14:32:37,040 - INFO - Comments removed and cleaned Python code saved to /home/hongyu/Documents/SimBench/demo_data/man/cleaned_truth3.py successfully.
2025-08-22 14:32:37,040 - INFO - Comments removed and cleaned Python code saved to /home/hongyu/Documents/SimBench/demo_data/art/cleaned_truth1.py successfully.
2025-08-22 14:32:37,040 - INFO - Comments removed and cleaned Python code saved to /home/hongyu/Documents/SimBench/demo_data/art/cleaned_truth2.py successfully.
2025-08-22 14:32:37,040 - INFO - Comments removed and cleaned Python code saved to /home/hongyu/Documents/SimBench/demo_data/art/cleaned_truth3.py successfully.
2025-08-22 14:32:37,040 - INFO - Comments removed and cleaned Python code saved to /home/hongyu/Documents/SimBench/demo_data/vehros/cleaned_truth1.py successfully.
2025-08-22 14:32:37,040 - INFO - Comments removed and cleaned Python code saved to /home/hongyu/Documents/SimBench/demo_data/vehros/cleaned_truth2.py successfully.
2025-08-22 14:32:37,041 - INFO - Comments removed and cleaned Python code saved to /home/hongyu/Documents/SimBench/demo_data/vehros/cleaned_truth3.py successfully.
2025-08-22 14:32:37,041 - INFO - Comments removed and cleaned Python code saved to /home/hongyu/Documents/SimBench/demo_data/pendulum/cleaned_truth1.py successfully.
2025-08-22 14:32:37,041 - INFO - Comments removed and cleaned Python code saved to /home/hongyu/Documents/SimBench/demo_data/pendulum/cleaned_truth2.py successfully.
2025-08-22 14:32:37,041 - INFO - Comments removed and cleaned Python code saved to /home/hongyu/Documents/SimBench/demo_data/pendulum/cleaned_truth3.py successfully.
2025-08-22 14:32:37,041 - INFO - Comments removed and cleaned Python code saved to /home/hongyu/Documents/SimBench/demo_data/rigid_highway/cleaned_truth1.py successfully.
2025-08-22 14:32:37,041 - INFO - Comments removed and cleaned Python code saved to /home/hongyu/Documents/SimBench/demo_data/rigid_highway/cleaned_truth2.py successfully.
2025-08-22 14:32:37,041 - INFO - Comments removed and cleaned Python code saved to /home/hongyu/Documents/SimBench/demo_data/rigid_highway/cleaned_truth3.py successfully.
2025-08-22 14:32:37,041 - INFO - Comments removed and cleaned Python code saved to /home/hongyu/Documents/SimBench/demo_data/curiosity/cleaned_truth1.py successfully.
2025-08-22 14:32:37,041 - INFO - Comments removed and cleaned Python code saved to /home/hongyu/Documents/SimBench/demo_data/curiosity/cleaned_truth2.py successfully.
2025-08-22 14:32:37,041 - INFO - Comments removed and cleaned Python code saved to /home/hongyu/Documents/SimBench/demo_data/curiosity/cleaned_truth3.py successfully.
2025-08-22 14:32:37,041 - INFO - Comments removed and cleaned Python code saved to /home/hongyu/Documents/SimBench/demo_data/gps_imu/cleaned_truth1.py successfully.
2025-08-22 14:32:37,041 - INFO - Comments removed and cleaned Python code saved to /home/hongyu/Documents/SimBench/demo_data/gps_imu/cleaned_truth2.py successfully.
2025-08-22 14:32:37,041 - INFO - Comments removed and cleaned Python code saved to /home/hongyu/Documents/SimBench/demo_data/gps_imu/cleaned_truth3.py successfully.
2025-08-22 14:32:37,041 - INFO - Comments removed and cleaned Python code saved to /home/hongyu/Documents/SimBench/demo_data/mass_spring_damper/cleaned_truth1.py successfully.
2025-08-22 14:32:37,042 - INFO - Comments removed and cleaned Python code saved to /home/hongyu/Documents/SimBench/demo_data/mass_spring_damper/cleaned_truth2.py successfully.
2025-08-22 14:32:37,042 - INFO - Comments removed and cleaned Python code saved to /home/hongyu/Documents/SimBench/demo_data/mass_spring_damper/cleaned_truth3.py successfully.
2025-08-22 14:32:37,042 - INFO - Comments removed and cleaned Python code saved to /home/hongyu/Documents/SimBench/demo_data/uazbus/cleaned_truth1.py successfully.
2025-08-22 14:32:37,042 - INFO - Comments removed and cleaned Python code saved to /home/hongyu/Documents/SimBench/demo_data/uazbus/cleaned_truth2.py successfully.
2025-08-22 14:32:37,042 - INFO - Comments removed and cleaned Python code saved to /home/hongyu/Documents/SimBench/demo_data/uazbus/cleaned_truth3.py successfully.
2025-08-22 14:32:37,042 - INFO - Comments removed and cleaned Python code saved to /home/hongyu/Documents/SimBench/demo_data/scm/cleaned_truth1.py successfully.
2025-08-22 14:32:37,042 - INFO - Comments removed and cleaned Python code saved to /home/hongyu/Documents/SimBench/demo_data/scm/cleaned_truth2.py successfully.
2025-08-22 14:32:37,042 - INFO - Comments removed and cleaned Python code saved to /home/hongyu/Documents/SimBench/demo_data/scm/cleaned_truth3.py successfully.
2025-08-22 14:32:37,042 - INFO - Comments removed and cleaned Python code saved to /home/hongyu/Documents/SimBench/demo_data/veh_app/cleaned_truth1.py successfully.
2025-08-22 14:32:37,042 - INFO - Comments removed and cleaned Python code saved to /home/hongyu/Documents/SimBench/demo_data/veh_app/cleaned_truth2.py successfully.
2025-08-22 14:32:37,042 - INFO - Comments removed and cleaned Python code saved to /home/hongyu/Documents/SimBench/demo_data/veh_app/cleaned_truth3.py successfully.
2025-08-22 14:32:37,042 - INFO - Comments removed and cleaned Python code saved to /home/hongyu/Documents/SimBench/demo_data/sedan/cleaned_truth1.py successfully.
2025-08-22 14:32:37,042 - INFO - Comments removed and cleaned Python code saved to /home/hongyu/Documents/SimBench/demo_data/sedan/cleaned_truth2.py successfully.
2025-08-22 14:32:37,043 - INFO - Comments removed and cleaned Python code saved to /home/hongyu/Documents/SimBench/demo_data/sedan/cleaned_truth3.py successfully.
2025-08-22 14:32:37,043 - INFO - Comments removed and cleaned Python code saved to /home/hongyu/Documents/SimBench/demo_data/citybus/cleaned_truth1.py successfully.
2025-08-22 14:32:37,043 - INFO - Comments removed and cleaned Python code saved to /home/hongyu/Documents/SimBench/demo_data/citybus/cleaned_truth2.py successfully.
2025-08-22 14:32:37,043 - INFO - Comments removed and cleaned Python code saved to /home/hongyu/Documents/SimBench/demo_data/citybus/cleaned_truth3.py successfully.
2025-08-22 14:32:37,043 - INFO - Comments removed and cleaned Python code saved to /home/hongyu/Documents/SimBench/demo_data/beam/cleaned_truth1.py successfully.
2025-08-22 14:32:37,043 - INFO - Comments removed and cleaned Python code saved to /home/hongyu/Documents/SimBench/demo_data/beam/cleaned_truth2.py successfully.
2025-08-22 14:32:37,043 - INFO - Comments removed and cleaned Python code saved to /home/hongyu/Documents/SimBench/demo_data/beam/cleaned_truth3.py successfully.
2025-08-22 14:32:37,043 - INFO - Comments removed and cleaned Python code saved to /home/hongyu/Documents/SimBench/demo_data/sensros/cleaned_truth1.py successfully.
2025-08-22 14:32:37,043 - INFO - Comments removed and cleaned Python code saved to /home/hongyu/Documents/SimBench/demo_data/sensros/cleaned_truth2.py successfully.
2025-08-22 14:32:37,043 - INFO - Comments removed and cleaned Python code saved to /home/hongyu/Documents/SimBench/demo_data/sensros/cleaned_truth3.py successfully.
2025-08-22 14:32:37,043 - INFO - Comments removed and cleaned Python code saved to /home/hongyu/Documents/SimBench/demo_data/camera/cleaned_truth1.py successfully.
2025-08-22 14:32:37,043 - INFO - Comments removed and cleaned Python code saved to /home/hongyu/Documents/SimBench/demo_data/camera/cleaned_truth2.py successfully.
2025-08-22 14:32:37,043 - INFO - Comments removed and cleaned Python code saved to /home/hongyu/Documents/SimBench/demo_data/camera/cleaned_truth3.py successfully.
2025-08-22 14:32:37,044 - INFO - Comments removed and cleaned Python code saved to /home/hongyu/Documents/SimBench/demo_data/particles/cleaned_truth1.py successfully.
2025-08-22 14:32:37,044 - INFO - Comments removed and cleaned Python code saved to /home/hongyu/Documents/SimBench/demo_data/particles/cleaned_truth2.py successfully.
2025-08-22 14:32:37,044 - INFO - Comments removed and cleaned Python code saved to /home/hongyu/Documents/SimBench/demo_data/particles/cleaned_truth3.py successfully.
2025-08-22 14:32:37,044 - INFO - Comments removed and cleaned Python code saved to /home/hongyu/Documents/SimBench/demo_data/kraz/cleaned_truth1.py successfully.
2025-08-22 14:32:37,044 - INFO - Comments removed and cleaned Python code saved to /home/hongyu/Documents/SimBench/demo_data/kraz/cleaned_truth2.py successfully.
2025-08-22 14:32:37,044 - INFO - Comments removed and cleaned Python code saved to /home/hongyu/Documents/SimBench/demo_data/kraz/cleaned_truth3.py successfully.
2025-08-22 14:32:37,044 - INFO - Comments removed and cleaned Python code saved to /home/hongyu/Documents/SimBench/demo_data/m113/cleaned_truth1.py successfully.
2025-08-22 14:32:37,044 - INFO - Comments removed and cleaned Python code saved to /home/hongyu/Documents/SimBench/demo_data/m113/cleaned_truth2.py successfully.
2025-08-22 14:32:37,044 - INFO - Comments removed and cleaned Python code saved to /home/hongyu/Documents/SimBench/demo_data/m113/cleaned_truth3.py successfully.
2025-08-22 14:32:37,044 - ERROR - An unexpected error occurred: [Errno 20] Not a directory: '/home/hongyu/Documents/SimBench/demo_data/extraction_message.txt/truth1.py'
2025-08-22 14:32:37,044 - ERROR - An unexpected error occurred: [Errno 20] Not a directory: '/home/hongyu/Documents/SimBench/demo_data/extraction_message.txt/truth2.py'
2025-08-22 14:32:37,044 - ERROR - An unexpected error occurred: [Errno 20] Not a directory: '/home/hongyu/Documents/SimBench/demo_data/extraction_message.txt/truth3.py'
2025-08-22 14:32:37,044 - INFO - Comments removed and cleaned Python code saved to /home/hongyu/Documents/SimBench/demo_data/tablecloth/cleaned_truth1.py successfully.
2025-08-22 14:32:37,044 - INFO - Comments removed and cleaned Python code saved to /home/hongyu/Documents/SimBench/demo_data/tablecloth/cleaned_truth2.py successfully.
2025-08-22 14:32:37,045 - INFO - Comments removed and cleaned Python code saved to /home/hongyu/Documents/SimBench/demo_data/tablecloth/cleaned_truth3.py successfully.
2025-08-22 14:32:37,045 - INFO - Comments removed and cleaned Python code saved to /home/hongyu/Documents/SimBench/demo_data/rotor/cleaned_truth1.py successfully.
2025-08-22 14:32:37,045 - INFO - Comments removed and cleaned Python code saved to /home/hongyu/Documents/SimBench/demo_data/rotor/cleaned_truth2.py successfully.
2025-08-22 14:32:37,045 - INFO - Comments removed and cleaned Python code saved to /home/hongyu/Documents/SimBench/demo_data/rotor/cleaned_truth3.py successfully.
2025-08-22 14:32:37,045 - INFO - Comments removed and cleaned Python code saved to /home/hongyu/Documents/SimBench/demo_data/scm_hill/cleaned_truth1.py successfully.
2025-08-22 14:32:37,045 - INFO - Comments removed and cleaned Python code saved to /home/hongyu/Documents/SimBench/demo_data/scm_hill/cleaned_truth2.py successfully.
2025-08-22 14:32:37,045 - INFO - Comments removed and cleaned Python code saved to /home/hongyu/Documents/SimBench/demo_data/scm_hill/cleaned_truth3.py successfully.
2025-08-22 14:32:37,045 - INFO - Comments removed and cleaned Python code saved to /home/hongyu/Documents/SimBench/demo_data/viper/cleaned_truth1.py successfully.
2025-08-22 14:32:37,045 - INFO - Comments removed and cleaned Python code saved to /home/hongyu/Documents/SimBench/demo_data/viper/cleaned_truth2.py successfully.
2025-08-22 14:32:37,045 - INFO - Comments removed and cleaned Python code saved to /home/hongyu/Documents/SimBench/demo_data/viper/cleaned_truth3.py successfully.
2025-08-22 14:32:37,045 - INFO - Comments removed and cleaned Python code saved to /home/hongyu/Documents/SimBench/demo_data/buckling/cleaned_truth1.py successfully.
2025-08-22 14:32:37,045 - INFO - Comments removed and cleaned Python code saved to /home/hongyu/Documents/SimBench/demo_data/buckling/cleaned_truth2.py successfully.
2025-08-22 14:32:37,046 - INFO - Comments removed and cleaned Python code saved to /home/hongyu/Documents/SimBench/demo_data/buckling/cleaned_truth3.py successfully.
2025-08-22 14:32:37,046 - INFO - Comments removed and cleaned Python code saved to /home/hongyu/Documents/SimBench/demo_data/slider_crank/cleaned_truth1.py successfully.
2025-08-22 14:32:37,046 - INFO - Comments removed and cleaned Python code saved to /home/hongyu/Documents/SimBench/demo_data/slider_crank/cleaned_truth2.py successfully.
2025-08-22 14:32:37,046 - INFO - Comments removed and cleaned Python code saved to /home/hongyu/Documents/SimBench/demo_data/slider_crank/cleaned_truth3.py successfully.
2025-08-22 14:32:37,046 - INFO - Comments removed and cleaned Python code saved to /home/hongyu/Documents/SimBench/demo_data/turtlebot/cleaned_truth1.py successfully.
2025-08-22 14:32:37,046 - INFO - Comments removed and cleaned Python code saved to /home/hongyu/Documents/SimBench/demo_data/turtlebot/cleaned_truth2.py successfully.
2025-08-22 14:32:37,046 - INFO - Comments removed and cleaned Python code saved to /home/hongyu/Documents/SimBench/demo_data/turtlebot/cleaned_truth3.py successfully.
2025-08-22 14:32:37,046 - INFO - Comments removed and cleaned Python code saved to /home/hongyu/Documents/SimBench/demo_data/rigid_multipatches/cleaned_truth1.py successfully.
2025-08-22 14:32:37,046 - INFO - Comments removed and cleaned Python code saved to /home/hongyu/Documents/SimBench/demo_data/rigid_multipatches/cleaned_truth2.py successfully.
2025-08-22 14:32:37,046 - INFO - Comments removed and cleaned Python code saved to /home/hongyu/Documents/SimBench/demo_data/rigid_multipatches/cleaned_truth3.py successfully.
2025-08-22 14:32:37,046 - INFO - Comments removed and cleaned Python code saved to /home/hongyu/Documents/SimBench/demo_data/cable/cleaned_truth1.py successfully.
2025-08-22 14:32:37,046 - INFO - Comments removed and cleaned Python code saved to /home/hongyu/Documents/SimBench/demo_data/cable/cleaned_truth2.py successfully.
2025-08-22 14:32:37,046 - INFO - Comments removed and cleaned Python code saved to /home/hongyu/Documents/SimBench/demo_data/cable/cleaned_truth3.py successfully.
2025-08-22 14:32:37,047 - INFO - Comments removed and cleaned Python code saved to /home/hongyu/Documents/SimBench/demo_data/hmmwv/cleaned_truth1.py successfully.
2025-08-22 14:32:37,047 - INFO - Comments removed and cleaned Python code saved to /home/hongyu/Documents/SimBench/demo_data/hmmwv/cleaned_truth2.py successfully.
2025-08-22 14:32:37,047 - INFO - Comments removed and cleaned Python code saved to /home/hongyu/Documents/SimBench/demo_data/hmmwv/cleaned_truth3.py successfully.
2025-08-22 14:32:37,047 - INFO - Comments removed and cleaned Python code saved to /home/hongyu/Documents/SimBench/demo_data/handler/cleaned_truth1.py successfully.
2025-08-22 14:32:37,047 - INFO - Comments removed and cleaned Python code saved to /home/hongyu/Documents/SimBench/demo_data/handler/cleaned_truth2.py successfully.
2025-08-22 14:32:37,047 - INFO - Comments removed and cleaned Python code saved to /home/hongyu/Documents/SimBench/demo_data/handler/cleaned_truth3.py successfully.
2025-08-22 14:32:37,047 - INFO - Comments removed and cleaned Python code saved to /home/hongyu/Documents/SimBench/demo_data/lidar/cleaned_truth1.py successfully.
2025-08-22 14:32:37,047 - INFO - Comments removed and cleaned Python code saved to /home/hongyu/Documents/SimBench/demo_data/lidar/cleaned_truth2.py successfully.
2025-08-22 14:32:37,047 - INFO - Comments removed and cleaned Python code saved to /home/hongyu/Documents/SimBench/demo_data/lidar/cleaned_truth3.py successfully.
2025-08-22 18:07:59,496 - INFO - Comments removed and cleaned Python code saved to /home/hongyu/Documents/SimBench/demo_data/gator/cleaned_truth1.py successfully.
2025-08-22 18:07:59,496 - INFO - Comments removed and cleaned Python code saved to /home/hongyu/Documents/SimBench/demo_data/gator/cleaned_truth2.py successfully.
2025-08-22 18:07:59,496 - INFO - Comments removed and cleaned Python code saved to /home/hongyu/Documents/SimBench/demo_data/gator/cleaned_truth3.py successfully.
2025-08-22 18:07:59,496 - INFO - Comments removed and cleaned Python code saved to /home/hongyu/Documents/SimBench/demo_data/gear/cleaned_truth1.py successfully.
2025-08-22 18:07:59,496 - INFO - Comments removed and cleaned Python code saved to /home/hongyu/Documents/SimBench/demo_data/gear/cleaned_truth2.py successfully.
2025-08-22 18:07:59,496 - INFO - Comments removed and cleaned Python code saved to /home/hongyu/Documents/SimBench/demo_data/gear/cleaned_truth3.py successfully.
2025-08-22 18:07:59,496 - INFO - Comments removed and cleaned Python code saved to /home/hongyu/Documents/SimBench/demo_data/feda/cleaned_truth1.py successfully.
2025-08-22 18:07:59,496 - INFO - Comments removed and cleaned Python code saved to /home/hongyu/Documents/SimBench/demo_data/feda/cleaned_truth2.py successfully.
2025-08-22 18:07:59,497 - INFO - Comments removed and cleaned Python code saved to /home/hongyu/Documents/SimBench/demo_data/feda/cleaned_truth3.py successfully.
2025-08-22 18:07:59,497 - INFO - Comments removed and cleaned Python code saved to /home/hongyu/Documents/SimBench/demo_data/man/cleaned_truth1.py successfully.
2025-08-22 18:07:59,497 - INFO - Comments removed and cleaned Python code saved to /home/hongyu/Documents/SimBench/demo_data/man/cleaned_truth2.py successfully.
2025-08-22 18:07:59,497 - INFO - Comments removed and cleaned Python code saved to /home/hongyu/Documents/SimBench/demo_data/man/cleaned_truth3.py successfully.
2025-08-22 18:07:59,497 - INFO - Comments removed and cleaned Python code saved to /home/hongyu/Documents/SimBench/demo_data/art/cleaned_truth1.py successfully.
2025-08-22 18:07:59,497 - INFO - Comments removed and cleaned Python code saved to /home/hongyu/Documents/SimBench/demo_data/art/cleaned_truth2.py successfully.
2025-08-22 18:07:59,497 - INFO - Comments removed and cleaned Python code saved to /home/hongyu/Documents/SimBench/demo_data/art/cleaned_truth3.py successfully.
2025-08-22 18:07:59,498 - INFO - Comments removed and cleaned Python code saved to /home/hongyu/Documents/SimBench/demo_data/vehros/cleaned_truth1.py successfully.
2025-08-22 18:07:59,498 - INFO - Comments removed and cleaned Python code saved to /home/hongyu/Documents/SimBench/demo_data/vehros/cleaned_truth2.py successfully.
2025-08-22 18:07:59,498 - INFO - Comments removed and cleaned Python code saved to /home/hongyu/Documents/SimBench/demo_data/vehros/cleaned_truth3.py successfully.
2025-08-22 18:07:59,498 - INFO - Comments removed and cleaned Python code saved to /home/hongyu/Documents/SimBench/demo_data/pendulum/cleaned_truth1.py successfully.
2025-08-22 18:07:59,498 - INFO - Comments removed and cleaned Python code saved to /home/hongyu/Documents/SimBench/demo_data/pendulum/cleaned_truth2.py successfully.
2025-08-22 18:07:59,498 - INFO - Comments removed and cleaned Python code saved to /home/hongyu/Documents/SimBench/demo_data/pendulum/cleaned_truth3.py successfully.
2025-08-22 18:07:59,498 - INFO - Comments removed and cleaned Python code saved to /home/hongyu/Documents/SimBench/demo_data/rigid_highway/cleaned_truth1.py successfully.
2025-08-22 18:07:59,498 - INFO - Comments removed and cleaned Python code saved to /home/hongyu/Documents/SimBench/demo_data/rigid_highway/cleaned_truth2.py successfully.
2025-08-22 18:07:59,498 - INFO - Comments removed and cleaned Python code saved to /home/hongyu/Documents/SimBench/demo_data/rigid_highway/cleaned_truth3.py successfully.
2025-08-22 18:07:59,498 - INFO - Comments removed and cleaned Python code saved to /home/hongyu/Documents/SimBench/demo_data/curiosity/cleaned_truth1.py successfully.
2025-08-22 18:07:59,498 - INFO - Comments removed and cleaned Python code saved to /home/hongyu/Documents/SimBench/demo_data/curiosity/cleaned_truth2.py successfully.
2025-08-22 18:07:59,498 - INFO - Comments removed and cleaned Python code saved to /home/hongyu/Documents/SimBench/demo_data/curiosity/cleaned_truth3.py successfully.
2025-08-22 18:07:59,498 - INFO - Comments removed and cleaned Python code saved to /home/hongyu/Documents/SimBench/demo_data/gps_imu/cleaned_truth1.py successfully.
2025-08-22 18:07:59,498 - INFO - Comments removed and cleaned Python code saved to /home/hongyu/Documents/SimBench/demo_data/gps_imu/cleaned_truth2.py successfully.
2025-08-22 18:07:59,499 - INFO - Comments removed and cleaned Python code saved to /home/hongyu/Documents/SimBench/demo_data/gps_imu/cleaned_truth3.py successfully.
2025-08-22 18:07:59,499 - INFO - Comments removed and cleaned Python code saved to /home/hongyu/Documents/SimBench/demo_data/mass_spring_damper/cleaned_truth1.py successfully.
2025-08-22 18:07:59,499 - INFO - Comments removed and cleaned Python code saved to /home/hongyu/Documents/SimBench/demo_data/mass_spring_damper/cleaned_truth2.py successfully.
2025-08-22 18:07:59,499 - INFO - Comments removed and cleaned Python code saved to /home/hongyu/Documents/SimBench/demo_data/mass_spring_damper/cleaned_truth3.py successfully.
2025-08-22 18:07:59,499 - INFO - Comments removed and cleaned Python code saved to /home/hongyu/Documents/SimBench/demo_data/uazbus/cleaned_truth1.py successfully.
2025-08-22 18:07:59,499 - INFO - Comments removed and cleaned Python code saved to /home/hongyu/Documents/SimBench/demo_data/uazbus/cleaned_truth2.py successfully.
2025-08-22 18:07:59,499 - INFO - Comments removed and cleaned Python code saved to /home/hongyu/Documents/SimBench/demo_data/uazbus/cleaned_truth3.py successfully.
2025-08-22 18:07:59,499 - INFO - Comments removed and cleaned Python code saved to /home/hongyu/Documents/SimBench/demo_data/scm/cleaned_truth1.py successfully.
2025-08-22 18:07:59,499 - INFO - Comments removed and cleaned Python code saved to /home/hongyu/Documents/SimBench/demo_data/scm/cleaned_truth2.py successfully.
2025-08-22 18:07:59,499 - INFO - Comments removed and cleaned Python code saved to /home/hongyu/Documents/SimBench/demo_data/scm/cleaned_truth3.py successfully.
2025-08-22 18:07:59,499 - INFO - Comments removed and cleaned Python code saved to /home/hongyu/Documents/SimBench/demo_data/veh_app/cleaned_truth1.py successfully.
2025-08-22 18:07:59,499 - INFO - Comments removed and cleaned Python code saved to /home/hongyu/Documents/SimBench/demo_data/veh_app/cleaned_truth2.py successfully.
2025-08-22 18:07:59,499 - INFO - Comments removed and cleaned Python code saved to /home/hongyu/Documents/SimBench/demo_data/veh_app/cleaned_truth3.py successfully.
2025-08-22 18:07:59,500 - INFO - Comments removed and cleaned Python code saved to /home/hongyu/Documents/SimBench/demo_data/sedan/cleaned_truth1.py successfully.
2025-08-22 18:07:59,500 - INFO - Comments removed and cleaned Python code saved to /home/hongyu/Documents/SimBench/demo_data/sedan/cleaned_truth2.py successfully.
2025-08-22 18:07:59,500 - INFO - Comments removed and cleaned Python code saved to /home/hongyu/Documents/SimBench/demo_data/sedan/cleaned_truth3.py successfully.
2025-08-22 18:07:59,500 - INFO - Comments removed and cleaned Python code saved to /home/hongyu/Documents/SimBench/demo_data/citybus/cleaned_truth1.py successfully.
2025-08-22 18:07:59,500 - INFO - Comments removed and cleaned Python code saved to /home/hongyu/Documents/SimBench/demo_data/citybus/cleaned_truth2.py successfully.
2025-08-22 18:07:59,500 - INFO - Comments removed and cleaned Python code saved to /home/hongyu/Documents/SimBench/demo_data/citybus/cleaned_truth3.py successfully.
2025-08-22 18:07:59,500 - INFO - Comments removed and cleaned Python code saved to /home/hongyu/Documents/SimBench/demo_data/beam/cleaned_truth1.py successfully.
2025-08-22 18:07:59,500 - INFO - Comments removed and cleaned Python code saved to /home/hongyu/Documents/SimBench/demo_data/beam/cleaned_truth2.py successfully.
2025-08-22 18:07:59,500 - INFO - Comments removed and cleaned Python code saved to /home/hongyu/Documents/SimBench/demo_data/beam/cleaned_truth3.py successfully.
2025-08-22 18:07:59,500 - INFO - Comments removed and cleaned Python code saved to /home/hongyu/Documents/SimBench/demo_data/sensros/cleaned_truth1.py successfully.
2025-08-22 18:07:59,500 - INFO - Comments removed and cleaned Python code saved to /home/hongyu/Documents/SimBench/demo_data/sensros/cleaned_truth2.py successfully.
2025-08-22 18:07:59,500 - INFO - Comments removed and cleaned Python code saved to /home/hongyu/Documents/SimBench/demo_data/sensros/cleaned_truth3.py successfully.
2025-08-22 18:07:59,500 - INFO - Comments removed and cleaned Python code saved to /home/hongyu/Documents/SimBench/demo_data/camera/cleaned_truth1.py successfully.
2025-08-22 18:07:59,501 - INFO - Comments removed and cleaned Python code saved to /home/hongyu/Documents/SimBench/demo_data/camera/cleaned_truth2.py successfully.
2025-08-22 18:07:59,501 - INFO - Comments removed and cleaned Python code saved to /home/hongyu/Documents/SimBench/demo_data/camera/cleaned_truth3.py successfully.
2025-08-22 18:07:59,501 - INFO - Comments removed and cleaned Python code saved to /home/hongyu/Documents/SimBench/demo_data/particles/cleaned_truth1.py successfully.
2025-08-22 18:07:59,501 - INFO - Comments removed and cleaned Python code saved to /home/hongyu/Documents/SimBench/demo_data/particles/cleaned_truth2.py successfully.
2025-08-22 18:07:59,501 - INFO - Comments removed and cleaned Python code saved to /home/hongyu/Documents/SimBench/demo_data/particles/cleaned_truth3.py successfully.
2025-08-22 18:07:59,501 - INFO - Comments removed and cleaned Python code saved to /home/hongyu/Documents/SimBench/demo_data/kraz/cleaned_truth1.py successfully.
2025-08-22 18:07:59,501 - INFO - Comments removed and cleaned Python code saved to /home/hongyu/Documents/SimBench/demo_data/kraz/cleaned_truth2.py successfully.
2025-08-22 18:07:59,501 - INFO - Comments removed and cleaned Python code saved to /home/hongyu/Documents/SimBench/demo_data/kraz/cleaned_truth3.py successfully.
2025-08-22 18:07:59,501 - INFO - Comments removed and cleaned Python code saved to /home/hongyu/Documents/SimBench/demo_data/m113/cleaned_truth1.py successfully.
2025-08-22 18:07:59,501 - INFO - Comments removed and cleaned Python code saved to /home/hongyu/Documents/SimBench/demo_data/m113/cleaned_truth2.py successfully.
2025-08-22 18:07:59,501 - INFO - Comments removed and cleaned Python code saved to /home/hongyu/Documents/SimBench/demo_data/m113/cleaned_truth3.py successfully.
2025-08-22 18:07:59,501 - INFO - Comments removed and cleaned Python code saved to /home/hongyu/Documents/SimBench/demo_data/tablecloth/cleaned_truth1.py successfully.
2025-08-22 18:07:59,501 - INFO - Comments removed and cleaned Python code saved to /home/hongyu/Documents/SimBench/demo_data/tablecloth/cleaned_truth2.py successfully.
2025-08-22 18:07:59,502 - INFO - Comments removed and cleaned Python code saved to /home/hongyu/Documents/SimBench/demo_data/tablecloth/cleaned_truth3.py successfully.
2025-08-22 18:07:59,502 - INFO - Comments removed and cleaned Python code saved to /home/hongyu/Documents/SimBench/demo_data/rotor/cleaned_truth1.py successfully.
2025-08-22 18:07:59,502 - INFO - Comments removed and cleaned Python code saved to /home/hongyu/Documents/SimBench/demo_data/rotor/cleaned_truth2.py successfully.
2025-08-22 18:07:59,502 - INFO - Comments removed and cleaned Python code saved to /home/hongyu/Documents/SimBench/demo_data/rotor/cleaned_truth3.py successfully.
2025-08-22 18:07:59,502 - INFO - Comments removed and cleaned Python code saved to /home/hongyu/Documents/SimBench/demo_data/scm_hill/cleaned_truth1.py successfully.
2025-08-22 18:07:59,502 - INFO - Comments removed and cleaned Python code saved to /home/hongyu/Documents/SimBench/demo_data/scm_hill/cleaned_truth2.py successfully.
2025-08-22 18:07:59,502 - INFO - Comments removed and cleaned Python code saved to /home/hongyu/Documents/SimBench/demo_data/scm_hill/cleaned_truth3.py successfully.
2025-08-22 18:07:59,502 - INFO - Comments removed and cleaned Python code saved to /home/hongyu/Documents/SimBench/demo_data/viper/cleaned_truth1.py successfully.
2025-08-22 18:07:59,502 - INFO - Comments removed and cleaned Python code saved to /home/hongyu/Documents/SimBench/demo_data/viper/cleaned_truth2.py successfully.
2025-08-22 18:07:59,502 - INFO - Comments removed and cleaned Python code saved to /home/hongyu/Documents/SimBench/demo_data/viper/cleaned_truth3.py successfully.
2025-08-22 18:07:59,502 - INFO - Comments removed and cleaned Python code saved to /home/hongyu/Documents/SimBench/demo_data/buckling/cleaned_truth1.py successfully.
2025-08-22 18:07:59,502 - INFO - Comments removed and cleaned Python code saved to /home/hongyu/Documents/SimBench/demo_data/buckling/cleaned_truth2.py successfully.
2025-08-22 18:07:59,502 - INFO - Comments removed and cleaned Python code saved to /home/hongyu/Documents/SimBench/demo_data/buckling/cleaned_truth3.py successfully.
2025-08-22 18:07:59,503 - INFO - Comments removed and cleaned Python code saved to /home/hongyu/Documents/SimBench/demo_data/slider_crank/cleaned_truth1.py successfully.
2025-08-22 18:07:59,503 - INFO - Comments removed and cleaned Python code saved to /home/hongyu/Documents/SimBench/demo_data/slider_crank/cleaned_truth2.py successfully.
2025-08-22 18:07:59,503 - INFO - Comments removed and cleaned Python code saved to /home/hongyu/Documents/SimBench/demo_data/slider_crank/cleaned_truth3.py successfully.
2025-08-22 18:07:59,503 - INFO - Comments removed and cleaned Python code saved to /home/hongyu/Documents/SimBench/demo_data/turtlebot/cleaned_truth1.py successfully.
2025-08-22 18:07:59,503 - INFO - Comments removed and cleaned Python code saved to /home/hongyu/Documents/SimBench/demo_data/turtlebot/cleaned_truth2.py successfully.
2025-08-22 18:07:59,503 - INFO - Comments removed and cleaned Python code saved to /home/hongyu/Documents/SimBench/demo_data/turtlebot/cleaned_truth3.py successfully.
2025-08-22 18:07:59,503 - INFO - Comments removed and cleaned Python code saved to /home/hongyu/Documents/SimBench/demo_data/rigid_multipatches/cleaned_truth1.py successfully.
2025-08-22 18:07:59,503 - INFO - Comments removed and cleaned Python code saved to /home/hongyu/Documents/SimBench/demo_data/rigid_multipatches/cleaned_truth2.py successfully.
2025-08-22 18:07:59,503 - INFO - Comments removed and cleaned Python code saved to /home/hongyu/Documents/SimBench/demo_data/rigid_multipatches/cleaned_truth3.py successfully.
2025-08-22 18:07:59,503 - INFO - Comments removed and cleaned Python code saved to /home/hongyu/Documents/SimBench/demo_data/cable/cleaned_truth1.py successfully.
2025-08-22 18:07:59,503 - INFO - Comments removed and cleaned Python code saved to /home/hongyu/Documents/SimBench/demo_data/cable/cleaned_truth2.py successfully.
2025-08-22 18:07:59,503 - INFO - Comments removed and cleaned Python code saved to /home/hongyu/Documents/SimBench/demo_data/cable/cleaned_truth3.py successfully.
2025-08-22 18:07:59,503 - INFO - Comments removed and cleaned Python code saved to /home/hongyu/Documents/SimBench/demo_data/hmmwv/cleaned_truth1.py successfully.
2025-08-22 18:07:59,504 - INFO - Comments removed and cleaned Python code saved to /home/hongyu/Documents/SimBench/demo_data/hmmwv/cleaned_truth2.py successfully.
2025-08-22 18:07:59,504 - INFO - Comments removed and cleaned Python code saved to /home/hongyu/Documents/SimBench/demo_data/hmmwv/cleaned_truth3.py successfully.
2025-08-22 18:07:59,504 - INFO - Comments removed and cleaned Python code saved to /home/hongyu/Documents/SimBench/demo_data/handler/cleaned_truth1.py successfully.
2025-08-22 18:07:59,504 - INFO - Comments removed and cleaned Python code saved to /home/hongyu/Documents/SimBench/demo_data/handler/cleaned_truth2.py successfully.
2025-08-22 18:07:59,504 - INFO - Comments removed and cleaned Python code saved to /home/hongyu/Documents/SimBench/demo_data/handler/cleaned_truth3.py successfully.
2025-08-22 18:07:59,504 - INFO - Comments removed and cleaned Python code saved to /home/hongyu/Documents/SimBench/demo_data/lidar/cleaned_truth1.py successfully.
2025-08-22 18:07:59,504 - INFO - Comments removed and cleaned Python code saved to /home/hongyu/Documents/SimBench/demo_data/lidar/cleaned_truth2.py successfully.
2025-08-22 18:07:59,504 - INFO - Comments removed and cleaned Python code saved to /home/hongyu/Documents/SimBench/demo_data/lidar/cleaned_truth3.py successfully.
2025-08-24 14:38:16,201 - INFO - Comments removed and cleaned Python code saved to /home/hongyu/Documents/SimBench/demo_data/gator/cleaned_truth1.py successfully.
2025-08-24 14:38:16,201 - INFO - Comments removed and cleaned Python code saved to /home/hongyu/Documents/SimBench/demo_data/gator/cleaned_truth2.py successfully.
2025-08-24 14:38:16,201 - INFO - Comments removed and cleaned Python code saved to /home/hongyu/Documents/SimBench/demo_data/gator/cleaned_truth3.py successfully.
2025-08-24 14:38:16,201 - INFO - Comments removed and cleaned Python code saved to /home/hongyu/Documents/SimBench/demo_data/gear/cleaned_truth1.py successfully.
2025-08-24 14:38:16,201 - INFO - Comments removed and cleaned Python code saved to /home/hongyu/Documents/SimBench/demo_data/gear/cleaned_truth2.py successfully.
2025-08-24 14:38:16,201 - INFO - Comments removed and cleaned Python code saved to /home/hongyu/Documents/SimBench/demo_data/gear/cleaned_truth3.py successfully.
2025-08-24 14:38:16,202 - INFO - Comments removed and cleaned Python code saved to /home/hongyu/Documents/SimBench/demo_data/feda/cleaned_truth1.py successfully.
2025-08-24 14:38:16,202 - INFO - Comments removed and cleaned Python code saved to /home/hongyu/Documents/SimBench/demo_data/feda/cleaned_truth2.py successfully.
2025-08-24 14:38:16,202 - INFO - Comments removed and cleaned Python code saved to /home/hongyu/Documents/SimBench/demo_data/feda/cleaned_truth3.py successfully.
2025-08-24 14:38:16,202 - INFO - Comments removed and cleaned Python code saved to /home/hongyu/Documents/SimBench/demo_data/man/cleaned_truth1.py successfully.
2025-08-24 14:38:16,202 - INFO - Comments removed and cleaned Python code saved to /home/hongyu/Documents/SimBench/demo_data/man/cleaned_truth2.py successfully.
2025-08-24 14:38:16,202 - INFO - Comments removed and cleaned Python code saved to /home/hongyu/Documents/SimBench/demo_data/man/cleaned_truth3.py successfully.
2025-08-24 14:38:16,202 - INFO - Comments removed and cleaned Python code saved to /home/hongyu/Documents/SimBench/demo_data/art/cleaned_truth1.py successfully.
2025-08-24 14:38:16,202 - INFO - Comments removed and cleaned Python code saved to /home/hongyu/Documents/SimBench/demo_data/art/cleaned_truth2.py successfully.
2025-08-24 14:38:16,202 - INFO - Comments removed and cleaned Python code saved to /home/hongyu/Documents/SimBench/demo_data/art/cleaned_truth3.py successfully.
2025-08-24 14:38:16,203 - INFO - Comments removed and cleaned Python code saved to /home/hongyu/Documents/SimBench/demo_data/vehros/cleaned_truth1.py successfully.
2025-08-24 14:38:16,203 - INFO - Comments removed and cleaned Python code saved to /home/hongyu/Documents/SimBench/demo_data/vehros/cleaned_truth2.py successfully.
2025-08-24 14:38:16,203 - INFO - Comments removed and cleaned Python code saved to /home/hongyu/Documents/SimBench/demo_data/vehros/cleaned_truth3.py successfully.
2025-08-24 14:38:16,203 - INFO - Comments removed and cleaned Python code saved to /home/hongyu/Documents/SimBench/demo_data/pendulum/cleaned_truth1.py successfully.
2025-08-24 14:38:16,203 - INFO - Comments removed and cleaned Python code saved to /home/hongyu/Documents/SimBench/demo_data/pendulum/cleaned_truth2.py successfully.
2025-08-24 14:38:16,203 - INFO - Comments removed and cleaned Python code saved to /home/hongyu/Documents/SimBench/demo_data/pendulum/cleaned_truth3.py successfully.
2025-08-24 14:38:16,203 - INFO - Comments removed and cleaned Python code saved to /home/hongyu/Documents/SimBench/demo_data/rigid_highway/cleaned_truth1.py successfully.
2025-08-24 14:38:16,203 - INFO - Comments removed and cleaned Python code saved to /home/hongyu/Documents/SimBench/demo_data/rigid_highway/cleaned_truth2.py successfully.
2025-08-24 14:38:16,203 - INFO - Comments removed and cleaned Python code saved to /home/hongyu/Documents/SimBench/demo_data/rigid_highway/cleaned_truth3.py successfully.
2025-08-24 14:38:16,203 - INFO - Comments removed and cleaned Python code saved to /home/hongyu/Documents/SimBench/demo_data/curiosity/cleaned_truth1.py successfully.
2025-08-24 14:38:16,203 - INFO - Comments removed and cleaned Python code saved to /home/hongyu/Documents/SimBench/demo_data/curiosity/cleaned_truth2.py successfully.
2025-08-24 14:38:16,204 - INFO - Comments removed and cleaned Python code saved to /home/hongyu/Documents/SimBench/demo_data/curiosity/cleaned_truth3.py successfully.
2025-08-24 14:38:16,204 - INFO - Comments removed and cleaned Python code saved to /home/hongyu/Documents/SimBench/demo_data/gps_imu/cleaned_truth1.py successfully.
2025-08-24 14:38:16,204 - INFO - Comments removed and cleaned Python code saved to /home/hongyu/Documents/SimBench/demo_data/gps_imu/cleaned_truth2.py successfully.
2025-08-24 14:38:16,204 - INFO - Comments removed and cleaned Python code saved to /home/hongyu/Documents/SimBench/demo_data/gps_imu/cleaned_truth3.py successfully.
2025-08-24 14:38:16,204 - INFO - Comments removed and cleaned Python code saved to /home/hongyu/Documents/SimBench/demo_data/mass_spring_damper/cleaned_truth1.py successfully.
2025-08-24 14:38:16,204 - INFO - Comments removed and cleaned Python code saved to /home/hongyu/Documents/SimBench/demo_data/mass_spring_damper/cleaned_truth2.py successfully.
2025-08-24 14:38:16,204 - INFO - Comments removed and cleaned Python code saved to /home/hongyu/Documents/SimBench/demo_data/mass_spring_damper/cleaned_truth3.py successfully.
2025-08-24 14:38:16,204 - INFO - Comments removed and cleaned Python code saved to /home/hongyu/Documents/SimBench/demo_data/uazbus/cleaned_truth1.py successfully.
2025-08-24 14:38:16,204 - INFO - Comments removed and cleaned Python code saved to /home/hongyu/Documents/SimBench/demo_data/uazbus/cleaned_truth2.py successfully.
2025-08-24 14:38:16,204 - INFO - Comments removed and cleaned Python code saved to /home/hongyu/Documents/SimBench/demo_data/uazbus/cleaned_truth3.py successfully.
2025-08-24 14:38:16,204 - INFO - Comments removed and cleaned Python code saved to /home/hongyu/Documents/SimBench/demo_data/scm/cleaned_truth1.py successfully.
2025-08-24 14:38:16,204 - INFO - Comments removed and cleaned Python code saved to /home/hongyu/Documents/SimBench/demo_data/scm/cleaned_truth2.py successfully.
2025-08-24 14:38:16,204 - INFO - Comments removed and cleaned Python code saved to /home/hongyu/Documents/SimBench/demo_data/scm/cleaned_truth3.py successfully.
2025-08-24 14:38:16,205 - INFO - Comments removed and cleaned Python code saved to /home/hongyu/Documents/SimBench/demo_data/veh_app/cleaned_truth1.py successfully.
2025-08-24 14:38:16,205 - INFO - Comments removed and cleaned Python code saved to /home/hongyu/Documents/SimBench/demo_data/veh_app/cleaned_truth2.py successfully.
2025-08-24 14:38:16,205 - INFO - Comments removed and cleaned Python code saved to /home/hongyu/Documents/SimBench/demo_data/veh_app/cleaned_truth3.py successfully.
2025-08-24 14:38:16,205 - INFO - Comments removed and cleaned Python code saved to /home/hongyu/Documents/SimBench/demo_data/sedan/cleaned_truth1.py successfully.
2025-08-24 14:38:16,205 - INFO - Comments removed and cleaned Python code saved to /home/hongyu/Documents/SimBench/demo_data/sedan/cleaned_truth2.py successfully.
2025-08-24 14:38:16,205 - INFO - Comments removed and cleaned Python code saved to /home/hongyu/Documents/SimBench/demo_data/sedan/cleaned_truth3.py successfully.
2025-08-24 14:38:16,205 - INFO - Comments removed and cleaned Python code saved to /home/hongyu/Documents/SimBench/demo_data/citybus/cleaned_truth1.py successfully.
2025-08-24 14:38:16,205 - INFO - Comments removed and cleaned Python code saved to /home/hongyu/Documents/SimBench/demo_data/citybus/cleaned_truth2.py successfully.
2025-08-24 14:38:16,205 - INFO - Comments removed and cleaned Python code saved to /home/hongyu/Documents/SimBench/demo_data/citybus/cleaned_truth3.py successfully.
2025-08-24 14:38:16,205 - INFO - Comments removed and cleaned Python code saved to /home/hongyu/Documents/SimBench/demo_data/beam/cleaned_truth1.py successfully.
2025-08-24 14:38:16,205 - INFO - Comments removed and cleaned Python code saved to /home/hongyu/Documents/SimBench/demo_data/beam/cleaned_truth2.py successfully.
2025-08-24 14:38:16,205 - INFO - Comments removed and cleaned Python code saved to /home/hongyu/Documents/SimBench/demo_data/beam/cleaned_truth3.py successfully.
2025-08-24 14:38:16,205 - INFO - Comments removed and cleaned Python code saved to /home/hongyu/Documents/SimBench/demo_data/sensros/cleaned_truth1.py successfully.
2025-08-24 14:38:16,205 - INFO - Comments removed and cleaned Python code saved to /home/hongyu/Documents/SimBench/demo_data/sensros/cleaned_truth2.py successfully.
2025-08-24 14:38:16,206 - INFO - Comments removed and cleaned Python code saved to /home/hongyu/Documents/SimBench/demo_data/sensros/cleaned_truth3.py successfully.
2025-08-24 14:38:16,206 - INFO - Comments removed and cleaned Python code saved to /home/hongyu/Documents/SimBench/demo_data/camera/cleaned_truth1.py successfully.
2025-08-24 14:38:16,206 - INFO - Comments removed and cleaned Python code saved to /home/hongyu/Documents/SimBench/demo_data/camera/cleaned_truth2.py successfully.
2025-08-24 14:38:16,206 - INFO - Comments removed and cleaned Python code saved to /home/hongyu/Documents/SimBench/demo_data/camera/cleaned_truth3.py successfully.
2025-08-24 14:38:16,206 - INFO - Comments removed and cleaned Python code saved to /home/hongyu/Documents/SimBench/demo_data/particles/cleaned_truth1.py successfully.
2025-08-24 14:38:16,206 - INFO - Comments removed and cleaned Python code saved to /home/hongyu/Documents/SimBench/demo_data/particles/cleaned_truth2.py successfully.
2025-08-24 14:38:16,206 - INFO - Comments removed and cleaned Python code saved to /home/hongyu/Documents/SimBench/demo_data/particles/cleaned_truth3.py successfully.
2025-08-24 14:38:16,206 - INFO - Comments removed and cleaned Python code saved to /home/hongyu/Documents/SimBench/demo_data/kraz/cleaned_truth1.py successfully.
2025-08-24 14:38:16,206 - INFO - Comments removed and cleaned Python code saved to /home/hongyu/Documents/SimBench/demo_data/kraz/cleaned_truth2.py successfully.
2025-08-24 14:38:16,206 - INFO - Comments removed and cleaned Python code saved to /home/hongyu/Documents/SimBench/demo_data/kraz/cleaned_truth3.py successfully.
2025-08-24 14:38:16,206 - INFO - Comments removed and cleaned Python code saved to /home/hongyu/Documents/SimBench/demo_data/m113/cleaned_truth1.py successfully.
2025-08-24 14:38:16,206 - INFO - Comments removed and cleaned Python code saved to /home/hongyu/Documents/SimBench/demo_data/m113/cleaned_truth2.py successfully.
2025-08-24 14:38:16,206 - INFO - Comments removed and cleaned Python code saved to /home/hongyu/Documents/SimBench/demo_data/m113/cleaned_truth3.py successfully.
2025-08-24 14:38:16,206 - INFO - Comments removed and cleaned Python code saved to /home/hongyu/Documents/SimBench/demo_data/tablecloth/cleaned_truth1.py successfully.
2025-08-24 14:38:16,207 - INFO - Comments removed and cleaned Python code saved to /home/hongyu/Documents/SimBench/demo_data/tablecloth/cleaned_truth2.py successfully.
2025-08-24 14:38:16,207 - INFO - Comments removed and cleaned Python code saved to /home/hongyu/Documents/SimBench/demo_data/tablecloth/cleaned_truth3.py successfully.
2025-08-24 14:38:16,207 - INFO - Comments removed and cleaned Python code saved to /home/hongyu/Documents/SimBench/demo_data/rotor/cleaned_truth1.py successfully.
2025-08-24 14:38:16,207 - INFO - Comments removed and cleaned Python code saved to /home/hongyu/Documents/SimBench/demo_data/rotor/cleaned_truth2.py successfully.
2025-08-24 14:38:16,207 - INFO - Comments removed and cleaned Python code saved to /home/hongyu/Documents/SimBench/demo_data/rotor/cleaned_truth3.py successfully.
2025-08-24 14:38:16,207 - INFO - Comments removed and cleaned Python code saved to /home/hongyu/Documents/SimBench/demo_data/scm_hill/cleaned_truth1.py successfully.
2025-08-24 14:38:16,207 - INFO - Comments removed and cleaned Python code saved to /home/hongyu/Documents/SimBench/demo_data/scm_hill/cleaned_truth2.py successfully.
2025-08-24 14:38:16,207 - INFO - Comments removed and cleaned Python code saved to /home/hongyu/Documents/SimBench/demo_data/scm_hill/cleaned_truth3.py successfully.
2025-08-24 14:38:16,207 - INFO - Comments removed and cleaned Python code saved to /home/hongyu/Documents/SimBench/demo_data/viper/cleaned_truth1.py successfully.
2025-08-24 14:38:16,207 - INFO - Comments removed and cleaned Python code saved to /home/hongyu/Documents/SimBench/demo_data/viper/cleaned_truth2.py successfully.
2025-08-24 14:38:16,207 - INFO - Comments removed and cleaned Python code saved to /home/hongyu/Documents/SimBench/demo_data/viper/cleaned_truth3.py successfully.
2025-08-24 14:38:16,207 - INFO - Comments removed and cleaned Python code saved to /home/hongyu/Documents/SimBench/demo_data/buckling/cleaned_truth1.py successfully.
2025-08-24 14:38:16,207 - INFO - Comments removed and cleaned Python code saved to /home/hongyu/Documents/SimBench/demo_data/buckling/cleaned_truth2.py successfully.
2025-08-24 14:38:16,208 - INFO - Comments removed and cleaned Python code saved to /home/hongyu/Documents/SimBench/demo_data/buckling/cleaned_truth3.py successfully.
2025-08-24 14:38:16,208 - INFO - Comments removed and cleaned Python code saved to /home/hongyu/Documents/SimBench/demo_data/slider_crank/cleaned_truth1.py successfully.
2025-08-24 14:38:16,208 - INFO - Comments removed and cleaned Python code saved to /home/hongyu/Documents/SimBench/demo_data/slider_crank/cleaned_truth2.py successfully.
2025-08-24 14:38:16,208 - INFO - Comments removed and cleaned Python code saved to /home/hongyu/Documents/SimBench/demo_data/slider_crank/cleaned_truth3.py successfully.
2025-08-24 14:38:16,208 - INFO - Comments removed and cleaned Python code saved to /home/hongyu/Documents/SimBench/demo_data/turtlebot/cleaned_truth1.py successfully.
2025-08-24 14:38:16,208 - INFO - Comments removed and cleaned Python code saved to /home/hongyu/Documents/SimBench/demo_data/turtlebot/cleaned_truth2.py successfully.
2025-08-24 14:38:16,208 - INFO - Comments removed and cleaned Python code saved to /home/hongyu/Documents/SimBench/demo_data/turtlebot/cleaned_truth3.py successfully.
2025-08-24 14:38:16,208 - INFO - Comments removed and cleaned Python code saved to /home/hongyu/Documents/SimBench/demo_data/rigid_multipatches/cleaned_truth1.py successfully.
2025-08-24 14:38:16,208 - INFO - Comments removed and cleaned Python code saved to /home/hongyu/Documents/SimBench/demo_data/rigid_multipatches/cleaned_truth2.py successfully.
2025-08-24 14:38:16,208 - INFO - Comments removed and cleaned Python code saved to /home/hongyu/Documents/SimBench/demo_data/rigid_multipatches/cleaned_truth3.py successfully.
2025-08-24 14:38:16,208 - INFO - Comments removed and cleaned Python code saved to /home/hongyu/Documents/SimBench/demo_data/cable/cleaned_truth1.py successfully.
2025-08-24 14:38:16,208 - INFO - Comments removed and cleaned Python code saved to /home/hongyu/Documents/SimBench/demo_data/cable/cleaned_truth2.py successfully.
2025-08-24 14:38:16,208 - INFO - Comments removed and cleaned Python code saved to /home/hongyu/Documents/SimBench/demo_data/cable/cleaned_truth3.py successfully.
2025-08-24 14:38:16,208 - INFO - Comments removed and cleaned Python code saved to /home/hongyu/Documents/SimBench/demo_data/hmmwv/cleaned_truth1.py successfully.
2025-08-24 14:38:16,208 - INFO - Comments removed and cleaned Python code saved to /home/hongyu/Documents/SimBench/demo_data/hmmwv/cleaned_truth2.py successfully.
2025-08-24 14:38:16,209 - INFO - Comments removed and cleaned Python code saved to /home/hongyu/Documents/SimBench/demo_data/hmmwv/cleaned_truth3.py successfully.
2025-08-24 14:38:16,209 - INFO - Comments removed and cleaned Python code saved to /home/hongyu/Documents/SimBench/demo_data/handler/cleaned_truth1.py successfully.
2025-08-24 14:38:16,209 - INFO - Comments removed and cleaned Python code saved to /home/hongyu/Documents/SimBench/demo_data/handler/cleaned_truth2.py successfully.
2025-08-24 14:38:16,209 - INFO - Comments removed and cleaned Python code saved to /home/hongyu/Documents/SimBench/demo_data/handler/cleaned_truth3.py successfully.
2025-08-24 14:38:16,209 - INFO - Comments removed and cleaned Python code saved to /home/hongyu/Documents/SimBench/demo_data/lidar/cleaned_truth1.py successfully.
2025-08-24 14:38:16,209 - INFO - Comments removed and cleaned Python code saved to /home/hongyu/Documents/SimBench/demo_data/lidar/cleaned_truth2.py successfully.
2025-08-24 14:38:16,209 - INFO - Comments removed and cleaned Python code saved to /home/hongyu/Documents/SimBench/demo_data/lidar/cleaned_truth3.py successfully.
2025-08-24 14:38:49,936 - INFO - Comments removed and cleaned Python code saved to /home/hongyu/Documents/SimBench/demo_data/gator/cleaned_truth1.py successfully.
2025-08-24 14:38:49,937 - INFO - Comments removed and cleaned Python code saved to /home/hongyu/Documents/SimBench/demo_data/gator/cleaned_truth2.py successfully.
2025-08-24 14:38:49,937 - INFO - Comments removed and cleaned Python code saved to /home/hongyu/Documents/SimBench/demo_data/gator/cleaned_truth3.py successfully.
2025-08-24 14:38:49,937 - INFO - Comments removed and cleaned Python code saved to /home/hongyu/Documents/SimBench/demo_data/gear/cleaned_truth1.py successfully.
2025-08-24 14:38:49,937 - INFO - Comments removed and cleaned Python code saved to /home/hongyu/Documents/SimBench/demo_data/gear/cleaned_truth2.py successfully.
2025-08-24 14:38:49,937 - INFO - Comments removed and cleaned Python code saved to /home/hongyu/Documents/SimBench/demo_data/gear/cleaned_truth3.py successfully.
2025-08-24 14:38:49,937 - INFO - Comments removed and cleaned Python code saved to /home/hongyu/Documents/SimBench/demo_data/feda/cleaned_truth1.py successfully.
2025-08-24 14:38:49,937 - INFO - Comments removed and cleaned Python code saved to /home/hongyu/Documents/SimBench/demo_data/feda/cleaned_truth2.py successfully.
2025-08-24 14:38:49,937 - INFO - Comments removed and cleaned Python code saved to /home/hongyu/Documents/SimBench/demo_data/feda/cleaned_truth3.py successfully.
2025-08-24 14:38:49,937 - INFO - Comments removed and cleaned Python code saved to /home/hongyu/Documents/SimBench/demo_data/man/cleaned_truth1.py successfully.
2025-08-24 14:38:49,937 - INFO - Comments removed and cleaned Python code saved to /home/hongyu/Documents/SimBench/demo_data/man/cleaned_truth2.py successfully.
2025-08-24 14:38:49,937 - INFO - Comments removed and cleaned Python code saved to /home/hongyu/Documents/SimBench/demo_data/man/cleaned_truth3.py successfully.
2025-08-24 14:38:49,937 - INFO - Comments removed and cleaned Python code saved to /home/hongyu/Documents/SimBench/demo_data/art/cleaned_truth1.py successfully.
2025-08-24 14:38:49,938 - INFO - Comments removed and cleaned Python code saved to /home/hongyu/Documents/SimBench/demo_data/art/cleaned_truth2.py successfully.
2025-08-24 14:38:49,938 - INFO - Comments removed and cleaned Python code saved to /home/hongyu/Documents/SimBench/demo_data/art/cleaned_truth3.py successfully.
2025-08-24 14:38:49,938 - INFO - Comments removed and cleaned Python code saved to /home/hongyu/Documents/SimBench/demo_data/vehros/cleaned_truth1.py successfully.
2025-08-24 14:38:49,938 - INFO - Comments removed and cleaned Python code saved to /home/hongyu/Documents/SimBench/demo_data/vehros/cleaned_truth2.py successfully.
2025-08-24 14:38:49,938 - INFO - Comments removed and cleaned Python code saved to /home/hongyu/Documents/SimBench/demo_data/vehros/cleaned_truth3.py successfully.
2025-08-24 14:38:49,938 - INFO - Comments removed and cleaned Python code saved to /home/hongyu/Documents/SimBench/demo_data/pendulum/cleaned_truth1.py successfully.
2025-08-24 14:38:49,938 - INFO - Comments removed and cleaned Python code saved to /home/hongyu/Documents/SimBench/demo_data/pendulum/cleaned_truth2.py successfully.
2025-08-24 14:38:49,938 - INFO - Comments removed and cleaned Python code saved to /home/hongyu/Documents/SimBench/demo_data/pendulum/cleaned_truth3.py successfully.
2025-08-24 14:38:49,938 - INFO - Comments removed and cleaned Python code saved to /home/hongyu/Documents/SimBench/demo_data/rigid_highway/cleaned_truth1.py successfully.
2025-08-24 14:38:49,938 - INFO - Comments removed and cleaned Python code saved to /home/hongyu/Documents/SimBench/demo_data/rigid_highway/cleaned_truth2.py successfully.
2025-08-24 14:38:49,938 - INFO - Comments removed and cleaned Python code saved to /home/hongyu/Documents/SimBench/demo_data/rigid_highway/cleaned_truth3.py successfully.
2025-08-24 14:38:49,938 - INFO - Comments removed and cleaned Python code saved to /home/hongyu/Documents/SimBench/demo_data/curiosity/cleaned_truth1.py successfully.
2025-08-24 14:38:49,938 - INFO - Comments removed and cleaned Python code saved to /home/hongyu/Documents/SimBench/demo_data/curiosity/cleaned_truth2.py successfully.
2025-08-24 14:38:49,938 - INFO - Comments removed and cleaned Python code saved to /home/hongyu/Documents/SimBench/demo_data/curiosity/cleaned_truth3.py successfully.
2025-08-24 14:38:49,939 - INFO - Comments removed and cleaned Python code saved to /home/hongyu/Documents/SimBench/demo_data/gps_imu/cleaned_truth1.py successfully.
2025-08-24 14:38:49,939 - INFO - Comments removed and cleaned Python code saved to /home/hongyu/Documents/SimBench/demo_data/gps_imu/cleaned_truth2.py successfully.
2025-08-24 14:38:49,939 - INFO - Comments removed and cleaned Python code saved to /home/hongyu/Documents/SimBench/demo_data/gps_imu/cleaned_truth3.py successfully.
2025-08-24 14:38:49,939 - INFO - Comments removed and cleaned Python code saved to /home/hongyu/Documents/SimBench/demo_data/mass_spring_damper/cleaned_truth1.py successfully.
2025-08-24 14:38:49,939 - INFO - Comments removed and cleaned Python code saved to /home/hongyu/Documents/SimBench/demo_data/mass_spring_damper/cleaned_truth2.py successfully.
2025-08-24 14:38:49,939 - INFO - Comments removed and cleaned Python code saved to /home/hongyu/Documents/SimBench/demo_data/mass_spring_damper/cleaned_truth3.py successfully.
2025-08-24 14:38:49,939 - INFO - Comments removed and cleaned Python code saved to /home/hongyu/Documents/SimBench/demo_data/uazbus/cleaned_truth1.py successfully.
2025-08-24 14:38:49,939 - INFO - Comments removed and cleaned Python code saved to /home/hongyu/Documents/SimBench/demo_data/uazbus/cleaned_truth2.py successfully.
2025-08-24 14:38:49,939 - INFO - Comments removed and cleaned Python code saved to /home/hongyu/Documents/SimBench/demo_data/uazbus/cleaned_truth3.py successfully.
2025-08-24 14:38:49,939 - INFO - Comments removed and cleaned Python code saved to /home/hongyu/Documents/SimBench/demo_data/scm/cleaned_truth1.py successfully.
2025-08-24 14:38:49,939 - INFO - Comments removed and cleaned Python code saved to /home/hongyu/Documents/SimBench/demo_data/scm/cleaned_truth2.py successfully.
2025-08-24 14:38:49,939 - INFO - Comments removed and cleaned Python code saved to /home/hongyu/Documents/SimBench/demo_data/scm/cleaned_truth3.py successfully.
2025-08-24 14:38:49,939 - INFO - Comments removed and cleaned Python code saved to /home/hongyu/Documents/SimBench/demo_data/veh_app/cleaned_truth1.py successfully.
2025-08-24 14:38:49,940 - INFO - Comments removed and cleaned Python code saved to /home/hongyu/Documents/SimBench/demo_data/veh_app/cleaned_truth2.py successfully.
2025-08-24 14:38:49,940 - INFO - Comments removed and cleaned Python code saved to /home/hongyu/Documents/SimBench/demo_data/veh_app/cleaned_truth3.py successfully.
2025-08-24 14:38:49,940 - INFO - Comments removed and cleaned Python code saved to /home/hongyu/Documents/SimBench/demo_data/sedan/cleaned_truth1.py successfully.
2025-08-24 14:38:49,940 - INFO - Comments removed and cleaned Python code saved to /home/hongyu/Documents/SimBench/demo_data/sedan/cleaned_truth2.py successfully.
2025-08-24 14:38:49,940 - INFO - Comments removed and cleaned Python code saved to /home/hongyu/Documents/SimBench/demo_data/sedan/cleaned_truth3.py successfully.
2025-08-24 14:38:49,940 - INFO - Comments removed and cleaned Python code saved to /home/hongyu/Documents/SimBench/demo_data/citybus/cleaned_truth1.py successfully.
2025-08-24 14:38:49,940 - INFO - Comments removed and cleaned Python code saved to /home/hongyu/Documents/SimBench/demo_data/citybus/cleaned_truth2.py successfully.
2025-08-24 14:38:49,940 - INFO - Comments removed and cleaned Python code saved to /home/hongyu/Documents/SimBench/demo_data/citybus/cleaned_truth3.py successfully.
2025-08-24 14:38:49,940 - INFO - Comments removed and cleaned Python code saved to /home/hongyu/Documents/SimBench/demo_data/beam/cleaned_truth1.py successfully.
2025-08-24 14:38:49,940 - INFO - Comments removed and cleaned Python code saved to /home/hongyu/Documents/SimBench/demo_data/beam/cleaned_truth2.py successfully.
2025-08-24 14:38:49,940 - INFO - Comments removed and cleaned Python code saved to /home/hongyu/Documents/SimBench/demo_data/beam/cleaned_truth3.py successfully.
2025-08-24 14:38:49,940 - INFO - Comments removed and cleaned Python code saved to /home/hongyu/Documents/SimBench/demo_data/sensros/cleaned_truth1.py successfully.
2025-08-24 14:38:49,940 - INFO - Comments removed and cleaned Python code saved to /home/hongyu/Documents/SimBench/demo_data/sensros/cleaned_truth2.py successfully.
2025-08-24 14:38:49,940 - INFO - Comments removed and cleaned Python code saved to /home/hongyu/Documents/SimBench/demo_data/sensros/cleaned_truth3.py successfully.
2025-08-24 14:38:49,941 - INFO - Comments removed and cleaned Python code saved to /home/hongyu/Documents/SimBench/demo_data/camera/cleaned_truth1.py successfully.
2025-08-24 14:38:49,941 - INFO - Comments removed and cleaned Python code saved to /home/hongyu/Documents/SimBench/demo_data/camera/cleaned_truth2.py successfully.
2025-08-24 14:38:49,941 - INFO - Comments removed and cleaned Python code saved to /home/hongyu/Documents/SimBench/demo_data/camera/cleaned_truth3.py successfully.
2025-08-24 14:38:49,941 - INFO - Comments removed and cleaned Python code saved to /home/hongyu/Documents/SimBench/demo_data/particles/cleaned_truth1.py successfully.
2025-08-24 14:38:49,941 - INFO - Comments removed and cleaned Python code saved to /home/hongyu/Documents/SimBench/demo_data/particles/cleaned_truth2.py successfully.
2025-08-24 14:38:49,941 - INFO - Comments removed and cleaned Python code saved to /home/hongyu/Documents/SimBench/demo_data/particles/cleaned_truth3.py successfully.
2025-08-24 14:38:49,941 - INFO - Comments removed and cleaned Python code saved to /home/hongyu/Documents/SimBench/demo_data/kraz/cleaned_truth1.py successfully.
2025-08-24 14:38:49,941 - INFO - Comments removed and cleaned Python code saved to /home/hongyu/Documents/SimBench/demo_data/kraz/cleaned_truth2.py successfully.
2025-08-24 14:38:49,941 - INFO - Comments removed and cleaned Python code saved to /home/hongyu/Documents/SimBench/demo_data/kraz/cleaned_truth3.py successfully.
2025-08-24 14:38:49,941 - INFO - Comments removed and cleaned Python code saved to /home/hongyu/Documents/SimBench/demo_data/m113/cleaned_truth1.py successfully.
2025-08-24 14:38:49,941 - INFO - Comments removed and cleaned Python code saved to /home/hongyu/Documents/SimBench/demo_data/m113/cleaned_truth2.py successfully.
2025-08-24 14:38:49,941 - INFO - Comments removed and cleaned Python code saved to /home/hongyu/Documents/SimBench/demo_data/m113/cleaned_truth3.py successfully.
2025-08-24 14:38:49,941 - INFO - Comments removed and cleaned Python code saved to /home/hongyu/Documents/SimBench/demo_data/tablecloth/cleaned_truth1.py successfully.
2025-08-24 14:38:49,942 - INFO - Comments removed and cleaned Python code saved to /home/hongyu/Documents/SimBench/demo_data/tablecloth/cleaned_truth2.py successfully.
2025-08-24 14:38:49,942 - INFO - Comments removed and cleaned Python code saved to /home/hongyu/Documents/SimBench/demo_data/tablecloth/cleaned_truth3.py successfully.
2025-08-24 14:38:49,942 - INFO - Comments removed and cleaned Python code saved to /home/hongyu/Documents/SimBench/demo_data/rotor/cleaned_truth1.py successfully.
2025-08-24 14:38:49,942 - INFO - Comments removed and cleaned Python code saved to /home/hongyu/Documents/SimBench/demo_data/rotor/cleaned_truth2.py successfully.
2025-08-24 14:38:49,942 - INFO - Comments removed and cleaned Python code saved to /home/hongyu/Documents/SimBench/demo_data/rotor/cleaned_truth3.py successfully.
2025-08-24 14:38:49,942 - INFO - Comments removed and cleaned Python code saved to /home/hongyu/Documents/SimBench/demo_data/scm_hill/cleaned_truth1.py successfully.
2025-08-24 14:38:49,942 - INFO - Comments removed and cleaned Python code saved to /home/hongyu/Documents/SimBench/demo_data/scm_hill/cleaned_truth2.py successfully.
2025-08-24 14:38:49,942 - INFO - Comments removed and cleaned Python code saved to /home/hongyu/Documents/SimBench/demo_data/scm_hill/cleaned_truth3.py successfully.
2025-08-24 14:38:49,942 - INFO - Comments removed and cleaned Python code saved to /home/hongyu/Documents/SimBench/demo_data/viper/cleaned_truth1.py successfully.
2025-08-24 14:38:49,942 - INFO - Comments removed and cleaned Python code saved to /home/hongyu/Documents/SimBench/demo_data/viper/cleaned_truth2.py successfully.
2025-08-24 14:38:49,942 - INFO - Comments removed and cleaned Python code saved to /home/hongyu/Documents/SimBench/demo_data/viper/cleaned_truth3.py successfully.
2025-08-24 14:38:49,942 - INFO - Comments removed and cleaned Python code saved to /home/hongyu/Documents/SimBench/demo_data/buckling/cleaned_truth1.py successfully.
2025-08-24 14:38:49,942 - INFO - Comments removed and cleaned Python code saved to /home/hongyu/Documents/SimBench/demo_data/buckling/cleaned_truth2.py successfully.
2025-08-24 14:38:49,943 - INFO - Comments removed and cleaned Python code saved to /home/hongyu/Documents/SimBench/demo_data/buckling/cleaned_truth3.py successfully.
2025-08-24 14:38:49,943 - INFO - Comments removed and cleaned Python code saved to /home/hongyu/Documents/SimBench/demo_data/slider_crank/cleaned_truth1.py successfully.
2025-08-24 14:38:49,943 - INFO - Comments removed and cleaned Python code saved to /home/hongyu/Documents/SimBench/demo_data/slider_crank/cleaned_truth2.py successfully.
2025-08-24 14:38:49,943 - INFO - Comments removed and cleaned Python code saved to /home/hongyu/Documents/SimBench/demo_data/slider_crank/cleaned_truth3.py successfully.
2025-08-24 14:38:49,943 - INFO - Comments removed and cleaned Python code saved to /home/hongyu/Documents/SimBench/demo_data/turtlebot/cleaned_truth1.py successfully.
2025-08-24 14:38:49,943 - INFO - Comments removed and cleaned Python code saved to /home/hongyu/Documents/SimBench/demo_data/turtlebot/cleaned_truth2.py successfully.
2025-08-24 14:38:49,943 - INFO - Comments removed and cleaned Python code saved to /home/hongyu/Documents/SimBench/demo_data/turtlebot/cleaned_truth3.py successfully.
2025-08-24 14:38:49,943 - INFO - Comments removed and cleaned Python code saved to /home/hongyu/Documents/SimBench/demo_data/rigid_multipatches/cleaned_truth1.py successfully.
2025-08-24 14:38:49,943 - INFO - Comments removed and cleaned Python code saved to /home/hongyu/Documents/SimBench/demo_data/rigid_multipatches/cleaned_truth2.py successfully.
2025-08-24 14:38:49,943 - INFO - Comments removed and cleaned Python code saved to /home/hongyu/Documents/SimBench/demo_data/rigid_multipatches/cleaned_truth3.py successfully.
2025-08-24 14:38:49,943 - INFO - Comments removed and cleaned Python code saved to /home/hongyu/Documents/SimBench/demo_data/cable/cleaned_truth1.py successfully.
2025-08-24 14:38:49,943 - INFO - Comments removed and cleaned Python code saved to /home/hongyu/Documents/SimBench/demo_data/cable/cleaned_truth2.py successfully.
2025-08-24 14:38:49,943 - INFO - Comments removed and cleaned Python code saved to /home/hongyu/Documents/SimBench/demo_data/cable/cleaned_truth3.py successfully.
2025-08-24 14:38:49,943 - INFO - Comments removed and cleaned Python code saved to /home/hongyu/Documents/SimBench/demo_data/hmmwv/cleaned_truth1.py successfully.
2025-08-24 14:38:49,944 - INFO - Comments removed and cleaned Python code saved to /home/hongyu/Documents/SimBench/demo_data/hmmwv/cleaned_truth2.py successfully.
2025-08-24 14:38:49,944 - INFO - Comments removed and cleaned Python code saved to /home/hongyu/Documents/SimBench/demo_data/hmmwv/cleaned_truth3.py successfully.
2025-08-24 14:38:49,944 - INFO - Comments removed and cleaned Python code saved to /home/hongyu/Documents/SimBench/demo_data/handler/cleaned_truth1.py successfully.
2025-08-24 14:38:49,944 - INFO - Comments removed and cleaned Python code saved to /home/hongyu/Documents/SimBench/demo_data/handler/cleaned_truth2.py successfully.
2025-08-24 14:38:49,944 - INFO - Comments removed and cleaned Python code saved to /home/hongyu/Documents/SimBench/demo_data/handler/cleaned_truth3.py successfully.
2025-08-24 14:38:49,944 - INFO - Comments removed and cleaned Python code saved to /home/hongyu/Documents/SimBench/demo_data/lidar/cleaned_truth1.py successfully.
2025-08-24 14:38:49,944 - INFO - Comments removed and cleaned Python code saved to /home/hongyu/Documents/SimBench/demo_data/lidar/cleaned_truth2.py successfully.
2025-08-24 14:38:49,944 - INFO - Comments removed and cleaned Python code saved to /home/hongyu/Documents/SimBench/demo_data/lidar/cleaned_truth3.py successfully.
