File Path,Format Type,Score,Original Text
llama3.3-70b-lora1/scm/third_score_reference.txt,standard,34,[[34]]
llama3.3-70b-lora1/scm/third_score_reference_document.txt,standard,53,[[53]]
llama3.3-70b-lora1/scm/first_score_document.txt,standard,56,[[56]]
llama3.3-70b-lora1/scm/first_score_reference.txt,standard,58,[[58]]
llama3.3-70b-lora1/scm/second_score_reference.txt,standard,100,[[100]]
llama3.3-70b-lora1/scm/first_score_reference_document.txt,standard,32,[[32]]
llama3.3-70b-lora1/scm/second_score_reference_document.txt,standard,47,[[47]]
llama3.3-70b-lora1/scm/second_score_document.txt,standard,79,[[79]]
llama3.3-70b-lora1/scm/third_score_document.txt,standard,41,[[41]]
llama3.3-70b-lora1/citybus/third_score_reference.txt,standard,63,[[63]]
llama3.3-70b-lora1/citybus/third_score_reference_document.txt,standard,63,[[63]]
llama3.3-70b-lora1/citybus/first_score_document.txt,standard,38,[[38]]
llama3.3-70b-lora1/citybus/first_score_reference.txt,standard,17,[[17]]
llama3.3-70b-lora1/citybus/second_score_reference.txt,standard,80,[[80]]
llama3.3-70b-lora1/citybus/first_score_reference_document.txt,standard,38,[[38]]
llama3.3-70b-lora1/citybus/second_score_reference_document.txt,standard,62,[[62]]
llama3.3-70b-lora1/citybus/second_score_document.txt,standard,7,[[7]]
llama3.3-70b-lora1/citybus/third_score_document.txt,standard,69,[[69]]
llama3.3-70b-lora1/gps_imu/third_score_reference.txt,standard,100,[[100]]
llama3.3-70b-lora1/gps_imu/third_score_reference_document.txt,standard,70,[[70]]
llama3.3-70b-lora1/gps_imu/first_score_document.txt,standard,33,[[33]]
llama3.3-70b-lora1/gps_imu/first_score_reference.txt,standard,12,[[12]]
llama3.3-70b-lora1/gps_imu/second_score_reference.txt,standard,27,[[27]]
llama3.3-70b-lora1/gps_imu/first_score_reference_document.txt,standard,24,[[24]]
llama3.3-70b-lora1/gps_imu/second_score_reference_document.txt,standard,58,[[58]]
llama3.3-70b-lora1/gps_imu/second_score_document.txt,standard,34,[[34]]
llama3.3-70b-lora1/gps_imu/third_score_document.txt,standard,80,[[80]]
llama3.3-70b-lora1/rotor/third_score_reference.txt,standard,84,[[84]]
llama3.3-70b-lora1/rotor/third_score_reference_document.txt,standard,70,[[70]]
llama3.3-70b-lora1/rotor/first_score_document.txt,standard,95,[[95]]
llama3.3-70b-lora1/rotor/first_score_reference.txt,standard,33,[[33]]
llama3.3-70b-lora1/rotor/second_score_reference.txt,standard,98,[[98]]
llama3.3-70b-lora1/rotor/first_score_reference_document.txt,standard,52,[[52]]
llama3.3-70b-lora1/rotor/second_score_reference_document.txt,standard,69,[[69]]
llama3.3-70b-lora1/rotor/second_score_document.txt,standard,68,[[68]]
llama3.3-70b-lora1/rotor/third_score_document.txt,standard,63,[[63]]
llama3.3-70b-lora1/rigid_multipatches/third_score_reference.txt,standard,67,[[67]]
llama3.3-70b-lora1/rigid_multipatches/third_score_reference_document.txt,standard,75,[[75]]
llama3.3-70b-lora1/rigid_multipatches/first_score_document.txt,standard,15,[[15]]
llama3.3-70b-lora1/rigid_multipatches/first_score_reference.txt,standard,64,[[64]]
llama3.3-70b-lora1/rigid_multipatches/second_score_reference.txt,standard,82,[[82]]
llama3.3-70b-lora1/rigid_multipatches/first_score_reference_document.txt,standard,42,[[42]]
llama3.3-70b-lora1/rigid_multipatches/second_score_reference_document.txt,standard,58,[[58]]
llama3.3-70b-lora1/rigid_multipatches/second_score_document.txt,standard,30,[[30]]
llama3.3-70b-lora1/rigid_multipatches/third_score_document.txt,standard,44,[[44]]
llama3.3-70b-lora1/cable/third_score_reference.txt,standard,82,[[82]]
llama3.3-70b-lora1/cable/third_score_reference_document.txt,standard,76,[[76]]
llama3.3-70b-lora1/cable/first_score_document.txt,standard,13,[[13]]
llama3.3-70b-lora1/cable/first_score_reference.txt,standard,53,[[53]]
llama3.3-70b-lora1/cable/second_score_reference.txt,standard,92,[[92]]
llama3.3-70b-lora1/cable/first_score_reference_document.txt,standard,45,[[45]]
llama3.3-70b-lora1/cable/second_score_reference_document.txt,standard,95,[[95]]
llama3.3-70b-lora1/cable/second_score_document.txt,standard,72,[[72]]
llama3.3-70b-lora1/cable/third_score_document.txt,standard,12,[[12]]
llama3.3-70b-lora1/sensros/third_score_reference.txt,standard,98,[[98]]
llama3.3-70b-lora1/sensros/third_score_reference_document.txt,standard,53,[[53]]
llama3.3-70b-lora1/sensros/first_score_document.txt,standard,13,[[13]]
llama3.3-70b-lora1/sensros/first_score_reference.txt,standard,48,[[48]]
llama3.3-70b-lora1/sensros/second_score_reference.txt,standard,68,[[68]]
llama3.3-70b-lora1/sensros/first_score_reference_document.txt,standard,15,[[15]]
llama3.3-70b-lora1/sensros/second_score_reference_document.txt,standard,50,[[50]]
llama3.3-70b-lora1/sensros/second_score_document.txt,standard,43,[[43]]
llama3.3-70b-lora1/sensros/third_score_document.txt,standard,6,[[6]]
llama3.3-70b-lora1/scm_hill/third_score_reference.txt,standard,40,[[40]]
llama3.3-70b-lora1/scm_hill/third_score_reference_document.txt,standard,15,[[15]]
llama3.3-70b-lora1/scm_hill/first_score_document.txt,standard,14,[[14]]
llama3.3-70b-lora1/scm_hill/first_score_reference.txt,standard,54,[[54]]
llama3.3-70b-lora1/scm_hill/second_score_reference.txt,standard,16,[[16]]
llama3.3-70b-lora1/scm_hill/first_score_reference_document.txt,standard,38,[[38]]
llama3.3-70b-lora1/scm_hill/second_score_reference_document.txt,standard,12,[[12]]
llama3.3-70b-lora1/scm_hill/second_score_document.txt,standard,27,[[27]]
llama3.3-70b-lora1/scm_hill/third_score_document.txt,standard,23,[[23]]
llama3.3-70b-lora1/veh_app/third_score_reference.txt,standard,67,[[67]]
llama3.3-70b-lora1/veh_app/third_score_reference_document.txt,standard,42,[[42]]
llama3.3-70b-lora1/veh_app/first_score_document.txt,standard,33,[[33]]
llama3.3-70b-lora1/veh_app/first_score_reference.txt,standard,25,[[25]]
llama3.3-70b-lora1/veh_app/second_score_reference.txt,standard,8,[[8]]
llama3.3-70b-lora1/veh_app/first_score_reference_document.txt,standard,4,[[4]]
llama3.3-70b-lora1/veh_app/second_score_reference_document.txt,standard,17,[[17]]
llama3.3-70b-lora1/veh_app/second_score_document.txt,standard,78,[[78]]
llama3.3-70b-lora1/veh_app/third_score_document.txt,standard,None,[[0]]
llama3.3-70b-lora1/gear/third_score_reference.txt,standard,7,[[7]]
llama3.3-70b-lora1/gear/third_score_reference_document.txt,standard,10,[[10]]
llama3.3-70b-lora1/gear/first_score_document.txt,standard,62,[[62]]
llama3.3-70b-lora1/gear/first_score_reference.txt,standard,42,[[42]]
llama3.3-70b-lora1/gear/second_score_reference.txt,standard,100,[[100]]
llama3.3-70b-lora1/gear/first_score_reference_document.txt,standard,15,[[15]]
llama3.3-70b-lora1/gear/second_score_reference_document.txt,standard,27,[[27]]
llama3.3-70b-lora1/gear/second_score_document.txt,standard,68,[[68]]
llama3.3-70b-lora1/gear/third_score_document.txt,standard,23,[[23]]
llama3.3-70b-lora1/art/third_score_reference.txt,standard,75,[[75]]
llama3.3-70b-lora1/art/third_score_reference_document.txt,standard,19,[[19]]
llama3.3-70b-lora1/art/first_score_document.txt,standard,77,[[77]]
llama3.3-70b-lora1/art/first_score_reference.txt,standard,59,[[59]]
llama3.3-70b-lora1/art/second_score_reference.txt,standard,75,[[75]]
llama3.3-70b-lora1/art/first_score_reference_document.txt,standard,52,[[52]]
llama3.3-70b-lora1/art/second_score_reference_document.txt,standard,27,[[27]]
llama3.3-70b-lora1/art/second_score_document.txt,standard,40,[[40]]
llama3.3-70b-lora1/art/third_score_document.txt,standard,66,[[66]]
llama3.3-70b-lora1/man/third_score_reference.txt,standard,51,[[51]]
llama3.3-70b-lora1/man/third_score_reference_document.txt,standard,55,[[55]]
llama3.3-70b-lora1/man/first_score_document.txt,standard,22,[[22]]
llama3.3-70b-lora1/man/first_score_reference.txt,standard,48,[[48]]
llama3.3-70b-lora1/man/second_score_reference.txt,standard,63,[[63]]
llama3.3-70b-lora1/man/first_score_reference_document.txt,standard,34,[[34]]
llama3.3-70b-lora1/man/second_score_reference_document.txt,standard,20,[[20]]
llama3.3-70b-lora1/man/second_score_document.txt,standard,33,[[33]]
llama3.3-70b-lora1/man/third_score_document.txt,standard,72,[[72]]
llama3.3-70b-lora1/curiosity/third_score_reference.txt,standard,67,[[67]]
llama3.3-70b-lora1/curiosity/third_score_reference_document.txt,standard,72,[[72]]
llama3.3-70b-lora1/curiosity/first_score_document.txt,standard,58,[[58]]
llama3.3-70b-lora1/curiosity/first_score_reference.txt,standard,66,[[66]]
llama3.3-70b-lora1/curiosity/second_score_reference.txt,standard,83,[[83]]
llama3.3-70b-lora1/curiosity/first_score_reference_document.txt,standard,8,[[8]]
llama3.3-70b-lora1/curiosity/second_score_reference_document.txt,standard,67,[[67]]
llama3.3-70b-lora1/curiosity/second_score_document.txt,standard,75,[[75]]
llama3.3-70b-lora1/curiosity/third_score_document.txt,standard,37,[[37]]
llama3.3-70b-lora1/vehros/third_score_reference.txt,standard,63,[[63]]
llama3.3-70b-lora1/vehros/third_score_reference_document.txt,standard,26,[[26]]
llama3.3-70b-lora1/vehros/first_score_document.txt,standard,70,[[70]]
llama3.3-70b-lora1/vehros/first_score_reference.txt,standard,49,[[49]]
llama3.3-70b-lora1/vehros/second_score_reference.txt,standard,89,[[89]]
llama3.3-70b-lora1/vehros/first_score_reference_document.txt,standard,37,[[37]]
llama3.3-70b-lora1/vehros/second_score_reference_document.txt,standard,56,[[56]]
llama3.3-70b-lora1/vehros/second_score_document.txt,standard,80,[[80]]
llama3.3-70b-lora1/vehros/third_score_document.txt,standard,27,[[27]]
llama3.3-70b-lora1/uazbus/third_score_reference.txt,standard,47,[[47]]
llama3.3-70b-lora1/uazbus/third_score_reference_document.txt,standard,32,[[32]]
llama3.3-70b-lora1/uazbus/first_score_document.txt,standard,72,[[72]]
llama3.3-70b-lora1/uazbus/first_score_reference.txt,standard,19,[[19]]
llama3.3-70b-lora1/uazbus/second_score_reference.txt,standard,25,[[25]]
llama3.3-70b-lora1/uazbus/first_score_reference_document.txt,standard,51,[[51]]
llama3.3-70b-lora1/uazbus/second_score_reference_document.txt,standard,58,[[58]]
llama3.3-70b-lora1/uazbus/second_score_document.txt,standard,76,[[76]]
llama3.3-70b-lora1/uazbus/third_score_document.txt,standard,19,[[19]]
llama3.3-70b-lora1/handler/third_score_reference.txt,standard,83,[[83]]
llama3.3-70b-lora1/handler/third_score_reference_document.txt,standard,73,[[73]]
llama3.3-70b-lora1/handler/first_score_document.txt,standard,22,[[22]]
llama3.3-70b-lora1/handler/first_score_reference.txt,standard,55,[[55]]
llama3.3-70b-lora1/handler/second_score_reference.txt,standard,100,[[100]]
llama3.3-70b-lora1/handler/first_score_reference_document.txt,standard,None,[[0]]
llama3.3-70b-lora1/handler/second_score_reference_document.txt,standard,75,[[75]]
llama3.3-70b-lora1/handler/second_score_document.txt,standard,75,[[75]]
llama3.3-70b-lora1/handler/third_score_document.txt,standard,70,[[70]]
llama3.3-70b-lora1/beam/third_score_reference.txt,standard,80,[[80]]
llama3.3-70b-lora1/beam/third_score_reference_document.txt,standard,93,[[93]]
llama3.3-70b-lora1/beam/first_score_document.txt,standard,7,[[7]]
llama3.3-70b-lora1/beam/first_score_reference.txt,standard,57,[[57]]
llama3.3-70b-lora1/beam/second_score_reference.txt,standard,64,[[64]]
llama3.3-70b-lora1/beam/first_score_reference_document.txt,standard,57,[[57]]
llama3.3-70b-lora1/beam/second_score_reference_document.txt,standard,72,[[72]]
llama3.3-70b-lora1/beam/second_score_document.txt,standard,74,[[74]]
llama3.3-70b-lora1/beam/third_score_document.txt,standard,41,[[41]]
llama3.3-70b-lora1/particles/third_score_reference.txt,standard,97,[[97]]
llama3.3-70b-lora1/particles/third_score_reference_document.txt,standard,50,[[50]]
llama3.3-70b-lora1/particles/first_score_document.txt,standard,25,[[25]]
llama3.3-70b-lora1/particles/first_score_reference.txt,standard,17,[[17]]
llama3.3-70b-lora1/particles/second_score_reference.txt,standard,95,[[95]]
llama3.3-70b-lora1/particles/first_score_reference_document.txt,standard,44,[[44]]
llama3.3-70b-lora1/particles/second_score_reference_document.txt,standard,57,[[57]]
llama3.3-70b-lora1/particles/second_score_document.txt,standard,69,[[69]]
llama3.3-70b-lora1/particles/third_score_document.txt,standard,30,[[30]]
llama3.3-70b-lora1/m113/third_score_reference.txt,standard,83,[[83]]
llama3.3-70b-lora1/m113/third_score_reference_document.txt,standard,60,[[60]]
llama3.3-70b-lora1/m113/first_score_document.txt,standard,67,[[67]]
llama3.3-70b-lora1/m113/first_score_reference.txt,standard,67,[[67]]
llama3.3-70b-lora1/m113/second_score_reference.txt,standard,27,[[27]]
llama3.3-70b-lora1/m113/first_score_reference_document.txt,standard,14,[[14]]
llama3.3-70b-lora1/m113/second_score_reference_document.txt,standard,15,[[15]]
llama3.3-70b-lora1/m113/second_score_document.txt,standard,77,[[77]]
llama3.3-70b-lora1/m113/third_score_document.txt,standard,70,[[70]]
llama3.3-70b-lora1/sedan/third_score_reference.txt,standard,70,[[70]]
llama3.3-70b-lora1/sedan/third_score_reference_document.txt,standard,34,[[34]]
llama3.3-70b-lora1/sedan/first_score_document.txt,standard,5,[[5]]
llama3.3-70b-lora1/sedan/first_score_reference.txt,standard,56,[[56]]
llama3.3-70b-lora1/sedan/second_score_reference.txt,standard,40,[[40]]
llama3.3-70b-lora1/sedan/first_score_reference_document.txt,standard,29,[[29]]
llama3.3-70b-lora1/sedan/second_score_reference_document.txt,standard,54,[[54]]
llama3.3-70b-lora1/sedan/second_score_document.txt,standard,83,[[83]]
llama3.3-70b-lora1/sedan/third_score_document.txt,standard,89,[[89]]
llama3.3-70b-lora1/viper/third_score_reference.txt,standard,19,[[19]]
llama3.3-70b-lora1/viper/third_score_reference_document.txt,standard,52,[[52]]
llama3.3-70b-lora1/viper/first_score_document.txt,standard,49,[[49]]
llama3.3-70b-lora1/viper/first_score_reference.txt,standard,41,[[41]]
llama3.3-70b-lora1/viper/second_score_reference.txt,standard,38,[[38]]
llama3.3-70b-lora1/viper/first_score_reference_document.txt,standard,7,[[7]]
llama3.3-70b-lora1/viper/second_score_reference_document.txt,standard,87,[[87]]
llama3.3-70b-lora1/viper/second_score_document.txt,standard,78,[[78]]
llama3.3-70b-lora1/viper/third_score_document.txt,standard,22,[[22]]
llama3.3-70b-lora1/lidar/third_score_reference.txt,standard,55,[[55]]
llama3.3-70b-lora1/lidar/third_score_reference_document.txt,standard,None,[[0]]
llama3.3-70b-lora1/lidar/first_score_document.txt,standard,None,[[0]]
llama3.3-70b-lora1/lidar/first_score_reference.txt,standard,2,[[2]]
llama3.3-70b-lora1/lidar/second_score_reference.txt,standard,12,[[12]]
llama3.3-70b-lora1/lidar/first_score_reference_document.txt,standard,51,[[51]]
llama3.3-70b-lora1/lidar/second_score_reference_document.txt,standard,47,[[47]]
llama3.3-70b-lora1/lidar/second_score_document.txt,standard,4,[[4]]
llama3.3-70b-lora1/lidar/third_score_document.txt,standard,6,[[6]]
llama3.3-70b-lora1/rigid_highway/third_score_reference.txt,standard,40,[[40]]
llama3.3-70b-lora1/rigid_highway/third_score_reference_document.txt,standard,30,[[30]]
llama3.3-70b-lora1/rigid_highway/first_score_document.txt,standard,None,[[0]]
llama3.3-70b-lora1/rigid_highway/first_score_reference.txt,standard,20,[[20]]
llama3.3-70b-lora1/rigid_highway/second_score_reference.txt,standard,83,[[83]]
llama3.3-70b-lora1/rigid_highway/first_score_reference_document.txt,standard,49,[[49]]
llama3.3-70b-lora1/rigid_highway/second_score_reference_document.txt,standard,63,[[63]]
llama3.3-70b-lora1/rigid_highway/second_score_document.txt,standard,92,[[92]]
llama3.3-70b-lora1/rigid_highway/third_score_document.txt,standard,80,[[80]]
llama3.3-70b-lora1/pendulum/third_score_reference.txt,standard,72,[[72]]
llama3.3-70b-lora1/pendulum/third_score_reference_document.txt,standard,65,[[65]]
llama3.3-70b-lora1/pendulum/first_score_document.txt,standard,2,[[2]]
llama3.3-70b-lora1/pendulum/first_score_reference.txt,standard,34,[[34]]
llama3.3-70b-lora1/pendulum/second_score_reference.txt,standard,61,[[61]]
llama3.3-70b-lora1/pendulum/first_score_reference_document.txt,standard,None,[[0]]
llama3.3-70b-lora1/pendulum/second_score_reference_document.txt,standard,55,[[55]]
llama3.3-70b-lora1/pendulum/second_score_document.txt,standard,9,[[9]]
llama3.3-70b-lora1/pendulum/third_score_document.txt,standard,65,[[65]]
llama3.3-70b-lora1/hmmwv/third_score_reference.txt,standard,83,[[83]]
llama3.3-70b-lora1/hmmwv/third_score_reference_document.txt,standard,30,[[30]]
llama3.3-70b-lora1/hmmwv/first_score_document.txt,standard,33,[[33]]
llama3.3-70b-lora1/hmmwv/first_score_reference.txt,standard,58,[[58]]
llama3.3-70b-lora1/hmmwv/second_score_reference.txt,standard,None,[[0]]
llama3.3-70b-lora1/hmmwv/first_score_reference_document.txt,standard,60,[[60]]
llama3.3-70b-lora1/hmmwv/second_score_reference_document.txt,standard,21,[[21]]
llama3.3-70b-lora1/hmmwv/second_score_document.txt,standard,27,[[27]]
llama3.3-70b-lora1/hmmwv/third_score_document.txt,standard,71,[[71]]
llama3.3-70b-lora1/turtlebot/third_score_reference.txt,standard,55,[[55]]
llama3.3-70b-lora1/turtlebot/third_score_reference_document.txt,standard,45,[[45]]
llama3.3-70b-lora1/turtlebot/first_score_document.txt,standard,37,[[37]]
llama3.3-70b-lora1/turtlebot/first_score_reference.txt,standard,49,[[49]]
llama3.3-70b-lora1/turtlebot/second_score_reference.txt,standard,24,[[24]]
llama3.3-70b-lora1/turtlebot/first_score_reference_document.txt,standard,12,[[12]]
llama3.3-70b-lora1/turtlebot/second_score_reference_document.txt,standard,30,[[30]]
llama3.3-70b-lora1/turtlebot/second_score_document.txt,standard,70,[[70]]
llama3.3-70b-lora1/turtlebot/third_score_document.txt,standard,36,[[36]]
llama3.3-70b-lora1/mass_spring_damper/third_score_reference.txt,standard,62,[[62]]
llama3.3-70b-lora1/mass_spring_damper/third_score_reference_document.txt,standard,66,[[66]]
llama3.3-70b-lora1/mass_spring_damper/first_score_document.txt,standard,15,[[15]]
llama3.3-70b-lora1/mass_spring_damper/first_score_reference.txt,standard,25,[[25]]
llama3.3-70b-lora1/mass_spring_damper/second_score_reference.txt,standard,57,[[57]]
llama3.3-70b-lora1/mass_spring_damper/first_score_reference_document.txt,standard,29,[[29]]
llama3.3-70b-lora1/mass_spring_damper/second_score_reference_document.txt,standard,63,[[63]]
llama3.3-70b-lora1/mass_spring_damper/second_score_document.txt,standard,37,[[37]]
llama3.3-70b-lora1/mass_spring_damper/third_score_document.txt,standard,82,[[82]]
llama3.3-70b-lora1/tablecloth/third_score_reference.txt,standard,41,[[41]]
llama3.3-70b-lora1/tablecloth/third_score_reference_document.txt,standard,20,[[20]]
llama3.3-70b-lora1/tablecloth/first_score_document.txt,standard,55,[[55]]
llama3.3-70b-lora1/tablecloth/first_score_reference.txt,standard,35,[[35]]
llama3.3-70b-lora1/tablecloth/second_score_reference.txt,standard,71,[[71]]
llama3.3-70b-lora1/tablecloth/first_score_reference_document.txt,standard,13,[[13]]
llama3.3-70b-lora1/tablecloth/second_score_reference_document.txt,standard,72,[[72]]
llama3.3-70b-lora1/tablecloth/second_score_document.txt,standard,29,[[29]]
llama3.3-70b-lora1/tablecloth/third_score_document.txt,standard,15,[[15]]
llama3.3-70b-lora1/kraz/third_score_reference.txt,standard,33,[[33]]
llama3.3-70b-lora1/kraz/third_score_reference_document.txt,standard,29,[[29]]
llama3.3-70b-lora1/kraz/first_score_document.txt,standard,47,[[47]]
llama3.3-70b-lora1/kraz/first_score_reference.txt,standard,74,[[74]]
llama3.3-70b-lora1/kraz/second_score_reference.txt,standard,77,[[77]]
llama3.3-70b-lora1/kraz/first_score_reference_document.txt,standard,51,[[51]]
llama3.3-70b-lora1/kraz/second_score_reference_document.txt,standard,37,[[37]]
llama3.3-70b-lora1/kraz/second_score_document.txt,standard,58,[[58]]
llama3.3-70b-lora1/kraz/third_score_document.txt,standard,66,[[66]]
llama3.3-70b-lora1/camera/third_score_reference.txt,standard,44,[[44]]
llama3.3-70b-lora1/camera/third_score_reference_document.txt,standard,30,[[30]]
llama3.3-70b-lora1/camera/first_score_document.txt,standard,55,[[55]]
llama3.3-70b-lora1/camera/first_score_reference.txt,standard,40,[[40]]
llama3.3-70b-lora1/camera/second_score_reference.txt,standard,79,[[79]]
llama3.3-70b-lora1/camera/first_score_reference_document.txt,standard,19,[[19]]
llama3.3-70b-lora1/camera/second_score_reference_document.txt,standard,44,[[44]]
llama3.3-70b-lora1/camera/second_score_document.txt,standard,51,[[51]]
llama3.3-70b-lora1/camera/third_score_document.txt,standard,63,[[63]]
llama3.3-70b-lora1/buckling/third_score_reference.txt,standard,39,[[39]]
llama3.3-70b-lora1/buckling/third_score_reference_document.txt,standard,7,[[7]]
llama3.3-70b-lora1/buckling/first_score_document.txt,standard,28,[[28]]
llama3.3-70b-lora1/buckling/first_score_reference.txt,standard,10,[[10]]
llama3.3-70b-lora1/buckling/second_score_reference.txt,standard,30,[[30]]
llama3.3-70b-lora1/buckling/first_score_reference_document.txt,standard,4,[[4]]
llama3.3-70b-lora1/buckling/second_score_reference_document.txt,standard,20,[[20]]
llama3.3-70b-lora1/buckling/second_score_document.txt,standard,60,[[60]]
llama3.3-70b-lora1/buckling/third_score_document.txt,standard,75,[[75]]
llama3.3-70b-lora1/gator/third_score_reference.txt,standard,25,[[25]]
llama3.3-70b-lora1/gator/third_score_reference_document.txt,standard,20,[[20]]
llama3.3-70b-lora1/gator/first_score_document.txt,standard,12,[[12]]
llama3.3-70b-lora1/gator/first_score_reference.txt,standard,71,[[71]]
llama3.3-70b-lora1/gator/second_score_reference.txt,standard,78,[[78]]
llama3.3-70b-lora1/gator/first_score_reference_document.txt,standard,52,[[52]]
llama3.3-70b-lora1/gator/second_score_reference_document.txt,standard,24,[[24]]
llama3.3-70b-lora1/gator/second_score_document.txt,standard,15,[[15]]
llama3.3-70b-lora1/gator/third_score_document.txt,standard,76,[[76]]
llama3.3-70b-lora1/slider_crank/third_score_reference.txt,standard,62,[[62]]
llama3.3-70b-lora1/slider_crank/third_score_reference_document.txt,standard,58,[[58]]
llama3.3-70b-lora1/slider_crank/first_score_document.txt,standard,16,[[16]]
llama3.3-70b-lora1/slider_crank/first_score_reference.txt,standard,2,[[2]]
llama3.3-70b-lora1/slider_crank/second_score_reference.txt,standard,80,[[80]]
llama3.3-70b-lora1/slider_crank/first_score_reference_document.txt,standard,7,[[7]]
llama3.3-70b-lora1/slider_crank/second_score_reference_document.txt,standard,75,[[75]]
llama3.3-70b-lora1/slider_crank/second_score_document.txt,standard,68,[[68]]
llama3.3-70b-lora1/slider_crank/third_score_document.txt,standard,29,[[29]]
llama3.3-70b-lora1/feda/third_score_reference.txt,standard,64,[[64]]
llama3.3-70b-lora1/feda/third_score_reference_document.txt,standard,59,[[59]]
llama3.3-70b-lora1/feda/first_score_document.txt,standard,10,[[10]]
llama3.3-70b-lora1/feda/first_score_reference.txt,standard,53,[[53]]
llama3.3-70b-lora1/feda/second_score_reference.txt,standard,36,[[36]]
llama3.3-70b-lora1/feda/first_score_reference_document.txt,standard,2,[[2]]
llama3.3-70b-lora1/feda/second_score_reference_document.txt,standard,57,[[57]]
llama3.3-70b-lora1/feda/second_score_document.txt,standard,None,[[0]]
llama3.3-70b-lora1/feda/third_score_document.txt,standard,48,[[48]]
deepseek-r1-32b/scm/third_score_reference.txt,standard,68,[[68]]
deepseek-r1-32b/scm/third_score_reference_document.txt,standard,37,[[37]]
deepseek-r1-32b/scm/first_score_document.txt,standard,43,[[43]]
deepseek-r1-32b/scm/first_score_reference.txt,standard,14,[[14]]
deepseek-r1-32b/scm/second_score_reference.txt,standard,72,[[72]]
deepseek-r1-32b/scm/first_score_reference_document.txt,standard,6,[[6]]
deepseek-r1-32b/scm/second_score_reference_document.txt,standard,39,[[39]]
deepseek-r1-32b/scm/second_score_document.txt,standard,62,[[62]]
deepseek-r1-32b/scm/third_score_document.txt,standard,43,[[43]]
deepseek-r1-32b/citybus/third_score_reference.txt,standard,25,[[25]]
deepseek-r1-32b/citybus/third_score_reference_document.txt,standard,62,[[62]]
deepseek-r1-32b/citybus/first_score_document.txt,standard,30,[[30]]
deepseek-r1-32b/citybus/first_score_reference.txt,standard,11,[[11]]
deepseek-r1-32b/citybus/second_score_reference.txt,standard,78,[[78]]
deepseek-r1-32b/citybus/first_score_reference_document.txt,standard,24,[[24]]
deepseek-r1-32b/citybus/second_score_reference_document.txt,standard,28,[[28]]
deepseek-r1-32b/citybus/second_score_document.txt,standard,76,[[76]]
deepseek-r1-32b/citybus/third_score_document.txt,standard,57,[[57]]
deepseek-r1-32b/gps_imu/third_score_reference.txt,standard,98,[[98]]
deepseek-r1-32b/gps_imu/third_score_reference_document.txt,standard,59,[[59]]
deepseek-r1-32b/gps_imu/first_score_document.txt,standard,19,[[19]]
deepseek-r1-32b/gps_imu/first_score_reference.txt,standard,None,[[0]]
deepseek-r1-32b/gps_imu/second_score_reference.txt,standard,98,[[98]]
deepseek-r1-32b/gps_imu/first_score_reference_document.txt,standard,5,[[5]]
deepseek-r1-32b/gps_imu/second_score_reference_document.txt,standard,81,[[81]]
deepseek-r1-32b/gps_imu/second_score_document.txt,standard,49,[[49]]
deepseek-r1-32b/gps_imu/third_score_document.txt,standard,70,[[70]]
deepseek-r1-32b/rotor/third_score_reference.txt,standard,88,[[88]]
deepseek-r1-32b/rotor/third_score_reference_document.txt,standard,7,[[7]]
deepseek-r1-32b/rotor/first_score_document.txt,standard,27,[[27]]
deepseek-r1-32b/rotor/first_score_reference.txt,standard,9,[[9]]
deepseek-r1-32b/rotor/second_score_reference.txt,standard,100,[[100]]
deepseek-r1-32b/rotor/first_score_reference_document.txt,standard,19,[[19]]
deepseek-r1-32b/rotor/second_score_reference_document.txt,standard,68,[[68]]
deepseek-r1-32b/rotor/second_score_document.txt,standard,56,[[56]]
deepseek-r1-32b/rotor/third_score_document.txt,standard,None,[[0]]
deepseek-r1-32b/rigid_multipatches/third_score_reference.txt,standard,65,[[65]]
deepseek-r1-32b/rigid_multipatches/third_score_reference_document.txt,standard,37,[[37]]
deepseek-r1-32b/rigid_multipatches/first_score_document.txt,standard,21,[[21]]
deepseek-r1-32b/rigid_multipatches/first_score_reference.txt,standard,13,[[13]]
deepseek-r1-32b/rigid_multipatches/second_score_reference.txt,standard,17,[[17]]
deepseek-r1-32b/rigid_multipatches/first_score_reference_document.txt,standard,10,[[10]]
deepseek-r1-32b/rigid_multipatches/second_score_reference_document.txt,standard,55,[[55]]
deepseek-r1-32b/rigid_multipatches/second_score_document.txt,standard,88,[[88]]
deepseek-r1-32b/rigid_multipatches/third_score_document.txt,standard,67,[[67]]
deepseek-r1-32b/cable/third_score_reference.txt,standard,92,[[92]]
deepseek-r1-32b/cable/third_score_reference_document.txt,standard,30,[[30]]
deepseek-r1-32b/cable/first_score_document.txt,standard,9,[[9]]
deepseek-r1-32b/cable/first_score_reference.txt,standard,49,[[49]]
deepseek-r1-32b/cable/second_score_reference.txt,standard,95,[[95]]
deepseek-r1-32b/cable/first_score_reference_document.txt,standard,19,[[19]]
deepseek-r1-32b/cable/second_score_reference_document.txt,standard,63,[[63]]
deepseek-r1-32b/cable/second_score_document.txt,standard,60,[[60]]
deepseek-r1-32b/cable/third_score_document.txt,standard,40,[[40]]
deepseek-r1-32b/sensros/third_score_reference.txt,standard,67,[[67]]
deepseek-r1-32b/sensros/third_score_reference_document.txt,standard,39,[[39]]
deepseek-r1-32b/sensros/first_score_document.txt,standard,33,[[33]]
deepseek-r1-32b/sensros/first_score_reference.txt,standard,21,[[21]]
deepseek-r1-32b/sensros/second_score_reference.txt,standard,2,[[2]]
deepseek-r1-32b/sensros/first_score_reference_document.txt,standard,None,[[0]]
deepseek-r1-32b/sensros/second_score_reference_document.txt,standard,57,[[57]]
deepseek-r1-32b/sensros/second_score_document.txt,standard,70,[[70]]
deepseek-r1-32b/sensros/third_score_document.txt,standard,80,[[80]]
deepseek-r1-32b/scm_hill/third_score_reference.txt,standard,63,[[63]]
deepseek-r1-32b/scm_hill/third_score_reference_document.txt,standard,14,[[14]]
deepseek-r1-32b/scm_hill/first_score_document.txt,standard,51,[[51]]
deepseek-r1-32b/scm_hill/first_score_reference.txt,standard,26,[[26]]
deepseek-r1-32b/scm_hill/second_score_reference.txt,standard,59,[[59]]
deepseek-r1-32b/scm_hill/first_score_reference_document.txt,standard,54,[[54]]
deepseek-r1-32b/scm_hill/second_score_reference_document.txt,standard,24,[[24]]
deepseek-r1-32b/scm_hill/second_score_document.txt,standard,55,[[55]]
deepseek-r1-32b/scm_hill/third_score_document.txt,standard,18,[[18]]
deepseek-r1-32b/veh_app/third_score_reference.txt,standard,73,[[73]]
deepseek-r1-32b/veh_app/third_score_reference_document.txt,standard,64,[[64]]
deepseek-r1-32b/veh_app/first_score_document.txt,standard,43,[[43]]
deepseek-r1-32b/veh_app/first_score_reference.txt,standard,50,[[50]]
deepseek-r1-32b/veh_app/second_score_reference.txt,standard,54,[[54]]
deepseek-r1-32b/veh_app/first_score_reference_document.txt,standard,6,[[6]]
deepseek-r1-32b/veh_app/second_score_reference_document.txt,standard,50,[[50]]
deepseek-r1-32b/veh_app/second_score_document.txt,standard,55,[[55]]
deepseek-r1-32b/veh_app/third_score_document.txt,standard,68,[[68]]
deepseek-r1-32b/gear/third_score_reference.txt,standard,81,[[81]]
deepseek-r1-32b/gear/third_score_reference_document.txt,standard,75,[[75]]
deepseek-r1-32b/gear/first_score_document.txt,standard,20,[[20]]
deepseek-r1-32b/gear/first_score_reference.txt,standard,9,[[9]]
deepseek-r1-32b/gear/second_score_reference.txt,standard,81,[[81]]
deepseek-r1-32b/gear/first_score_reference_document.txt,standard,4,[[4]]
deepseek-r1-32b/gear/second_score_reference_document.txt,standard,88,[[88]]
deepseek-r1-32b/gear/second_score_document.txt,standard,69,[[69]]
deepseek-r1-32b/gear/third_score_document.txt,standard,60,[[60]]
deepseek-r1-32b/art/third_score_reference.txt,standard,87,[[87]]
deepseek-r1-32b/art/third_score_reference_document.txt,standard,77,[[77]]
deepseek-r1-32b/art/first_score_document.txt,standard,None,[[0]]
deepseek-r1-32b/art/first_score_reference.txt,standard,15,[[15]]
deepseek-r1-32b/art/second_score_reference.txt,standard,97,[[97]]
deepseek-r1-32b/art/first_score_reference_document.txt,standard,4,[[4]]
deepseek-r1-32b/art/second_score_reference_document.txt,standard,37,[[37]]
deepseek-r1-32b/art/second_score_document.txt,standard,73,[[73]]
deepseek-r1-32b/art/third_score_document.txt,standard,85,[[85]]
deepseek-r1-32b/man/third_score_reference.txt,standard,17,[[17]]
deepseek-r1-32b/man/third_score_reference_document.txt,standard,78,[[78]]
deepseek-r1-32b/man/first_score_document.txt,standard,46,[[46]]
deepseek-r1-32b/man/first_score_reference.txt,standard,23,[[23]]
deepseek-r1-32b/man/second_score_reference.txt,standard,88,[[88]]
deepseek-r1-32b/man/first_score_reference_document.txt,standard,12,[[12]]
deepseek-r1-32b/man/second_score_reference_document.txt,standard,39,[[39]]
deepseek-r1-32b/man/second_score_document.txt,standard,77,[[77]]
deepseek-r1-32b/man/third_score_document.txt,standard,77,[[77]]
deepseek-r1-32b/curiosity/third_score_reference.txt,standard,53,[[53]]
deepseek-r1-32b/curiosity/third_score_reference_document.txt,standard,61,[[61]]
deepseek-r1-32b/curiosity/first_score_document.txt,standard,21,[[21]]
deepseek-r1-32b/curiosity/first_score_reference.txt,standard,5,[[5]]
deepseek-r1-32b/curiosity/second_score_reference.txt,standard,80,[[80]]
deepseek-r1-32b/curiosity/first_score_reference_document.txt,standard,4,[[4]]
deepseek-r1-32b/curiosity/second_score_reference_document.txt,standard,81,[[81]]
deepseek-r1-32b/curiosity/second_score_document.txt,standard,60,[[60]]
deepseek-r1-32b/curiosity/third_score_document.txt,standard,35,[[35]]
deepseek-r1-32b/vehros/third_score_reference.txt,standard,68,[[68]]
deepseek-r1-32b/vehros/third_score_reference_document.txt,standard,31,[[31]]
deepseek-r1-32b/vehros/first_score_document.txt,standard,None,[[0]]
deepseek-r1-32b/vehros/first_score_reference.txt,standard,None,[[0]]
deepseek-r1-32b/vehros/second_score_reference.txt,standard,56,[[56]]
deepseek-r1-32b/vehros/first_score_reference_document.txt,standard,None,[[0]]
deepseek-r1-32b/vehros/second_score_reference_document.txt,standard,55,[[55]]
deepseek-r1-32b/vehros/second_score_document.txt,standard,69,[[69]]
deepseek-r1-32b/vehros/third_score_document.txt,standard,52,[[52]]
deepseek-r1-32b/uazbus/third_score_reference.txt,standard,60,[[60]]
deepseek-r1-32b/uazbus/third_score_reference_document.txt,standard,40,[[40]]
deepseek-r1-32b/uazbus/first_score_document.txt,standard,30,[[30]]
deepseek-r1-32b/uazbus/first_score_reference.txt,standard,None,[[0]]
deepseek-r1-32b/uazbus/second_score_reference.txt,standard,38,[[38]]
deepseek-r1-32b/uazbus/first_score_reference_document.txt,standard,14,[[14]]
deepseek-r1-32b/uazbus/second_score_reference_document.txt,standard,69,[[69]]
deepseek-r1-32b/uazbus/second_score_document.txt,standard,3,[[3]]
deepseek-r1-32b/uazbus/third_score_document.txt,standard,39,[[39]]
deepseek-r1-32b/handler/third_score_reference.txt,standard,63,[[63]]
deepseek-r1-32b/handler/third_score_reference_document.txt,standard,43,[[43]]
deepseek-r1-32b/handler/first_score_document.txt,standard,None,[[0]]
deepseek-r1-32b/handler/first_score_reference.txt,standard,53,[[53]]
deepseek-r1-32b/handler/second_score_reference.txt,standard,40,[[40]]
deepseek-r1-32b/handler/first_score_reference_document.txt,standard,10,[[10]]
deepseek-r1-32b/handler/second_score_reference_document.txt,standard,65,[[65]]
deepseek-r1-32b/handler/second_score_document.txt,standard,75,[[75]]
deepseek-r1-32b/handler/third_score_document.txt,standard,97,[[97]]
deepseek-r1-32b/beam/third_score_reference.txt,standard,87,[[87]]
deepseek-r1-32b/beam/third_score_reference_document.txt,standard,17,[[17]]
deepseek-r1-32b/beam/first_score_document.txt,standard,31,[[31]]
deepseek-r1-32b/beam/first_score_reference.txt,standard,None,[[0]]
deepseek-r1-32b/beam/second_score_reference.txt,standard,76,[[76]]
deepseek-r1-32b/beam/first_score_reference_document.txt,standard,51,[[51]]
deepseek-r1-32b/beam/second_score_reference_document.txt,standard,32,[[32]]
deepseek-r1-32b/beam/second_score_document.txt,standard,58,[[58]]
deepseek-r1-32b/beam/third_score_document.txt,standard,16,[[16]]
deepseek-r1-32b/particles/third_score_reference.txt,standard,78,[[78]]
deepseek-r1-32b/particles/third_score_reference_document.txt,standard,73,[[73]]
deepseek-r1-32b/particles/first_score_document.txt,standard,55,[[55]]
deepseek-r1-32b/particles/first_score_reference.txt,standard,54,[[54]]
deepseek-r1-32b/particles/second_score_reference.txt,standard,94,[[94]]
deepseek-r1-32b/particles/first_score_reference_document.txt,standard,24,[[24]]
deepseek-r1-32b/particles/second_score_reference_document.txt,standard,55,[[55]]
deepseek-r1-32b/particles/second_score_document.txt,standard,70,[[70]]
deepseek-r1-32b/particles/third_score_document.txt,standard,65,[[65]]
deepseek-r1-32b/m113/third_score_reference.txt,standard,65,[[65]]
deepseek-r1-32b/m113/third_score_reference_document.txt,standard,48,[[48]]
deepseek-r1-32b/m113/first_score_document.txt,standard,38,[[38]]
deepseek-r1-32b/m113/first_score_reference.txt,standard,19,[[19]]
deepseek-r1-32b/m113/second_score_reference.txt,standard,47,[[47]]
deepseek-r1-32b/m113/first_score_reference_document.txt,standard,6,[[6]]
deepseek-r1-32b/m113/second_score_reference_document.txt,standard,37,[[37]]
deepseek-r1-32b/m113/second_score_document.txt,standard,52,[[52]]
deepseek-r1-32b/m113/third_score_document.txt,standard,62,[[62]]
deepseek-r1-32b/sedan/third_score_reference.txt,standard,22,[[22]]
deepseek-r1-32b/sedan/third_score_reference_document.txt,standard,42,[[42]]
deepseek-r1-32b/sedan/first_score_document.txt,standard,25,[[25]]
deepseek-r1-32b/sedan/first_score_reference.txt,standard,None,[[0]]
deepseek-r1-32b/sedan/second_score_reference.txt,standard,99,[[99]]
deepseek-r1-32b/sedan/first_score_reference_document.txt,standard,6,[[6]]
deepseek-r1-32b/sedan/second_score_reference_document.txt,standard,71,[[71]]
deepseek-r1-32b/sedan/second_score_document.txt,standard,22,[[22]]
deepseek-r1-32b/sedan/third_score_document.txt,standard,41,[[41]]
deepseek-r1-32b/viper/third_score_reference.txt,standard,65,[[65]]
deepseek-r1-32b/viper/third_score_reference_document.txt,standard,67,[[67]]
deepseek-r1-32b/viper/first_score_document.txt,standard,29,[[29]]
deepseek-r1-32b/viper/first_score_reference.txt,standard,40,[[40]]
deepseek-r1-32b/viper/second_score_reference.txt,standard,92,[[92]]
deepseek-r1-32b/viper/first_score_reference_document.txt,standard,51,[[51]]
deepseek-r1-32b/viper/second_score_reference_document.txt,standard,67,[[67]]
deepseek-r1-32b/viper/second_score_document.txt,standard,76,[[76]]
deepseek-r1-32b/viper/third_score_document.txt,standard,47,[[47]]
deepseek-r1-32b/lidar/third_score_reference.txt,standard,21,[[21]]
deepseek-r1-32b/lidar/third_score_reference_document.txt,standard,55,[[55]]
deepseek-r1-32b/lidar/first_score_document.txt,standard,22,[[22]]
deepseek-r1-32b/lidar/first_score_reference.txt,standard,57,[[57]]
deepseek-r1-32b/lidar/second_score_reference.txt,standard,66,[[66]]
deepseek-r1-32b/lidar/first_score_reference_document.txt,standard,11,[[11]]
deepseek-r1-32b/lidar/second_score_reference_document.txt,standard,34,[[34]]
deepseek-r1-32b/lidar/second_score_document.txt,standard,44,[[44]]
deepseek-r1-32b/lidar/third_score_document.txt,standard,11,[[11]]
deepseek-r1-32b/rigid_highway/third_score_reference.txt,standard,40,[[40]]
deepseek-r1-32b/rigid_highway/third_score_reference_document.txt,standard,38,[[38]]
deepseek-r1-32b/rigid_highway/first_score_document.txt,standard,11,[[11]]
deepseek-r1-32b/rigid_highway/first_score_reference.txt,standard,24,[[24]]
deepseek-r1-32b/rigid_highway/second_score_reference.txt,standard,83,[[83]]
deepseek-r1-32b/rigid_highway/first_score_reference_document.txt,standard,6,[[6]]
deepseek-r1-32b/rigid_highway/second_score_reference_document.txt,standard,93,[[93]]
deepseek-r1-32b/rigid_highway/second_score_document.txt,standard,48,[[48]]
deepseek-r1-32b/rigid_highway/third_score_document.txt,standard,75,[[75]]
deepseek-r1-32b/pendulum/third_score_reference.txt,standard,None,[[0]]
deepseek-r1-32b/pendulum/third_score_reference_document.txt,standard,55,[[55]]
deepseek-r1-32b/pendulum/first_score_document.txt,standard,None,[[0]]
deepseek-r1-32b/pendulum/first_score_reference.txt,standard,12,[[12]]
deepseek-r1-32b/pendulum/second_score_reference.txt,standard,42,[[42]]
deepseek-r1-32b/pendulum/first_score_reference_document.txt,standard,35,[[35]]
deepseek-r1-32b/pendulum/second_score_reference_document.txt,standard,None,[[0]]
deepseek-r1-32b/pendulum/second_score_document.txt,standard,13,[[13]]
deepseek-r1-32b/pendulum/third_score_document.txt,standard,60,[[60]]
deepseek-r1-32b/hmmwv/third_score_reference.txt,standard,None,[[0]]
deepseek-r1-32b/hmmwv/third_score_reference_document.txt,standard,73,[[73]]
deepseek-r1-32b/hmmwv/first_score_document.txt,standard,5,[[5]]
deepseek-r1-32b/hmmwv/first_score_reference.txt,standard,48,[[48]]
deepseek-r1-32b/hmmwv/second_score_reference.txt,standard,65,[[65]]
deepseek-r1-32b/hmmwv/first_score_reference_document.txt,standard,None,[[0]]
deepseek-r1-32b/hmmwv/second_score_reference_document.txt,standard,27,[[27]]
deepseek-r1-32b/hmmwv/second_score_document.txt,standard,None,[[0]]
deepseek-r1-32b/hmmwv/third_score_document.txt,standard,31,[[31]]
deepseek-r1-32b/turtlebot/third_score_reference.txt,standard,26,[[26]]
deepseek-r1-32b/turtlebot/third_score_reference_document.txt,standard,22,[[22]]
deepseek-r1-32b/turtlebot/first_score_document.txt,standard,11,[[11]]
deepseek-r1-32b/turtlebot/first_score_reference.txt,standard,4,[[4]]
deepseek-r1-32b/turtlebot/second_score_reference.txt,standard,62,[[62]]
deepseek-r1-32b/turtlebot/first_score_reference_document.txt,standard,17,[[17]]
deepseek-r1-32b/turtlebot/second_score_reference_document.txt,standard,30,[[30]]
deepseek-r1-32b/turtlebot/second_score_document.txt,standard,30,[[30]]
deepseek-r1-32b/turtlebot/third_score_document.txt,standard,32,[[32]]
deepseek-r1-32b/mass_spring_damper/third_score_reference.txt,standard,66,[[66]]
deepseek-r1-32b/mass_spring_damper/third_score_reference_document.txt,standard,58,[[58]]
deepseek-r1-32b/mass_spring_damper/first_score_document.txt,standard,46,[[46]]
deepseek-r1-32b/mass_spring_damper/first_score_reference.txt,standard,17,[[17]]
deepseek-r1-32b/mass_spring_damper/second_score_reference.txt,standard,61,[[61]]
deepseek-r1-32b/mass_spring_damper/first_score_reference_document.txt,standard,22,[[22]]
deepseek-r1-32b/mass_spring_damper/second_score_reference_document.txt,standard,42,[[42]]
deepseek-r1-32b/mass_spring_damper/second_score_document.txt,standard,26,[[26]]
deepseek-r1-32b/mass_spring_damper/third_score_document.txt,standard,20,[[20]]
deepseek-r1-32b/tablecloth/third_score_reference.txt,standard,45,[[45]]
deepseek-r1-32b/tablecloth/third_score_reference_document.txt,standard,75,[[75]]
deepseek-r1-32b/tablecloth/first_score_document.txt,standard,25,[[25]]
deepseek-r1-32b/tablecloth/first_score_reference.txt,standard,24,[[24]]
deepseek-r1-32b/tablecloth/second_score_reference.txt,standard,79,[[79]]
deepseek-r1-32b/tablecloth/first_score_reference_document.txt,standard,5,[[5]]
deepseek-r1-32b/tablecloth/second_score_reference_document.txt,standard,25,[[25]]
deepseek-r1-32b/tablecloth/second_score_document.txt,standard,54,[[54]]
deepseek-r1-32b/tablecloth/third_score_document.txt,standard,17,[[17]]
deepseek-r1-32b/kraz/third_score_reference.txt,standard,48,[[48]]
deepseek-r1-32b/kraz/third_score_reference_document.txt,standard,10,[[10]]
deepseek-r1-32b/kraz/first_score_document.txt,standard,47,[[47]]
deepseek-r1-32b/kraz/first_score_reference.txt,standard,30,[[30]]
deepseek-r1-32b/kraz/second_score_reference.txt,standard,47,[[47]]
deepseek-r1-32b/kraz/first_score_reference_document.txt,standard,8,[[8]]
deepseek-r1-32b/kraz/second_score_reference_document.txt,standard,24,[[24]]
deepseek-r1-32b/kraz/second_score_document.txt,standard,60,[[60]]
deepseek-r1-32b/kraz/third_score_document.txt,standard,18,[[18]]
deepseek-r1-32b/camera/third_score_reference.txt,standard,82,[[82]]
deepseek-r1-32b/camera/third_score_reference_document.txt,standard,53,[[53]]
deepseek-r1-32b/camera/first_score_document.txt,standard,11,[[11]]
deepseek-r1-32b/camera/first_score_reference.txt,standard,40,[[40]]
deepseek-r1-32b/camera/second_score_reference.txt,standard,100,[[100]]
deepseek-r1-32b/camera/first_score_reference_document.txt,standard,35,[[35]]
deepseek-r1-32b/camera/second_score_reference_document.txt,standard,60,[[60]]
deepseek-r1-32b/camera/second_score_document.txt,standard,36,[[36]]
deepseek-r1-32b/camera/third_score_document.txt,standard,64,[[64]]
deepseek-r1-32b/buckling/third_score_reference.txt,standard,47,[[47]]
deepseek-r1-32b/buckling/third_score_reference_document.txt,standard,54,[[54]]
deepseek-r1-32b/buckling/first_score_document.txt,standard,17,[[17]]
deepseek-r1-32b/buckling/first_score_reference.txt,standard,60,[[60]]
deepseek-r1-32b/buckling/second_score_reference.txt,standard,86,[[86]]
deepseek-r1-32b/buckling/first_score_reference_document.txt,standard,40,[[40]]
deepseek-r1-32b/buckling/second_score_reference_document.txt,standard,51,[[51]]
deepseek-r1-32b/buckling/second_score_document.txt,standard,43,[[43]]
deepseek-r1-32b/buckling/third_score_document.txt,standard,23,[[23]]
deepseek-r1-32b/gator/third_score_reference.txt,standard,39,[[39]]
deepseek-r1-32b/gator/third_score_reference_document.txt,standard,27,[[27]]
deepseek-r1-32b/gator/first_score_document.txt,standard,None,[[0]]
deepseek-r1-32b/gator/first_score_reference.txt,standard,17,[[17]]
deepseek-r1-32b/gator/second_score_reference.txt,standard,30,[[30]]
deepseek-r1-32b/gator/first_score_reference_document.txt,standard,6,[[6]]
deepseek-r1-32b/gator/second_score_reference_document.txt,standard,24,[[24]]
deepseek-r1-32b/gator/second_score_document.txt,standard,26,[[26]]
deepseek-r1-32b/gator/third_score_document.txt,standard,53,[[53]]
deepseek-r1-32b/slider_crank/third_score_reference.txt,standard,95,[[95]]
deepseek-r1-32b/slider_crank/third_score_reference_document.txt,standard,57,[[57]]
deepseek-r1-32b/slider_crank/first_score_document.txt,standard,30,[[30]]
deepseek-r1-32b/slider_crank/first_score_reference.txt,standard,9,[[9]]
deepseek-r1-32b/slider_crank/second_score_reference.txt,standard,91,[[91]]
deepseek-r1-32b/slider_crank/first_score_reference_document.txt,standard,None,[[0]]
deepseek-r1-32b/slider_crank/second_score_reference_document.txt,standard,35,[[35]]
deepseek-r1-32b/slider_crank/second_score_document.txt,standard,72,[[72]]
deepseek-r1-32b/slider_crank/third_score_document.txt,standard,90,[[90]]
deepseek-r1-32b/feda/third_score_reference.txt,standard,53,[[53]]
deepseek-r1-32b/feda/third_score_reference_document.txt,standard,57,[[57]]
deepseek-r1-32b/feda/first_score_document.txt,standard,38,[[38]]
deepseek-r1-32b/feda/first_score_reference.txt,standard,41,[[41]]
deepseek-r1-32b/feda/second_score_reference.txt,standard,40,[[40]]
deepseek-r1-32b/feda/first_score_reference_document.txt,standard,22,[[22]]
deepseek-r1-32b/feda/second_score_reference_document.txt,standard,49,[[49]]
deepseek-r1-32b/feda/second_score_document.txt,standard,49,[[49]]
deepseek-r1-32b/feda/third_score_document.txt,standard,67,[[67]]
llama3.1-8b-f2/scm/third_score_reference.txt,standard,63,[[63]]
llama3.1-8b-f2/scm/third_score_reference_document.txt,standard,47,[[47]]
llama3.1-8b-f2/scm/first_score_document.txt,standard,52,[[52]]
llama3.1-8b-f2/scm/first_score_reference.txt,standard,62,[[62]]
llama3.1-8b-f2/scm/second_score_reference.txt,standard,67,[[67]]
llama3.1-8b-f2/scm/first_score_reference_document.txt,standard,12,[[12]]
llama3.1-8b-f2/scm/second_score_reference_document.txt,standard,19,[[19]]
llama3.1-8b-f2/scm/second_score_document.txt,standard,66,[[66]]
llama3.1-8b-f2/scm/third_score_document.txt,standard,61,[[61]]
llama3.1-8b-f2/citybus/third_score_reference.txt,standard,75,[[75]]
llama3.1-8b-f2/citybus/third_score_reference_document.txt,standard,91,[[91]]
llama3.1-8b-f2/citybus/first_score_document.txt,standard,55,[[55]]
llama3.1-8b-f2/citybus/first_score_reference.txt,standard,82,[[82]]
llama3.1-8b-f2/citybus/second_score_reference.txt,standard,10,[[10]]
llama3.1-8b-f2/citybus/first_score_reference_document.txt,standard,19,[[19]]
llama3.1-8b-f2/citybus/second_score_reference_document.txt,standard,12,[[12]]
llama3.1-8b-f2/citybus/second_score_document.txt,standard,57,[[57]]
llama3.1-8b-f2/citybus/third_score_document.txt,standard,73,[[73]]
llama3.1-8b-f2/gps_imu/third_score_reference.txt,standard,98,[[98]]
llama3.1-8b-f2/gps_imu/third_score_reference_document.txt,standard,78,[[78]]
llama3.1-8b-f2/gps_imu/first_score_document.txt,standard,None,[[0]]
llama3.1-8b-f2/gps_imu/first_score_reference.txt,standard,56,[[56]]
llama3.1-8b-f2/gps_imu/second_score_reference.txt,standard,64,[[64]]
llama3.1-8b-f2/gps_imu/first_score_reference_document.txt,standard,42,[[42]]
llama3.1-8b-f2/gps_imu/second_score_reference_document.txt,standard,65,[[65]]
llama3.1-8b-f2/gps_imu/second_score_document.txt,standard,65,[[65]]
llama3.1-8b-f2/gps_imu/third_score_document.txt,standard,65,[[65]]
llama3.1-8b-f2/rotor/third_score_reference.txt,standard,65,[[65]]
llama3.1-8b-f2/rotor/third_score_reference_document.txt,standard,73,[[73]]
llama3.1-8b-f2/rotor/first_score_document.txt,standard,31,[[31]]
llama3.1-8b-f2/rotor/first_score_reference.txt,standard,32,[[32]]
llama3.1-8b-f2/rotor/second_score_reference.txt,standard,80,[[80]]
llama3.1-8b-f2/rotor/first_score_reference_document.txt,standard,6,[[6]]
llama3.1-8b-f2/rotor/second_score_reference_document.txt,standard,93,[[93]]
llama3.1-8b-f2/rotor/second_score_document.txt,standard,56,[[56]]
llama3.1-8b-f2/rotor/third_score_document.txt,standard,40,[[40]]
llama3.1-8b-f2/rigid_multipatches/third_score_reference.txt,standard,82,[[82]]
llama3.1-8b-f2/rigid_multipatches/third_score_reference_document.txt,standard,39,[[39]]
llama3.1-8b-f2/rigid_multipatches/first_score_document.txt,standard,33,[[33]]
llama3.1-8b-f2/rigid_multipatches/first_score_reference.txt,standard,64,[[64]]
llama3.1-8b-f2/rigid_multipatches/second_score_reference.txt,standard,27,[[27]]
llama3.1-8b-f2/rigid_multipatches/first_score_reference_document.txt,standard,None,[[0]]
llama3.1-8b-f2/rigid_multipatches/second_score_reference_document.txt,standard,44,[[44]]
llama3.1-8b-f2/rigid_multipatches/second_score_document.txt,standard,71,[[71]]
llama3.1-8b-f2/rigid_multipatches/third_score_document.txt,standard,20,[[20]]
llama3.1-8b-f2/cable/third_score_reference.txt,standard,73,[[73]]
llama3.1-8b-f2/cable/third_score_reference_document.txt,standard,83,[[83]]
llama3.1-8b-f2/cable/first_score_document.txt,standard,30,[[30]]
llama3.1-8b-f2/cable/first_score_reference.txt,standard,33,[[33]]
llama3.1-8b-f2/cable/second_score_reference.txt,standard,70,[[70]]
llama3.1-8b-f2/cable/first_score_reference_document.txt,standard,None,[[0]]
llama3.1-8b-f2/cable/second_score_reference_document.txt,standard,75,[[75]]
llama3.1-8b-f2/cable/second_score_document.txt,standard,61,[[61]]
llama3.1-8b-f2/cable/third_score_document.txt,standard,36,[[36]]
llama3.1-8b-f2/sensros/third_score_reference.txt,standard,82,[[82]]
llama3.1-8b-f2/sensros/third_score_reference_document.txt,standard,47,[[47]]
llama3.1-8b-f2/sensros/first_score_document.txt,standard,56,[[56]]
llama3.1-8b-f2/sensros/first_score_reference.txt,standard,34,[[34]]
llama3.1-8b-f2/sensros/second_score_reference.txt,standard,71,[[71]]
llama3.1-8b-f2/sensros/first_score_reference_document.txt,standard,14,[[14]]
llama3.1-8b-f2/sensros/second_score_reference_document.txt,standard,63,[[63]]
llama3.1-8b-f2/sensros/second_score_document.txt,standard,31,[[31]]
llama3.1-8b-f2/sensros/third_score_document.txt,standard,60,[[60]]
llama3.1-8b-f2/scm_hill/third_score_reference.txt,standard,58,[[58]]
llama3.1-8b-f2/scm_hill/third_score_reference_document.txt,standard,72,[[72]]
llama3.1-8b-f2/scm_hill/first_score_document.txt,standard,52,[[52]]
llama3.1-8b-f2/scm_hill/first_score_reference.txt,standard,60,[[60]]
llama3.1-8b-f2/scm_hill/second_score_reference.txt,standard,60,[[60]]
llama3.1-8b-f2/scm_hill/first_score_reference_document.txt,standard,28,[[28]]
llama3.1-8b-f2/scm_hill/second_score_reference_document.txt,standard,20,[[20]]
llama3.1-8b-f2/scm_hill/second_score_document.txt,standard,43,[[43]]
llama3.1-8b-f2/scm_hill/third_score_document.txt,standard,9,[[9]]
llama3.1-8b-f2/veh_app/third_score_reference.txt,standard,85,[[85]]
llama3.1-8b-f2/veh_app/third_score_reference_document.txt,standard,36,[[36]]
llama3.1-8b-f2/veh_app/first_score_document.txt,standard,50,[[50]]
llama3.1-8b-f2/veh_app/first_score_reference.txt,standard,21,[[21]]
llama3.1-8b-f2/veh_app/second_score_reference.txt,standard,53,[[53]]
llama3.1-8b-f2/veh_app/first_score_reference_document.txt,standard,5,[[5]]
llama3.1-8b-f2/veh_app/second_score_reference_document.txt,standard,32,[[32]]
llama3.1-8b-f2/veh_app/second_score_document.txt,standard,40,[[40]]
llama3.1-8b-f2/veh_app/third_score_document.txt,standard,38,[[38]]
llama3.1-8b-f2/gear/third_score_reference.txt,standard,26,[[26]]
llama3.1-8b-f2/gear/third_score_reference_document.txt,standard,90,[[90]]
llama3.1-8b-f2/gear/first_score_document.txt,standard,33,[[33]]
llama3.1-8b-f2/gear/first_score_reference.txt,standard,32,[[32]]
llama3.1-8b-f2/gear/second_score_reference.txt,standard,100,[[100]]
llama3.1-8b-f2/gear/first_score_reference_document.txt,standard,20,[[20]]
llama3.1-8b-f2/gear/second_score_reference_document.txt,standard,53,[[53]]
llama3.1-8b-f2/gear/second_score_document.txt,standard,4,[[4]]
llama3.1-8b-f2/gear/third_score_document.txt,standard,36,[[36]]
llama3.1-8b-f2/art/third_score_reference.txt,standard,80,[[80]]
llama3.1-8b-f2/art/third_score_reference_document.txt,standard,72,[[72]]
llama3.1-8b-f2/art/first_score_document.txt,standard,60,[[60]]
llama3.1-8b-f2/art/first_score_reference.txt,standard,60,[[60]]
llama3.1-8b-f2/art/second_score_reference.txt,standard,99,[[99]]
llama3.1-8b-f2/art/first_score_reference_document.txt,standard,None,[[0]]
llama3.1-8b-f2/art/second_score_reference_document.txt,standard,68,[[68]]
llama3.1-8b-f2/art/second_score_document.txt,standard,65,[[65]]
llama3.1-8b-f2/art/third_score_document.txt,standard,78,[[78]]
llama3.1-8b-f2/man/third_score_reference.txt,standard,52,[[52]]
llama3.1-8b-f2/man/third_score_reference_document.txt,standard,59,[[59]]
llama3.1-8b-f2/man/first_score_document.txt,standard,25,[[25]]
llama3.1-8b-f2/man/first_score_reference.txt,standard,66,[[66]]
llama3.1-8b-f2/man/second_score_reference.txt,standard,37,[[37]]
llama3.1-8b-f2/man/first_score_reference_document.txt,standard,35,[[35]]
llama3.1-8b-f2/man/second_score_reference_document.txt,standard,69,[[69]]
llama3.1-8b-f2/man/second_score_document.txt,standard,73,[[73]]
llama3.1-8b-f2/man/third_score_document.txt,standard,15,[[15]]
llama3.1-8b-f2/curiosity/third_score_reference.txt,standard,68,[[68]]
llama3.1-8b-f2/curiosity/third_score_reference_document.txt,standard,13,[[13]]
llama3.1-8b-f2/curiosity/first_score_document.txt,standard,83,[[83]]
llama3.1-8b-f2/curiosity/first_score_reference.txt,standard,48,[[48]]
llama3.1-8b-f2/curiosity/second_score_reference.txt,standard,68,[[68]]
llama3.1-8b-f2/curiosity/first_score_reference_document.txt,standard,62,[[62]]
llama3.1-8b-f2/curiosity/second_score_reference_document.txt,standard,50,[[50]]
llama3.1-8b-f2/curiosity/second_score_document.txt,standard,15,[[15]]
llama3.1-8b-f2/curiosity/third_score_document.txt,standard,94,[[94]]
llama3.1-8b-f2/vehros/third_score_reference.txt,standard,66,[[66]]
llama3.1-8b-f2/vehros/third_score_reference_document.txt,standard,17,[[17]]
llama3.1-8b-f2/vehros/first_score_document.txt,standard,61,[[61]]
llama3.1-8b-f2/vehros/first_score_reference.txt,standard,58,[[58]]
llama3.1-8b-f2/vehros/second_score_reference.txt,standard,80,[[80]]
llama3.1-8b-f2/vehros/first_score_reference_document.txt,standard,23,[[23]]
llama3.1-8b-f2/vehros/second_score_reference_document.txt,standard,62,[[62]]
llama3.1-8b-f2/vehros/second_score_document.txt,standard,38,[[38]]
llama3.1-8b-f2/vehros/third_score_document.txt,standard,63,[[63]]
llama3.1-8b-f2/uazbus/third_score_reference.txt,standard,66,[[66]]
llama3.1-8b-f2/uazbus/third_score_reference_document.txt,standard,59,[[59]]
llama3.1-8b-f2/uazbus/first_score_document.txt,standard,17,[[17]]
llama3.1-8b-f2/uazbus/first_score_reference.txt,standard,31,[[31]]
llama3.1-8b-f2/uazbus/second_score_reference.txt,standard,82,[[82]]
llama3.1-8b-f2/uazbus/first_score_reference_document.txt,standard,59,[[59]]
llama3.1-8b-f2/uazbus/second_score_reference_document.txt,standard,78,[[78]]
llama3.1-8b-f2/uazbus/second_score_document.txt,standard,63,[[63]]
llama3.1-8b-f2/uazbus/third_score_document.txt,standard,75,[[75]]
llama3.1-8b-f2/handler/third_score_reference.txt,standard,92,[[92]]
llama3.1-8b-f2/handler/third_score_reference_document.txt,standard,37,[[37]]
llama3.1-8b-f2/handler/first_score_document.txt,standard,67,[[67]]
llama3.1-8b-f2/handler/first_score_reference.txt,standard,57,[[57]]
llama3.1-8b-f2/handler/second_score_reference.txt,standard,40,[[40]]
llama3.1-8b-f2/handler/first_score_reference_document.txt,standard,11,[[11]]
llama3.1-8b-f2/handler/second_score_reference_document.txt,standard,29,[[29]]
llama3.1-8b-f2/handler/second_score_document.txt,standard,76,[[76]]
llama3.1-8b-f2/handler/third_score_document.txt,standard,36,[[36]]
llama3.1-8b-f2/beam/third_score_reference.txt,standard,40,[[40]]
llama3.1-8b-f2/beam/third_score_reference_document.txt,standard,92,[[92]]
llama3.1-8b-f2/beam/first_score_document.txt,standard,69,[[69]]
llama3.1-8b-f2/beam/first_score_reference.txt,standard,51,[[51]]
llama3.1-8b-f2/beam/second_score_reference.txt,standard,79,[[79]]
llama3.1-8b-f2/beam/first_score_reference_document.txt,standard,32,[[32]]
llama3.1-8b-f2/beam/second_score_reference_document.txt,standard,13,[[13]]
llama3.1-8b-f2/beam/second_score_document.txt,standard,54,[[54]]
llama3.1-8b-f2/beam/third_score_document.txt,standard,14,[[14]]
llama3.1-8b-f2/particles/third_score_reference.txt,standard,60,[[60]]
llama3.1-8b-f2/particles/third_score_reference_document.txt,standard,67,[[67]]
llama3.1-8b-f2/particles/first_score_document.txt,standard,28,[[28]]
llama3.1-8b-f2/particles/first_score_reference.txt,standard,20,[[20]]
llama3.1-8b-f2/particles/second_score_reference.txt,standard,47,[[47]]
llama3.1-8b-f2/particles/first_score_reference_document.txt,standard,19,[[19]]
llama3.1-8b-f2/particles/second_score_reference_document.txt,standard,60,[[60]]
llama3.1-8b-f2/particles/second_score_document.txt,standard,9,[[9]]
llama3.1-8b-f2/particles/third_score_document.txt,standard,37,[[37]]
llama3.1-8b-f2/m113/third_score_reference.txt,standard,73,[[73]]
llama3.1-8b-f2/m113/third_score_reference_document.txt,standard,83,[[83]]
llama3.1-8b-f2/m113/first_score_document.txt,standard,24,[[24]]
llama3.1-8b-f2/m113/first_score_reference.txt,standard,48,[[48]]
llama3.1-8b-f2/m113/second_score_reference.txt,standard,3,[[3]]
llama3.1-8b-f2/m113/first_score_reference_document.txt,standard,18,[[18]]
llama3.1-8b-f2/m113/second_score_reference_document.txt,standard,74,[[74]]
llama3.1-8b-f2/m113/second_score_document.txt,standard,20,[[20]]
llama3.1-8b-f2/m113/third_score_document.txt,standard,73,[[73]]
llama3.1-8b-f2/sedan/third_score_reference.txt,standard,51,[[51]]
llama3.1-8b-f2/sedan/third_score_reference_document.txt,standard,28,[[28]]
llama3.1-8b-f2/sedan/first_score_document.txt,standard,25,[[25]]
llama3.1-8b-f2/sedan/first_score_reference.txt,standard,76,[[76]]
llama3.1-8b-f2/sedan/second_score_reference.txt,standard,72,[[72]]
llama3.1-8b-f2/sedan/first_score_reference_document.txt,standard,23,[[23]]
llama3.1-8b-f2/sedan/second_score_reference_document.txt,standard,49,[[49]]
llama3.1-8b-f2/sedan/second_score_document.txt,standard,60,[[60]]
llama3.1-8b-f2/sedan/third_score_document.txt,standard,73,[[73]]
llama3.1-8b-f2/viper/third_score_reference.txt,standard,45,[[45]]
llama3.1-8b-f2/viper/third_score_reference_document.txt,standard,57,[[57]]
llama3.1-8b-f2/viper/first_score_document.txt,standard,64,[[64]]
llama3.1-8b-f2/viper/first_score_reference.txt,standard,24,[[24]]
llama3.1-8b-f2/viper/second_score_reference.txt,standard,30,[[30]]
llama3.1-8b-f2/viper/first_score_reference_document.txt,standard,16,[[16]]
llama3.1-8b-f2/viper/second_score_reference_document.txt,standard,68,[[68]]
llama3.1-8b-f2/viper/second_score_document.txt,standard,35,[[35]]
llama3.1-8b-f2/viper/third_score_document.txt,standard,56,[[56]]
llama3.1-8b-f2/lidar/third_score_reference.txt,standard,35,[[35]]
llama3.1-8b-f2/lidar/third_score_reference_document.txt,standard,47,[[47]]
llama3.1-8b-f2/lidar/first_score_document.txt,standard,11,[[11]]
llama3.1-8b-f2/lidar/first_score_reference.txt,standard,63,[[63]]
llama3.1-8b-f2/lidar/second_score_reference.txt,standard,31,[[31]]
llama3.1-8b-f2/lidar/first_score_reference_document.txt,standard,54,[[54]]
llama3.1-8b-f2/lidar/second_score_reference_document.txt,standard,63,[[63]]
llama3.1-8b-f2/lidar/second_score_document.txt,standard,None,[[0]]
llama3.1-8b-f2/lidar/third_score_document.txt,standard,23,[[23]]
llama3.1-8b-f2/rigid_highway/third_score_reference.txt,standard,35,[[35]]
llama3.1-8b-f2/rigid_highway/third_score_reference_document.txt,standard,42,[[42]]
llama3.1-8b-f2/rigid_highway/first_score_document.txt,standard,71,[[71]]
llama3.1-8b-f2/rigid_highway/first_score_reference.txt,standard,60,[[60]]
llama3.1-8b-f2/rigid_highway/second_score_reference.txt,standard,78,[[78]]
llama3.1-8b-f2/rigid_highway/first_score_reference_document.txt,standard,59,[[59]]
llama3.1-8b-f2/rigid_highway/second_score_reference_document.txt,standard,65,[[65]]
llama3.1-8b-f2/rigid_highway/second_score_document.txt,standard,68,[[68]]
llama3.1-8b-f2/rigid_highway/third_score_document.txt,standard,60,[[60]]
llama3.1-8b-f2/pendulum/third_score_reference.txt,standard,47,[[47]]
llama3.1-8b-f2/pendulum/third_score_reference_document.txt,standard,None,[[0]]
llama3.1-8b-f2/pendulum/first_score_document.txt,standard,47,[[47]]
llama3.1-8b-f2/pendulum/first_score_reference.txt,standard,8,[[8]]
llama3.1-8b-f2/pendulum/second_score_reference.txt,standard,53,[[53]]
llama3.1-8b-f2/pendulum/first_score_reference_document.txt,standard,51,[[51]]
llama3.1-8b-f2/pendulum/second_score_reference_document.txt,standard,31,[[31]]
llama3.1-8b-f2/pendulum/second_score_document.txt,standard,70,[[70]]
llama3.1-8b-f2/pendulum/third_score_document.txt,standard,48,[[48]]
llama3.1-8b-f2/hmmwv/third_score_reference.txt,standard,67,[[67]]
llama3.1-8b-f2/hmmwv/third_score_reference_document.txt,standard,61,[[61]]
llama3.1-8b-f2/hmmwv/first_score_document.txt,standard,46,[[46]]
llama3.1-8b-f2/hmmwv/first_score_reference.txt,standard,73,[[73]]
llama3.1-8b-f2/hmmwv/second_score_reference.txt,standard,70,[[70]]
llama3.1-8b-f2/hmmwv/first_score_reference_document.txt,standard,29,[[29]]
llama3.1-8b-f2/hmmwv/second_score_reference_document.txt,standard,62,[[62]]
llama3.1-8b-f2/hmmwv/second_score_document.txt,standard,75,[[75]]
llama3.1-8b-f2/hmmwv/third_score_document.txt,standard,62,[[62]]
llama3.1-8b-f2/turtlebot/third_score_reference.txt,standard,23,[[23]]
llama3.1-8b-f2/turtlebot/third_score_reference_document.txt,standard,9,[[9]]
llama3.1-8b-f2/turtlebot/first_score_document.txt,standard,40,[[40]]
llama3.1-8b-f2/turtlebot/first_score_reference.txt,standard,59,[[59]]
llama3.1-8b-f2/turtlebot/second_score_reference.txt,standard,63,[[63]]
llama3.1-8b-f2/turtlebot/first_score_reference_document.txt,standard,6,[[6]]
llama3.1-8b-f2/turtlebot/second_score_reference_document.txt,standard,45,[[45]]
llama3.1-8b-f2/turtlebot/second_score_document.txt,standard,66,[[66]]
llama3.1-8b-f2/turtlebot/third_score_document.txt,standard,25,[[25]]
llama3.1-8b-f2/mass_spring_damper/third_score_reference.txt,standard,82,[[82]]
llama3.1-8b-f2/mass_spring_damper/third_score_reference_document.txt,standard,63,[[63]]
llama3.1-8b-f2/mass_spring_damper/first_score_document.txt,standard,62,[[62]]
llama3.1-8b-f2/mass_spring_damper/first_score_reference.txt,standard,32,[[32]]
llama3.1-8b-f2/mass_spring_damper/second_score_reference.txt,standard,43,[[43]]
llama3.1-8b-f2/mass_spring_damper/first_score_reference_document.txt,standard,16,[[16]]
llama3.1-8b-f2/mass_spring_damper/second_score_reference_document.txt,standard,63,[[63]]
llama3.1-8b-f2/mass_spring_damper/second_score_document.txt,standard,38,[[38]]
llama3.1-8b-f2/mass_spring_damper/third_score_document.txt,standard,63,[[63]]
llama3.1-8b-f2/tablecloth/third_score_reference.txt,standard,53,[[53]]
llama3.1-8b-f2/tablecloth/third_score_reference_document.txt,standard,52,[[52]]
llama3.1-8b-f2/tablecloth/first_score_document.txt,standard,60,[[60]]
llama3.1-8b-f2/tablecloth/first_score_reference.txt,standard,33,[[33]]
llama3.1-8b-f2/tablecloth/second_score_reference.txt,standard,66,[[66]]
llama3.1-8b-f2/tablecloth/first_score_reference_document.txt,standard,17,[[17]]
llama3.1-8b-f2/tablecloth/second_score_reference_document.txt,standard,56,[[56]]
llama3.1-8b-f2/tablecloth/second_score_document.txt,standard,35,[[35]]
llama3.1-8b-f2/tablecloth/third_score_document.txt,standard,25,[[25]]
llama3.1-8b-f2/kraz/third_score_reference.txt,standard,66,[[66]]
llama3.1-8b-f2/kraz/third_score_reference_document.txt,standard,12,[[12]]
llama3.1-8b-f2/kraz/first_score_document.txt,standard,55,[[55]]
llama3.1-8b-f2/kraz/first_score_reference.txt,standard,40,[[40]]
llama3.1-8b-f2/kraz/second_score_reference.txt,standard,82,[[82]]
llama3.1-8b-f2/kraz/first_score_reference_document.txt,standard,54,[[54]]
llama3.1-8b-f2/kraz/second_score_reference_document.txt,standard,62,[[62]]
llama3.1-8b-f2/kraz/second_score_document.txt,standard,62,[[62]]
llama3.1-8b-f2/kraz/third_score_document.txt,standard,80,[[80]]
llama3.1-8b-f2/camera/third_score_reference.txt,standard,11,[[11]]
llama3.1-8b-f2/camera/third_score_reference_document.txt,standard,24,[[24]]
llama3.1-8b-f2/camera/first_score_document.txt,standard,4,[[4]]
llama3.1-8b-f2/camera/first_score_reference.txt,standard,45,[[45]]
llama3.1-8b-f2/camera/second_score_reference.txt,standard,95,[[95]]
llama3.1-8b-f2/camera/first_score_reference_document.txt,standard,34,[[34]]
llama3.1-8b-f2/camera/second_score_reference_document.txt,standard,60,[[60]]
llama3.1-8b-f2/camera/second_score_document.txt,standard,59,[[59]]
llama3.1-8b-f2/camera/third_score_document.txt,standard,5,[[5]]
llama3.1-8b-f2/buckling/third_score_reference.txt,standard,68,[[68]]
llama3.1-8b-f2/buckling/third_score_reference_document.txt,standard,19,[[19]]
llama3.1-8b-f2/buckling/first_score_document.txt,standard,30,[[30]]
llama3.1-8b-f2/buckling/first_score_reference.txt,standard,54,[[54]]
llama3.1-8b-f2/buckling/second_score_reference.txt,standard,99,[[99]]
llama3.1-8b-f2/buckling/first_score_reference_document.txt,standard,54,[[54]]
llama3.1-8b-f2/buckling/second_score_reference_document.txt,standard,92,[[92]]
llama3.1-8b-f2/buckling/second_score_document.txt,standard,16,[[16]]
llama3.1-8b-f2/buckling/third_score_document.txt,standard,70,[[70]]
llama3.1-8b-f2/gator/third_score_reference.txt,standard,82,[[82]]
llama3.1-8b-f2/gator/third_score_reference_document.txt,standard,None,[[0]]
llama3.1-8b-f2/gator/first_score_document.txt,standard,75,[[75]]
llama3.1-8b-f2/gator/first_score_reference.txt,standard,87,[[87]]
llama3.1-8b-f2/gator/second_score_reference.txt,standard,58,[[58]]
llama3.1-8b-f2/gator/first_score_reference_document.txt,standard,54,[[54]]
llama3.1-8b-f2/gator/second_score_reference_document.txt,standard,75,[[75]]
llama3.1-8b-f2/gator/second_score_document.txt,standard,75,[[75]]
llama3.1-8b-f2/gator/third_score_document.txt,standard,85,[[85]]
llama3.1-8b-f2/slider_crank/third_score_reference.txt,standard,29,[[29]]
llama3.1-8b-f2/slider_crank/third_score_reference_document.txt,standard,60,[[60]]
llama3.1-8b-f2/slider_crank/first_score_document.txt,standard,17,[[17]]
llama3.1-8b-f2/slider_crank/first_score_reference.txt,standard,6,[[6]]
llama3.1-8b-f2/slider_crank/second_score_reference.txt,standard,83,[[83]]
llama3.1-8b-f2/slider_crank/first_score_reference_document.txt,standard,26,[[26]]
llama3.1-8b-f2/slider_crank/second_score_reference_document.txt,standard,73,[[73]]
llama3.1-8b-f2/slider_crank/second_score_document.txt,standard,68,[[68]]
llama3.1-8b-f2/slider_crank/third_score_document.txt,standard,54,[[54]]
llama3.1-8b-f2/feda/third_score_reference.txt,standard,60,[[60]]
llama3.1-8b-f2/feda/third_score_reference_document.txt,standard,20,[[20]]
llama3.1-8b-f2/feda/first_score_document.txt,standard,51,[[51]]
llama3.1-8b-f2/feda/first_score_reference.txt,standard,21,[[21]]
llama3.1-8b-f2/feda/second_score_reference.txt,standard,74,[[74]]
llama3.1-8b-f2/feda/first_score_reference_document.txt,standard,None,[[0]]
llama3.1-8b-f2/feda/second_score_reference_document.txt,standard,30,[[30]]
llama3.1-8b-f2/feda/second_score_document.txt,standard,55,[[55]]
llama3.1-8b-f2/feda/third_score_document.txt,standard,52,[[52]]
phi-3-mini-128k-instruct/scm/third_score_reference.txt,standard,59,[[59]]
phi-3-mini-128k-instruct/scm/third_score_reference_document.txt,standard,42,[[42]]
phi-3-mini-128k-instruct/scm/first_score_document.txt,standard,10,[[10]]
phi-3-mini-128k-instruct/scm/first_score_reference.txt,standard,12,[[12]]
phi-3-mini-128k-instruct/scm/second_score_reference.txt,standard,None,[[0]]
phi-3-mini-128k-instruct/scm/first_score_reference_document.txt,standard,None,[[0]]
phi-3-mini-128k-instruct/scm/second_score_reference_document.txt,standard,54,[[54]]
phi-3-mini-128k-instruct/scm/second_score_document.txt,standard,None,[[0]]
phi-3-mini-128k-instruct/scm/third_score_document.txt,standard,50,[[50]]
phi-3-mini-128k-instruct/citybus/third_score_reference.txt,standard,76,[[76]]
phi-3-mini-128k-instruct/citybus/third_score_reference_document.txt,standard,70,[[70]]
phi-3-mini-128k-instruct/citybus/first_score_document.txt,standard,None,[[0]]
phi-3-mini-128k-instruct/citybus/first_score_reference.txt,standard,15,[[15]]
phi-3-mini-128k-instruct/citybus/second_score_reference.txt,standard,82,[[82]]
phi-3-mini-128k-instruct/citybus/first_score_reference_document.txt,standard,18,[[18]]
phi-3-mini-128k-instruct/citybus/second_score_reference_document.txt,standard,72,[[72]]
phi-3-mini-128k-instruct/citybus/second_score_document.txt,standard,55,[[55]]
phi-3-mini-128k-instruct/citybus/third_score_document.txt,standard,39,[[39]]
phi-3-mini-128k-instruct/gps_imu/third_score_reference.txt,standard,55,[[55]]
phi-3-mini-128k-instruct/gps_imu/third_score_reference_document.txt,standard,44,[[44]]
phi-3-mini-128k-instruct/gps_imu/first_score_document.txt,standard,32,[[32]]
phi-3-mini-128k-instruct/gps_imu/first_score_reference.txt,standard,None,[[0]]
phi-3-mini-128k-instruct/gps_imu/second_score_reference.txt,standard,64,[[64]]
phi-3-mini-128k-instruct/gps_imu/first_score_reference_document.txt,standard,12,[[12]]
phi-3-mini-128k-instruct/gps_imu/second_score_reference_document.txt,standard,64,[[64]]
phi-3-mini-128k-instruct/gps_imu/second_score_document.txt,standard,None,[[0]]
phi-3-mini-128k-instruct/gps_imu/third_score_document.txt,standard,67,[[67]]
phi-3-mini-128k-instruct/rotor/third_score_reference.txt,standard,75,[[75]]
phi-3-mini-128k-instruct/rotor/third_score_reference_document.txt,standard,61,[[61]]
phi-3-mini-128k-instruct/rotor/first_score_document.txt,standard,27,[[27]]
phi-3-mini-128k-instruct/rotor/first_score_reference.txt,standard,20,[[20]]
phi-3-mini-128k-instruct/rotor/second_score_reference.txt,standard,52,[[52]]
phi-3-mini-128k-instruct/rotor/first_score_reference_document.txt,standard,54,[[54]]
phi-3-mini-128k-instruct/rotor/second_score_reference_document.txt,standard,57,[[57]]
phi-3-mini-128k-instruct/rotor/second_score_document.txt,standard,29,[[29]]
phi-3-mini-128k-instruct/rotor/third_score_document.txt,standard,None,[[0]]
phi-3-mini-128k-instruct/rigid_multipatches/third_score_reference.txt,standard,93,[[93]]
phi-3-mini-128k-instruct/rigid_multipatches/third_score_reference_document.txt,standard,35,[[35]]
phi-3-mini-128k-instruct/rigid_multipatches/first_score_document.txt,standard,18,[[18]]
phi-3-mini-128k-instruct/rigid_multipatches/first_score_reference.txt,standard,22,[[22]]
phi-3-mini-128k-instruct/rigid_multipatches/second_score_reference.txt,standard,66,[[66]]
phi-3-mini-128k-instruct/rigid_multipatches/first_score_reference_document.txt,standard,8,[[8]]
phi-3-mini-128k-instruct/rigid_multipatches/second_score_reference_document.txt,standard,52,[[52]]
phi-3-mini-128k-instruct/rigid_multipatches/second_score_document.txt,standard,48,[[48]]
phi-3-mini-128k-instruct/rigid_multipatches/third_score_document.txt,standard,60,[[60]]
phi-3-mini-128k-instruct/cable/third_score_reference.txt,standard,None,[[0]]
phi-3-mini-128k-instruct/cable/third_score_reference_document.txt,standard,32,[[32]]
phi-3-mini-128k-instruct/cable/first_score_document.txt,standard,None,[[0]]
phi-3-mini-128k-instruct/cable/first_score_reference.txt,standard,57,[[57]]
phi-3-mini-128k-instruct/cable/second_score_reference.txt,standard,65,[[65]]
phi-3-mini-128k-instruct/cable/first_score_reference_document.txt,standard,12,[[12]]
phi-3-mini-128k-instruct/cable/second_score_reference_document.txt,standard,59,[[59]]
phi-3-mini-128k-instruct/cable/second_score_document.txt,standard,64,[[64]]
phi-3-mini-128k-instruct/cable/third_score_document.txt,standard,59,[[59]]
phi-3-mini-128k-instruct/sensros/third_score_reference.txt,standard,47,[[47]]
phi-3-mini-128k-instruct/sensros/third_score_reference_document.txt,standard,57,[[57]]
phi-3-mini-128k-instruct/sensros/first_score_document.txt,standard,35,[[35]]
phi-3-mini-128k-instruct/sensros/first_score_reference.txt,standard,None,[[0]]
phi-3-mini-128k-instruct/sensros/second_score_reference.txt,standard,63,[[63]]
phi-3-mini-128k-instruct/sensros/first_score_reference_document.txt,standard,None,[[0]]
phi-3-mini-128k-instruct/sensros/second_score_reference_document.txt,standard,73,[[73]]
phi-3-mini-128k-instruct/sensros/second_score_document.txt,standard,14,[[14]]
phi-3-mini-128k-instruct/sensros/third_score_document.txt,standard,37,[[37]]
phi-3-mini-128k-instruct/scm_hill/third_score_reference.txt,standard,58,[[58]]
phi-3-mini-128k-instruct/scm_hill/third_score_reference_document.txt,standard,24,[[24]]
phi-3-mini-128k-instruct/scm_hill/first_score_document.txt,standard,None,[[0]]
phi-3-mini-128k-instruct/scm_hill/first_score_reference.txt,standard,48,[[48]]
phi-3-mini-128k-instruct/scm_hill/second_score_reference.txt,standard,67,[[67]]
phi-3-mini-128k-instruct/scm_hill/first_score_reference_document.txt,standard,15,[[15]]
phi-3-mini-128k-instruct/scm_hill/second_score_reference_document.txt,standard,37,[[37]]
phi-3-mini-128k-instruct/scm_hill/second_score_document.txt,standard,9,[[9]]
phi-3-mini-128k-instruct/scm_hill/third_score_document.txt,standard,68,[[68]]
phi-3-mini-128k-instruct/veh_app/third_score_reference.txt,standard,45,[[45]]
phi-3-mini-128k-instruct/veh_app/third_score_reference_document.txt,standard,12,[[12]]
phi-3-mini-128k-instruct/veh_app/first_score_document.txt,standard,4,[[4]]
phi-3-mini-128k-instruct/veh_app/first_score_reference.txt,standard,44,[[44]]
phi-3-mini-128k-instruct/veh_app/second_score_reference.txt,standard,12,[[12]]
phi-3-mini-128k-instruct/veh_app/first_score_reference_document.txt,standard,4,[[4]]
phi-3-mini-128k-instruct/veh_app/second_score_reference_document.txt,standard,35,[[35]]
phi-3-mini-128k-instruct/veh_app/second_score_document.txt,standard,13,[[13]]
phi-3-mini-128k-instruct/veh_app/third_score_document.txt,standard,None,[[0]]
phi-3-mini-128k-instruct/gear/third_score_reference.txt,standard,35,[[35]]
phi-3-mini-128k-instruct/gear/third_score_reference_document.txt,standard,7,[[7]]
phi-3-mini-128k-instruct/gear/first_score_document.txt,standard,None,[[0]]
phi-3-mini-128k-instruct/gear/first_score_reference.txt,standard,20,[[20]]
phi-3-mini-128k-instruct/gear/second_score_reference.txt,standard,58,[[58]]
phi-3-mini-128k-instruct/gear/first_score_reference_document.txt,standard,9,[[9]]
phi-3-mini-128k-instruct/gear/second_score_reference_document.txt,standard,6,[[6]]
phi-3-mini-128k-instruct/gear/second_score_document.txt,standard,41,[[41]]
phi-3-mini-128k-instruct/gear/third_score_document.txt,standard,55,[[55]]
phi-3-mini-128k-instruct/art/third_score_reference.txt,standard,30,[[30]]
phi-3-mini-128k-instruct/art/third_score_reference_document.txt,standard,70,[[70]]
phi-3-mini-128k-instruct/art/first_score_document.txt,standard,21,[[21]]
phi-3-mini-128k-instruct/art/first_score_reference.txt,standard,29,[[29]]
phi-3-mini-128k-instruct/art/second_score_reference.txt,standard,80,[[80]]
phi-3-mini-128k-instruct/art/first_score_reference_document.txt,standard,22,[[22]]
phi-3-mini-128k-instruct/art/second_score_reference_document.txt,standard,54,[[54]]
phi-3-mini-128k-instruct/art/second_score_document.txt,standard,80,[[80]]
phi-3-mini-128k-instruct/art/third_score_document.txt,standard,71,[[71]]
phi-3-mini-128k-instruct/man/third_score_reference.txt,standard,22,[[22]]
phi-3-mini-128k-instruct/man/third_score_reference_document.txt,standard,24,[[24]]
phi-3-mini-128k-instruct/man/first_score_document.txt,standard,8,[[8]]
phi-3-mini-128k-instruct/man/first_score_reference.txt,standard,10,[[10]]
phi-3-mini-128k-instruct/man/second_score_reference.txt,standard,80,[[80]]
phi-3-mini-128k-instruct/man/first_score_reference_document.txt,standard,7,[[7]]
phi-3-mini-128k-instruct/man/second_score_reference_document.txt,standard,60,[[60]]
phi-3-mini-128k-instruct/man/second_score_document.txt,standard,80,[[80]]
phi-3-mini-128k-instruct/man/third_score_document.txt,standard,45,[[45]]
phi-3-mini-128k-instruct/curiosity/third_score_reference.txt,standard,68,[[68]]
phi-3-mini-128k-instruct/curiosity/third_score_reference_document.txt,standard,68,[[68]]
phi-3-mini-128k-instruct/curiosity/first_score_document.txt,standard,9,[[9]]
phi-3-mini-128k-instruct/curiosity/first_score_reference.txt,standard,7,[[7]]
phi-3-mini-128k-instruct/curiosity/second_score_reference.txt,standard,38,[[38]]
phi-3-mini-128k-instruct/curiosity/first_score_reference_document.txt,standard,47,[[47]]
phi-3-mini-128k-instruct/curiosity/second_score_reference_document.txt,standard,67,[[67]]
phi-3-mini-128k-instruct/curiosity/second_score_document.txt,standard,80,[[80]]
phi-3-mini-128k-instruct/curiosity/third_score_document.txt,standard,3,[[3]]
phi-3-mini-128k-instruct/vehros/third_score_reference.txt,standard,53,[[53]]
phi-3-mini-128k-instruct/vehros/third_score_reference_document.txt,standard,59,[[59]]
phi-3-mini-128k-instruct/vehros/first_score_document.txt,standard,4,[[4]]
phi-3-mini-128k-instruct/vehros/first_score_reference.txt,standard,7,[[7]]
phi-3-mini-128k-instruct/vehros/second_score_reference.txt,standard,53,[[53]]
phi-3-mini-128k-instruct/vehros/first_score_reference_document.txt,standard,None,[[0]]
phi-3-mini-128k-instruct/vehros/second_score_reference_document.txt,standard,34,[[34]]
phi-3-mini-128k-instruct/vehros/second_score_document.txt,standard,48,[[48]]
phi-3-mini-128k-instruct/vehros/third_score_document.txt,standard,51,[[51]]
phi-3-mini-128k-instruct/uazbus/third_score_reference.txt,standard,5,[[5]]
phi-3-mini-128k-instruct/uazbus/third_score_reference_document.txt,standard,37,[[37]]
phi-3-mini-128k-instruct/uazbus/first_score_document.txt,standard,None,[[0]]
phi-3-mini-128k-instruct/uazbus/first_score_reference.txt,standard,22,[[22]]
phi-3-mini-128k-instruct/uazbus/second_score_reference.txt,standard,63,[[63]]
phi-3-mini-128k-instruct/uazbus/first_score_reference_document.txt,standard,None,[[0]]
phi-3-mini-128k-instruct/uazbus/second_score_reference_document.txt,standard,29,[[29]]
phi-3-mini-128k-instruct/uazbus/second_score_document.txt,standard,38,[[38]]
phi-3-mini-128k-instruct/uazbus/third_score_document.txt,standard,45,[[45]]
phi-3-mini-128k-instruct/handler/third_score_reference.txt,standard,51,[[51]]
phi-3-mini-128k-instruct/handler/third_score_reference_document.txt,standard,15,[[15]]
phi-3-mini-128k-instruct/handler/first_score_document.txt,standard,37,[[37]]
phi-3-mini-128k-instruct/handler/first_score_reference.txt,standard,58,[[58]]
phi-3-mini-128k-instruct/handler/second_score_reference.txt,standard,38,[[38]]
phi-3-mini-128k-instruct/handler/first_score_reference_document.txt,standard,8,[[8]]
phi-3-mini-128k-instruct/handler/second_score_reference_document.txt,standard,58,[[58]]
phi-3-mini-128k-instruct/handler/second_score_document.txt,standard,66,[[66]]
phi-3-mini-128k-instruct/handler/third_score_document.txt,standard,58,[[58]]
phi-3-mini-128k-instruct/beam/third_score_reference.txt,standard,96,[[96]]
phi-3-mini-128k-instruct/beam/third_score_reference_document.txt,standard,37,[[37]]
phi-3-mini-128k-instruct/beam/first_score_document.txt,standard,19,[[19]]
phi-3-mini-128k-instruct/beam/first_score_reference.txt,standard,60,[[60]]
phi-3-mini-128k-instruct/beam/second_score_reference.txt,standard,18,[[18]]
phi-3-mini-128k-instruct/beam/first_score_reference_document.txt,standard,69,[[69]]
phi-3-mini-128k-instruct/beam/second_score_reference_document.txt,standard,16,[[16]]
phi-3-mini-128k-instruct/beam/second_score_document.txt,standard,25,[[25]]
phi-3-mini-128k-instruct/beam/third_score_document.txt,standard,None,[[0]]
phi-3-mini-128k-instruct/particles/third_score_reference.txt,standard,86,[[86]]
phi-3-mini-128k-instruct/particles/third_score_reference_document.txt,standard,57,[[57]]
phi-3-mini-128k-instruct/particles/first_score_document.txt,standard,18,[[18]]
phi-3-mini-128k-instruct/particles/first_score_reference.txt,standard,1,[[1]]
phi-3-mini-128k-instruct/particles/second_score_reference.txt,standard,93,[[93]]
phi-3-mini-128k-instruct/particles/first_score_reference_document.txt,standard,12,[[12]]
phi-3-mini-128k-instruct/particles/second_score_reference_document.txt,standard,57,[[57]]
phi-3-mini-128k-instruct/particles/second_score_document.txt,standard,26,[[26]]
phi-3-mini-128k-instruct/particles/third_score_document.txt,standard,79,[[79]]
phi-3-mini-128k-instruct/m113/third_score_reference.txt,standard,81,[[81]]
phi-3-mini-128k-instruct/m113/third_score_reference_document.txt,standard,37,[[37]]
phi-3-mini-128k-instruct/m113/first_score_document.txt,standard,None,[[0]]
phi-3-mini-128k-instruct/m113/first_score_reference.txt,standard,9,[[9]]
phi-3-mini-128k-instruct/m113/second_score_reference.txt,standard,83,[[83]]
phi-3-mini-128k-instruct/m113/first_score_reference_document.txt,standard,None,[[0]]
phi-3-mini-128k-instruct/m113/second_score_reference_document.txt,standard,22,[[22]]
phi-3-mini-128k-instruct/m113/second_score_document.txt,standard,75,[[75]]
phi-3-mini-128k-instruct/m113/third_score_document.txt,standard,63,[[63]]
phi-3-mini-128k-instruct/sedan/third_score_reference.txt,standard,53,[[53]]
phi-3-mini-128k-instruct/sedan/third_score_reference_document.txt,standard,38,[[38]]
phi-3-mini-128k-instruct/sedan/first_score_document.txt,standard,None,[[0]]
phi-3-mini-128k-instruct/sedan/first_score_reference.txt,standard,55,[[55]]
phi-3-mini-128k-instruct/sedan/second_score_reference.txt,standard,66,[[66]]
phi-3-mini-128k-instruct/sedan/first_score_reference_document.txt,standard,3,[[3]]
phi-3-mini-128k-instruct/sedan/second_score_reference_document.txt,standard,33,[[33]]
phi-3-mini-128k-instruct/sedan/second_score_document.txt,standard,51,[[51]]
phi-3-mini-128k-instruct/sedan/third_score_document.txt,standard,15,[[15]]
phi-3-mini-128k-instruct/viper/third_score_reference.txt,standard,69,[[69]]
phi-3-mini-128k-instruct/viper/third_score_reference_document.txt,standard,61,[[61]]
phi-3-mini-128k-instruct/viper/first_score_document.txt,standard,21,[[21]]
phi-3-mini-128k-instruct/viper/first_score_reference.txt,standard,47,[[47]]
phi-3-mini-128k-instruct/viper/second_score_reference.txt,standard,59,[[59]]
phi-3-mini-128k-instruct/viper/first_score_reference_document.txt,standard,26,[[26]]
phi-3-mini-128k-instruct/viper/second_score_reference_document.txt,standard,48,[[48]]
phi-3-mini-128k-instruct/viper/second_score_document.txt,standard,46,[[46]]
phi-3-mini-128k-instruct/viper/third_score_document.txt,standard,85,[[85]]
phi-3-mini-128k-instruct/lidar/third_score_reference.txt,standard,47,[[47]]
phi-3-mini-128k-instruct/lidar/third_score_reference_document.txt,standard,12,[[12]]
phi-3-mini-128k-instruct/lidar/first_score_document.txt,standard,None,[[0]]
phi-3-mini-128k-instruct/lidar/first_score_reference.txt,standard,13,[[13]]
phi-3-mini-128k-instruct/lidar/second_score_reference.txt,standard,14,[[14]]
phi-3-mini-128k-instruct/lidar/first_score_reference_document.txt,standard,19,[[19]]
phi-3-mini-128k-instruct/lidar/second_score_reference_document.txt,standard,5,[[5]]
phi-3-mini-128k-instruct/lidar/second_score_document.txt,standard,None,[[0]]
phi-3-mini-128k-instruct/lidar/third_score_document.txt,math_expr,-69,[[-69]]
phi-3-mini-128k-instruct/rigid_highway/third_score_reference.txt,standard,40,[[40]]
phi-3-mini-128k-instruct/rigid_highway/third_score_reference_document.txt,standard,5,[[5]]
phi-3-mini-128k-instruct/rigid_highway/first_score_document.txt,standard,10,[[10]]
phi-3-mini-128k-instruct/rigid_highway/first_score_reference.txt,standard,20,[[20]]
phi-3-mini-128k-instruct/rigid_highway/second_score_reference.txt,standard,70,[[70]]
phi-3-mini-128k-instruct/rigid_highway/first_score_reference_document.txt,standard,6,[[6]]
phi-3-mini-128k-instruct/rigid_highway/second_score_reference_document.txt,standard,2,[[2]]
phi-3-mini-128k-instruct/rigid_highway/second_score_document.txt,standard,78,[[78]]
phi-3-mini-128k-instruct/rigid_highway/third_score_document.txt,standard,95,[[95]]
phi-3-mini-128k-instruct/pendulum/third_score_reference.txt,standard,66,[[66]]
phi-3-mini-128k-instruct/pendulum/third_score_reference_document.txt,standard,64,[[64]]
phi-3-mini-128k-instruct/pendulum/first_score_document.txt,standard,13,[[13]]
phi-3-mini-128k-instruct/pendulum/first_score_reference.txt,standard,17,[[17]]
phi-3-mini-128k-instruct/pendulum/second_score_reference.txt,standard,68,[[68]]
phi-3-mini-128k-instruct/pendulum/first_score_reference_document.txt,standard,6,[[6]]
phi-3-mini-128k-instruct/pendulum/second_score_reference_document.txt,standard,49,[[49]]
phi-3-mini-128k-instruct/pendulum/second_score_document.txt,standard,45,[[45]]
phi-3-mini-128k-instruct/pendulum/third_score_document.txt,standard,29,[[29]]
phi-3-mini-128k-instruct/hmmwv/third_score_reference.txt,standard,61,[[61]]
phi-3-mini-128k-instruct/hmmwv/third_score_reference_document.txt,standard,13,[[13]]
phi-3-mini-128k-instruct/hmmwv/first_score_document.txt,standard,None,[[0]]
phi-3-mini-128k-instruct/hmmwv/first_score_reference.txt,standard,49,[[49]]
phi-3-mini-128k-instruct/hmmwv/second_score_reference.txt,standard,82,[[82]]
phi-3-mini-128k-instruct/hmmwv/first_score_reference_document.txt,standard,12,[[12]]
phi-3-mini-128k-instruct/hmmwv/second_score_reference_document.txt,standard,64,[[64]]
phi-3-mini-128k-instruct/hmmwv/second_score_document.txt,standard,58,[[58]]
phi-3-mini-128k-instruct/hmmwv/third_score_document.txt,standard,17,[[17]]
phi-3-mini-128k-instruct/turtlebot/third_score_reference.txt,standard,42,[[42]]
phi-3-mini-128k-instruct/turtlebot/third_score_reference_document.txt,standard,10,[[10]]
phi-3-mini-128k-instruct/turtlebot/first_score_document.txt,standard,5,[[5]]
phi-3-mini-128k-instruct/turtlebot/first_score_reference.txt,standard,None,[[0]]
phi-3-mini-128k-instruct/turtlebot/second_score_reference.txt,standard,59,[[59]]
phi-3-mini-128k-instruct/turtlebot/first_score_reference_document.txt,standard,45,[[45]]
phi-3-mini-128k-instruct/turtlebot/second_score_reference_document.txt,standard,53,[[53]]
phi-3-mini-128k-instruct/turtlebot/second_score_document.txt,standard,61,[[61]]
phi-3-mini-128k-instruct/turtlebot/third_score_document.txt,standard,12,[[12]]
phi-3-mini-128k-instruct/mass_spring_damper/third_score_reference.txt,standard,70,[[70]]
phi-3-mini-128k-instruct/mass_spring_damper/third_score_reference_document.txt,standard,70,[[70]]
phi-3-mini-128k-instruct/mass_spring_damper/first_score_document.txt,standard,48,[[48]]
phi-3-mini-128k-instruct/mass_spring_damper/first_score_reference.txt,standard,None,[[0]]
phi-3-mini-128k-instruct/mass_spring_damper/second_score_reference.txt,standard,51,[[51]]
phi-3-mini-128k-instruct/mass_spring_damper/first_score_reference_document.txt,standard,23,[[23]]
phi-3-mini-128k-instruct/mass_spring_damper/second_score_reference_document.txt,standard,57,[[57]]
phi-3-mini-128k-instruct/mass_spring_damper/second_score_document.txt,standard,28,[[28]]
phi-3-mini-128k-instruct/mass_spring_damper/third_score_document.txt,standard,73,[[73]]
phi-3-mini-128k-instruct/tablecloth/third_score_reference.txt,standard,54,[[54]]
phi-3-mini-128k-instruct/tablecloth/third_score_reference_document.txt,standard,None,[[0]]
phi-3-mini-128k-instruct/tablecloth/first_score_document.txt,not_found,None,No score pattern found
phi-3-mini-128k-instruct/tablecloth/first_score_reference.txt,standard,47,[[47]]
phi-3-mini-128k-instruct/tablecloth/second_score_reference.txt,standard,69,[[69]]
phi-3-mini-128k-instruct/tablecloth/first_score_reference_document.txt,standard,7,[[7]]
phi-3-mini-128k-instruct/tablecloth/second_score_reference_document.txt,standard,64,[[64]]
phi-3-mini-128k-instruct/tablecloth/second_score_document.txt,standard,22,[[22]]
phi-3-mini-128k-instruct/tablecloth/third_score_document.txt,standard,39,[[39]]
phi-3-mini-128k-instruct/kraz/third_score_reference.txt,standard,30,[[30]]
phi-3-mini-128k-instruct/kraz/third_score_reference_document.txt,standard,8,[[8]]
phi-3-mini-128k-instruct/kraz/first_score_document.txt,standard,None,[[0]]
phi-3-mini-128k-instruct/kraz/first_score_reference.txt,standard,47,[[47]]
phi-3-mini-128k-instruct/kraz/second_score_reference.txt,standard,82,[[82]]
phi-3-mini-128k-instruct/kraz/first_score_reference_document.txt,standard,None,[[0]]
phi-3-mini-128k-instruct/kraz/second_score_reference_document.txt,standard,48,[[48]]
phi-3-mini-128k-instruct/kraz/second_score_document.txt,standard,45,[[45]]
phi-3-mini-128k-instruct/kraz/third_score_document.txt,standard,24,[[24]]
phi-3-mini-128k-instruct/camera/third_score_reference.txt,standard,42,[[42]]
phi-3-mini-128k-instruct/camera/third_score_reference_document.txt,standard,2,[[2]]
phi-3-mini-128k-instruct/camera/first_score_document.txt,standard,16,[[16]]
phi-3-mini-128k-instruct/camera/first_score_reference.txt,standard,48,[[48]]
phi-3-mini-128k-instruct/camera/second_score_reference.txt,standard,54,[[54]]
phi-3-mini-128k-instruct/camera/first_score_reference_document.txt,standard,2,[[2]]
phi-3-mini-128k-instruct/camera/second_score_reference_document.txt,standard,52,[[52]]
phi-3-mini-128k-instruct/camera/second_score_document.txt,standard,39,[[39]]
phi-3-mini-128k-instruct/camera/third_score_document.txt,standard,45,[[45]]
phi-3-mini-128k-instruct/buckling/third_score_reference.txt,standard,28,[[28]]
phi-3-mini-128k-instruct/buckling/third_score_reference_document.txt,standard,51,[[51]]
phi-3-mini-128k-instruct/buckling/first_score_document.txt,standard,28,[[28]]
phi-3-mini-128k-instruct/buckling/first_score_reference.txt,standard,20,[[20]]
phi-3-mini-128k-instruct/buckling/second_score_reference.txt,standard,12,[[12]]
phi-3-mini-128k-instruct/buckling/first_score_reference_document.txt,standard,10,[[10]]
phi-3-mini-128k-instruct/buckling/second_score_reference_document.txt,standard,47,[[47]]
phi-3-mini-128k-instruct/buckling/second_score_document.txt,standard,None,[[0]]
phi-3-mini-128k-instruct/buckling/third_score_document.txt,standard,11,[[11]]
phi-3-mini-128k-instruct/gator/third_score_reference.txt,standard,92,[[92]]
phi-3-mini-128k-instruct/gator/third_score_reference_document.txt,standard,64,[[64]]
phi-3-mini-128k-instruct/gator/first_score_document.txt,standard,13,[[13]]
phi-3-mini-128k-instruct/gator/first_score_reference.txt,standard,14,[[14]]
phi-3-mini-128k-instruct/gator/second_score_reference.txt,standard,59,[[59]]
phi-3-mini-128k-instruct/gator/first_score_reference_document.txt,standard,17,[[17]]
phi-3-mini-128k-instruct/gator/second_score_reference_document.txt,standard,18,[[18]]
phi-3-mini-128k-instruct/gator/second_score_document.txt,standard,41,[[41]]
phi-3-mini-128k-instruct/gator/third_score_document.txt,standard,64,[[64]]
phi-3-mini-128k-instruct/slider_crank/third_score_reference.txt,standard,100,[[100]]
phi-3-mini-128k-instruct/slider_crank/third_score_reference_document.txt,standard,62,[[62]]
phi-3-mini-128k-instruct/slider_crank/first_score_document.txt,standard,15,[[15]]
phi-3-mini-128k-instruct/slider_crank/first_score_reference.txt,standard,21,[[21]]
phi-3-mini-128k-instruct/slider_crank/second_score_reference.txt,standard,60,[[60]]
phi-3-mini-128k-instruct/slider_crank/first_score_reference_document.txt,standard,51,[[51]]
phi-3-mini-128k-instruct/slider_crank/second_score_reference_document.txt,standard,59,[[59]]
phi-3-mini-128k-instruct/slider_crank/second_score_document.txt,standard,34,[[34]]
phi-3-mini-128k-instruct/slider_crank/third_score_document.txt,standard,53,[[53]]
phi-3-mini-128k-instruct/feda/third_score_reference.txt,standard,27,[[27]]
phi-3-mini-128k-instruct/feda/third_score_reference_document.txt,standard,55,[[55]]
phi-3-mini-128k-instruct/feda/first_score_document.txt,standard,26,[[26]]
phi-3-mini-128k-instruct/feda/first_score_reference.txt,standard,16,[[16]]
phi-3-mini-128k-instruct/feda/second_score_reference.txt,standard,72,[[72]]
phi-3-mini-128k-instruct/feda/first_score_reference_document.txt,standard,51,[[51]]
phi-3-mini-128k-instruct/feda/second_score_reference_document.txt,standard,7,[[7]]
phi-3-mini-128k-instruct/feda/second_score_document.txt,standard,55,[[55]]
phi-3-mini-128k-instruct/feda/third_score_document.txt,standard,42,[[42]]
llama-3.3-70b-instruct/scm/third_score_reference.txt,standard,70,[[70]]
llama-3.3-70b-instruct/scm/third_score_reference_document.txt,standard,59,[[59]]
llama-3.3-70b-instruct/scm/first_score_document.txt,standard,24,[[24]]
llama-3.3-70b-instruct/scm/first_score_reference.txt,standard,47,[[47]]
llama-3.3-70b-instruct/scm/second_score_reference.txt,standard,82,[[82]]
llama-3.3-70b-instruct/scm/first_score_reference_document.txt,standard,23,[[23]]
llama-3.3-70b-instruct/scm/second_score_reference_document.txt,standard,27,[[27]]
llama-3.3-70b-instruct/scm/second_score_document.txt,standard,72,[[72]]
llama-3.3-70b-instruct/scm/third_score_document.txt,standard,68,[[68]]
llama-3.3-70b-instruct/citybus/third_score_reference.txt,standard,22,[[22]]
llama-3.3-70b-instruct/citybus/third_score_reference_document.txt,standard,71,[[71]]
llama-3.3-70b-instruct/citybus/first_score_document.txt,standard,37,[[37]]
llama-3.3-70b-instruct/citybus/first_score_reference.txt,standard,14,[[14]]
llama-3.3-70b-instruct/citybus/second_score_reference.txt,standard,67,[[67]]
llama-3.3-70b-instruct/citybus/first_score_reference_document.txt,standard,9,[[9]]
llama-3.3-70b-instruct/citybus/second_score_reference_document.txt,standard,75,[[75]]
llama-3.3-70b-instruct/citybus/second_score_document.txt,standard,73,[[73]]
llama-3.3-70b-instruct/citybus/third_score_document.txt,standard,63,[[63]]
llama-3.3-70b-instruct/gps_imu/third_score_reference.txt,standard,82,[[82]]
llama-3.3-70b-instruct/gps_imu/third_score_reference_document.txt,standard,33,[[33]]
llama-3.3-70b-instruct/gps_imu/first_score_document.txt,standard,28,[[28]]
llama-3.3-70b-instruct/gps_imu/first_score_reference.txt,standard,None,[[0]]
llama-3.3-70b-instruct/gps_imu/second_score_reference.txt,standard,83,[[83]]
llama-3.3-70b-instruct/gps_imu/first_score_reference_document.txt,standard,9,[[9]]
llama-3.3-70b-instruct/gps_imu/second_score_reference_document.txt,standard,32,[[32]]
llama-3.3-70b-instruct/gps_imu/second_score_document.txt,standard,46,[[46]]
llama-3.3-70b-instruct/gps_imu/third_score_document.txt,standard,75,[[75]]
llama-3.3-70b-instruct/rotor/third_score_reference.txt,standard,85,[[85]]
llama-3.3-70b-instruct/rotor/third_score_reference_document.txt,standard,39,[[39]]
llama-3.3-70b-instruct/rotor/first_score_document.txt,standard,24,[[24]]
llama-3.3-70b-instruct/rotor/first_score_reference.txt,standard,19,[[19]]
llama-3.3-70b-instruct/rotor/second_score_reference.txt,standard,38,[[38]]
llama-3.3-70b-instruct/rotor/first_score_reference_document.txt,standard,14,[[14]]
llama-3.3-70b-instruct/rotor/second_score_reference_document.txt,standard,45,[[45]]
llama-3.3-70b-instruct/rotor/second_score_document.txt,standard,72,[[72]]
llama-3.3-70b-instruct/rotor/third_score_document.txt,standard,75,[[75]]
llama-3.3-70b-instruct/rigid_multipatches/third_score_reference.txt,standard,83,[[83]]
llama-3.3-70b-instruct/rigid_multipatches/third_score_reference_document.txt,standard,49,[[49]]
llama-3.3-70b-instruct/rigid_multipatches/first_score_document.txt,standard,52,[[52]]
llama-3.3-70b-instruct/rigid_multipatches/first_score_reference.txt,standard,20,[[20]]
llama-3.3-70b-instruct/rigid_multipatches/second_score_reference.txt,standard,82,[[82]]
llama-3.3-70b-instruct/rigid_multipatches/first_score_reference_document.txt,standard,52,[[52]]
llama-3.3-70b-instruct/rigid_multipatches/second_score_reference_document.txt,standard,57,[[57]]
llama-3.3-70b-instruct/rigid_multipatches/second_score_document.txt,standard,34,[[34]]
llama-3.3-70b-instruct/rigid_multipatches/third_score_document.txt,standard,67,[[67]]
llama-3.3-70b-instruct/cable/third_score_reference.txt,standard,63,[[63]]
llama-3.3-70b-instruct/cable/third_score_reference_document.txt,standard,34,[[34]]
llama-3.3-70b-instruct/cable/first_score_document.txt,standard,None,[[0]]
llama-3.3-70b-instruct/cable/first_score_reference.txt,standard,52,[[52]]
llama-3.3-70b-instruct/cable/second_score_reference.txt,standard,100,[[100]]
llama-3.3-70b-instruct/cable/first_score_reference_document.txt,standard,52,[[52]]
llama-3.3-70b-instruct/cable/second_score_reference_document.txt,standard,68,[[68]]
llama-3.3-70b-instruct/cable/second_score_document.txt,standard,80,[[80]]
llama-3.3-70b-instruct/cable/third_score_document.txt,standard,86,[[86]]
llama-3.3-70b-instruct/sensros/third_score_reference.txt,standard,68,[[68]]
llama-3.3-70b-instruct/sensros/third_score_reference_document.txt,standard,57,[[57]]
llama-3.3-70b-instruct/sensros/first_score_document.txt,standard,46,[[46]]
llama-3.3-70b-instruct/sensros/first_score_reference.txt,standard,35,[[35]]
llama-3.3-70b-instruct/sensros/second_score_reference.txt,standard,67,[[67]]
llama-3.3-70b-instruct/sensros/first_score_reference_document.txt,standard,30,[[30]]
llama-3.3-70b-instruct/sensros/second_score_reference_document.txt,standard,52,[[52]]
llama-3.3-70b-instruct/sensros/second_score_document.txt,standard,85,[[85]]
llama-3.3-70b-instruct/sensros/third_score_document.txt,standard,61,[[61]]
llama-3.3-70b-instruct/scm_hill/third_score_reference.txt,standard,35,[[35]]
llama-3.3-70b-instruct/scm_hill/third_score_reference_document.txt,standard,79,[[79]]
llama-3.3-70b-instruct/scm_hill/first_score_document.txt,standard,55,[[55]]
llama-3.3-70b-instruct/scm_hill/first_score_reference.txt,standard,12,[[12]]
llama-3.3-70b-instruct/scm_hill/second_score_reference.txt,standard,71,[[71]]
llama-3.3-70b-instruct/scm_hill/first_score_reference_document.txt,standard,2,[[2]]
llama-3.3-70b-instruct/scm_hill/second_score_reference_document.txt,standard,47,[[47]]
llama-3.3-70b-instruct/scm_hill/second_score_document.txt,standard,65,[[65]]
llama-3.3-70b-instruct/scm_hill/third_score_document.txt,standard,82,[[82]]
llama-3.3-70b-instruct/veh_app/third_score_reference.txt,standard,100,[[100]]
llama-3.3-70b-instruct/veh_app/third_score_reference_document.txt,standard,62,[[62]]
llama-3.3-70b-instruct/veh_app/first_score_document.txt,standard,42,[[42]]
llama-3.3-70b-instruct/veh_app/first_score_reference.txt,standard,32,[[32]]
llama-3.3-70b-instruct/veh_app/second_score_reference.txt,standard,20,[[20]]
llama-3.3-70b-instruct/veh_app/first_score_reference_document.txt,standard,10,[[10]]
llama-3.3-70b-instruct/veh_app/second_score_reference_document.txt,standard,55,[[55]]
llama-3.3-70b-instruct/veh_app/second_score_document.txt,standard,69,[[69]]
llama-3.3-70b-instruct/veh_app/third_score_document.txt,standard,None,[[0]]
llama-3.3-70b-instruct/gear/third_score_reference.txt,standard,91,[[91]]
llama-3.3-70b-instruct/gear/third_score_reference_document.txt,standard,81,[[81]]
llama-3.3-70b-instruct/gear/first_score_document.txt,standard,30,[[30]]
llama-3.3-70b-instruct/gear/first_score_reference.txt,standard,16,[[16]]
llama-3.3-70b-instruct/gear/second_score_reference.txt,standard,100,[[100]]
llama-3.3-70b-instruct/gear/first_score_reference_document.txt,standard,51,[[51]]
llama-3.3-70b-instruct/gear/second_score_reference_document.txt,standard,95,[[95]]
llama-3.3-70b-instruct/gear/second_score_document.txt,standard,87,[[87]]
llama-3.3-70b-instruct/gear/third_score_document.txt,standard,19,[[19]]
llama-3.3-70b-instruct/art/third_score_reference.txt,standard,40,[[40]]
llama-3.3-70b-instruct/art/third_score_reference_document.txt,standard,100,[[100]]
llama-3.3-70b-instruct/art/first_score_document.txt,standard,37,[[37]]
llama-3.3-70b-instruct/art/first_score_reference.txt,standard,8,[[8]]
llama-3.3-70b-instruct/art/second_score_reference.txt,standard,100,[[100]]
llama-3.3-70b-instruct/art/first_score_reference_document.txt,standard,19,[[19]]
llama-3.3-70b-instruct/art/second_score_reference_document.txt,standard,83,[[83]]
llama-3.3-70b-instruct/art/second_score_document.txt,standard,64,[[64]]
llama-3.3-70b-instruct/art/third_score_document.txt,standard,76,[[76]]
llama-3.3-70b-instruct/man/third_score_reference.txt,standard,67,[[67]]
llama-3.3-70b-instruct/man/third_score_reference_document.txt,standard,52,[[52]]
llama-3.3-70b-instruct/man/first_score_document.txt,standard,20,[[20]]
llama-3.3-70b-instruct/man/first_score_reference.txt,standard,32,[[32]]
llama-3.3-70b-instruct/man/second_score_reference.txt,standard,83,[[83]]
llama-3.3-70b-instruct/man/first_score_reference_document.txt,standard,None,[[0]]
llama-3.3-70b-instruct/man/second_score_reference_document.txt,standard,55,[[55]]
llama-3.3-70b-instruct/man/second_score_document.txt,standard,69,[[69]]
llama-3.3-70b-instruct/man/third_score_document.txt,standard,32,[[32]]
llama-3.3-70b-instruct/curiosity/third_score_reference.txt,standard,52,[[52]]
llama-3.3-70b-instruct/curiosity/third_score_reference_document.txt,standard,47,[[47]]
llama-3.3-70b-instruct/curiosity/first_score_document.txt,standard,16,[[16]]
llama-3.3-70b-instruct/curiosity/first_score_reference.txt,standard,24,[[24]]
llama-3.3-70b-instruct/curiosity/second_score_reference.txt,standard,21,[[21]]
llama-3.3-70b-instruct/curiosity/first_score_reference_document.txt,standard,15,[[15]]
llama-3.3-70b-instruct/curiosity/second_score_reference_document.txt,standard,35,[[35]]
llama-3.3-70b-instruct/curiosity/second_score_document.txt,standard,28,[[28]]
llama-3.3-70b-instruct/curiosity/third_score_document.txt,standard,62,[[62]]
llama-3.3-70b-instruct/vehros/third_score_reference.txt,standard,82,[[82]]
llama-3.3-70b-instruct/vehros/third_score_reference_document.txt,standard,64,[[64]]
llama-3.3-70b-instruct/vehros/first_score_document.txt,standard,None,[[0]]
llama-3.3-70b-instruct/vehros/first_score_reference.txt,standard,19,[[19]]
llama-3.3-70b-instruct/vehros/second_score_reference.txt,standard,78,[[78]]
llama-3.3-70b-instruct/vehros/first_score_reference_document.txt,standard,4,[[4]]
llama-3.3-70b-instruct/vehros/second_score_reference_document.txt,standard,24,[[24]]
llama-3.3-70b-instruct/vehros/second_score_document.txt,standard,89,[[89]]
llama-3.3-70b-instruct/vehros/third_score_document.txt,standard,18,[[18]]
llama-3.3-70b-instruct/uazbus/third_score_reference.txt,standard,24,[[24]]
llama-3.3-70b-instruct/uazbus/third_score_reference_document.txt,standard,55,[[55]]
llama-3.3-70b-instruct/uazbus/first_score_document.txt,standard,62,[[62]]
llama-3.3-70b-instruct/uazbus/first_score_reference.txt,standard,None,[[0]]
llama-3.3-70b-instruct/uazbus/second_score_reference.txt,standard,85,[[85]]
llama-3.3-70b-instruct/uazbus/first_score_reference_document.txt,standard,4,[[4]]
llama-3.3-70b-instruct/uazbus/second_score_reference_document.txt,standard,22,[[22]]
llama-3.3-70b-instruct/uazbus/second_score_document.txt,standard,55,[[55]]
llama-3.3-70b-instruct/uazbus/third_score_document.txt,standard,75,[[75]]
llama-3.3-70b-instruct/handler/third_score_reference.txt,standard,100,[[100]]
llama-3.3-70b-instruct/handler/third_score_reference_document.txt,standard,47,[[47]]
llama-3.3-70b-instruct/handler/first_score_document.txt,standard,40,[[40]]
llama-3.3-70b-instruct/handler/first_score_reference.txt,standard,20,[[20]]
llama-3.3-70b-instruct/handler/second_score_reference.txt,standard,20,[[20]]
llama-3.3-70b-instruct/handler/first_score_reference_document.txt,standard,23,[[23]]
llama-3.3-70b-instruct/handler/second_score_reference_document.txt,standard,42,[[42]]
llama-3.3-70b-instruct/handler/second_score_document.txt,standard,77,[[77]]
llama-3.3-70b-instruct/handler/third_score_document.txt,standard,62,[[62]]
llama-3.3-70b-instruct/beam/third_score_reference.txt,standard,77,[[77]]
llama-3.3-70b-instruct/beam/third_score_reference_document.txt,standard,77,[[77]]
llama-3.3-70b-instruct/beam/first_score_document.txt,standard,35,[[35]]
llama-3.3-70b-instruct/beam/first_score_reference.txt,standard,59,[[59]]
llama-3.3-70b-instruct/beam/second_score_reference.txt,standard,92,[[92]]
llama-3.3-70b-instruct/beam/first_score_reference_document.txt,standard,27,[[27]]
llama-3.3-70b-instruct/beam/second_score_reference_document.txt,standard,72,[[72]]
llama-3.3-70b-instruct/beam/second_score_document.txt,standard,70,[[70]]
llama-3.3-70b-instruct/beam/third_score_document.txt,standard,2,[[2]]
llama-3.3-70b-instruct/particles/third_score_reference.txt,standard,58,[[58]]
llama-3.3-70b-instruct/particles/third_score_reference_document.txt,standard,61,[[61]]
llama-3.3-70b-instruct/particles/first_score_document.txt,standard,38,[[38]]
llama-3.3-70b-instruct/particles/first_score_reference.txt,standard,71,[[71]]
llama-3.3-70b-instruct/particles/second_score_reference.txt,standard,97,[[97]]
llama-3.3-70b-instruct/particles/first_score_reference_document.txt,standard,55,[[55]]
llama-3.3-70b-instruct/particles/second_score_reference_document.txt,standard,20,[[20]]
llama-3.3-70b-instruct/particles/second_score_document.txt,standard,32,[[32]]
llama-3.3-70b-instruct/particles/third_score_document.txt,standard,63,[[63]]
llama-3.3-70b-instruct/m113/third_score_reference.txt,standard,82,[[82]]
llama-3.3-70b-instruct/m113/third_score_reference_document.txt,standard,62,[[62]]
llama-3.3-70b-instruct/m113/first_score_document.txt,standard,17,[[17]]
llama-3.3-70b-instruct/m113/first_score_reference.txt,standard,None,[[0]]
llama-3.3-70b-instruct/m113/second_score_reference.txt,standard,65,[[65]]
llama-3.3-70b-instruct/m113/first_score_reference_document.txt,standard,13,[[13]]
llama-3.3-70b-instruct/m113/second_score_reference_document.txt,standard,60,[[60]]
llama-3.3-70b-instruct/m113/second_score_document.txt,standard,56,[[56]]
llama-3.3-70b-instruct/m113/third_score_document.txt,standard,43,[[43]]
llama-3.3-70b-instruct/sedan/third_score_reference.txt,standard,53,[[53]]
llama-3.3-70b-instruct/sedan/third_score_reference_document.txt,standard,55,[[55]]
llama-3.3-70b-instruct/sedan/first_score_document.txt,standard,31,[[31]]
llama-3.3-70b-instruct/sedan/first_score_reference.txt,standard,14,[[14]]
llama-3.3-70b-instruct/sedan/second_score_reference.txt,standard,73,[[73]]
llama-3.3-70b-instruct/sedan/first_score_reference_document.txt,standard,12,[[12]]
llama-3.3-70b-instruct/sedan/second_score_reference_document.txt,standard,60,[[60]]
llama-3.3-70b-instruct/sedan/second_score_document.txt,standard,56,[[56]]
llama-3.3-70b-instruct/sedan/third_score_document.txt,standard,62,[[62]]
llama-3.3-70b-instruct/viper/third_score_reference.txt,standard,70,[[70]]
llama-3.3-70b-instruct/viper/third_score_reference_document.txt,standard,28,[[28]]
llama-3.3-70b-instruct/viper/first_score_document.txt,standard,35,[[35]]
llama-3.3-70b-instruct/viper/first_score_reference.txt,standard,27,[[27]]
llama-3.3-70b-instruct/viper/second_score_reference.txt,standard,92,[[92]]
llama-3.3-70b-instruct/viper/first_score_reference_document.txt,standard,57,[[57]]
llama-3.3-70b-instruct/viper/second_score_reference_document.txt,standard,78,[[78]]
llama-3.3-70b-instruct/viper/second_score_document.txt,standard,44,[[44]]
llama-3.3-70b-instruct/viper/third_score_document.txt,standard,35,[[35]]
llama-3.3-70b-instruct/lidar/third_score_reference.txt,standard,None,[[0]]
llama-3.3-70b-instruct/lidar/third_score_reference_document.txt,standard,32,[[32]]
llama-3.3-70b-instruct/lidar/first_score_document.txt,standard,14,[[14]]
llama-3.3-70b-instruct/lidar/first_score_reference.txt,standard,40,[[40]]
llama-3.3-70b-instruct/lidar/second_score_reference.txt,standard,82,[[82]]
llama-3.3-70b-instruct/lidar/first_score_reference_document.txt,standard,6,[[6]]
llama-3.3-70b-instruct/lidar/second_score_reference_document.txt,standard,65,[[65]]
llama-3.3-70b-instruct/lidar/second_score_document.txt,standard,36,[[36]]
llama-3.3-70b-instruct/lidar/third_score_document.txt,standard,17,[[17]]
llama-3.3-70b-instruct/rigid_highway/third_score_reference.txt,standard,75,[[75]]
llama-3.3-70b-instruct/rigid_highway/third_score_reference_document.txt,standard,83,[[83]]
llama-3.3-70b-instruct/rigid_highway/first_score_document.txt,standard,19,[[19]]
llama-3.3-70b-instruct/rigid_highway/first_score_reference.txt,standard,57,[[57]]
llama-3.3-70b-instruct/rigid_highway/second_score_reference.txt,standard,92,[[92]]
llama-3.3-70b-instruct/rigid_highway/first_score_reference_document.txt,standard,14,[[14]]
llama-3.3-70b-instruct/rigid_highway/second_score_reference_document.txt,standard,71,[[71]]
llama-3.3-70b-instruct/rigid_highway/second_score_document.txt,standard,68,[[68]]
llama-3.3-70b-instruct/rigid_highway/third_score_document.txt,standard,43,[[43]]
llama-3.3-70b-instruct/pendulum/third_score_reference.txt,standard,82,[[82]]
llama-3.3-70b-instruct/pendulum/third_score_reference_document.txt,standard,68,[[68]]
llama-3.3-70b-instruct/pendulum/first_score_document.txt,standard,25,[[25]]
llama-3.3-70b-instruct/pendulum/first_score_reference.txt,standard,54,[[54]]
llama-3.3-70b-instruct/pendulum/second_score_reference.txt,standard,63,[[63]]
llama-3.3-70b-instruct/pendulum/first_score_reference_document.txt,standard,67,[[67]]
llama-3.3-70b-instruct/pendulum/second_score_reference_document.txt,standard,22,[[22]]
llama-3.3-70b-instruct/pendulum/second_score_document.txt,standard,61,[[61]]
llama-3.3-70b-instruct/pendulum/third_score_document.txt,standard,29,[[29]]
llama-3.3-70b-instruct/hmmwv/third_score_reference.txt,standard,92,[[92]]
llama-3.3-70b-instruct/hmmwv/third_score_reference_document.txt,standard,47,[[47]]
llama-3.3-70b-instruct/hmmwv/first_score_document.txt,standard,80,[[80]]
llama-3.3-70b-instruct/hmmwv/first_score_reference.txt,standard,69,[[69]]
llama-3.3-70b-instruct/hmmwv/second_score_reference.txt,standard,32,[[32]]
llama-3.3-70b-instruct/hmmwv/first_score_reference_document.txt,standard,24,[[24]]
llama-3.3-70b-instruct/hmmwv/second_score_reference_document.txt,standard,62,[[62]]
llama-3.3-70b-instruct/hmmwv/second_score_document.txt,standard,63,[[63]]
llama-3.3-70b-instruct/hmmwv/third_score_document.txt,standard,75,[[75]]
llama-3.3-70b-instruct/turtlebot/third_score_reference.txt,standard,32,[[32]]
llama-3.3-70b-instruct/turtlebot/third_score_reference_document.txt,standard,52,[[52]]
llama-3.3-70b-instruct/turtlebot/first_score_document.txt,standard,48,[[48]]
llama-3.3-70b-instruct/turtlebot/first_score_reference.txt,standard,17,[[17]]
llama-3.3-70b-instruct/turtlebot/second_score_reference.txt,standard,50,[[50]]
llama-3.3-70b-instruct/turtlebot/first_score_reference_document.txt,standard,17,[[17]]
llama-3.3-70b-instruct/turtlebot/second_score_reference_document.txt,standard,64,[[64]]
llama-3.3-70b-instruct/turtlebot/second_score_document.txt,standard,22,[[22]]
llama-3.3-70b-instruct/turtlebot/third_score_document.txt,standard,None,[[0]]
llama-3.3-70b-instruct/mass_spring_damper/third_score_reference.txt,standard,67,[[67]]
llama-3.3-70b-instruct/mass_spring_damper/third_score_reference_document.txt,standard,47,[[47]]
llama-3.3-70b-instruct/mass_spring_damper/first_score_document.txt,standard,29,[[29]]
llama-3.3-70b-instruct/mass_spring_damper/first_score_reference.txt,standard,18,[[18]]
llama-3.3-70b-instruct/mass_spring_damper/second_score_reference.txt,standard,40,[[40]]
llama-3.3-70b-instruct/mass_spring_damper/first_score_reference_document.txt,standard,25,[[25]]
llama-3.3-70b-instruct/mass_spring_damper/second_score_reference_document.txt,standard,20,[[20]]
llama-3.3-70b-instruct/mass_spring_damper/second_score_document.txt,standard,71,[[71]]
llama-3.3-70b-instruct/mass_spring_damper/third_score_document.txt,standard,70,[[70]]
llama-3.3-70b-instruct/tablecloth/third_score_reference.txt,standard,12,[[12]]
llama-3.3-70b-instruct/tablecloth/third_score_reference_document.txt,standard,68,[[68]]
llama-3.3-70b-instruct/tablecloth/first_score_document.txt,standard,35,[[35]]
llama-3.3-70b-instruct/tablecloth/first_score_reference.txt,standard,15,[[15]]
llama-3.3-70b-instruct/tablecloth/second_score_reference.txt,standard,68,[[68]]
llama-3.3-70b-instruct/tablecloth/first_score_reference_document.txt,standard,51,[[51]]
llama-3.3-70b-instruct/tablecloth/second_score_reference_document.txt,standard,54,[[54]]
llama-3.3-70b-instruct/tablecloth/second_score_document.txt,standard,31,[[31]]
llama-3.3-70b-instruct/tablecloth/third_score_document.txt,standard,6,[[6]]
llama-3.3-70b-instruct/kraz/third_score_reference.txt,standard,17,[[17]]
llama-3.3-70b-instruct/kraz/third_score_reference_document.txt,standard,19,[[19]]
llama-3.3-70b-instruct/kraz/first_score_document.txt,standard,11,[[11]]
llama-3.3-70b-instruct/kraz/first_score_reference.txt,standard,9,[[9]]
llama-3.3-70b-instruct/kraz/second_score_reference.txt,standard,63,[[63]]
llama-3.3-70b-instruct/kraz/first_score_reference_document.txt,standard,14,[[14]]
llama-3.3-70b-instruct/kraz/second_score_reference_document.txt,standard,42,[[42]]
llama-3.3-70b-instruct/kraz/second_score_document.txt,standard,48,[[48]]
llama-3.3-70b-instruct/kraz/third_score_document.txt,standard,40,[[40]]
llama-3.3-70b-instruct/camera/third_score_reference.txt,standard,23,[[23]]
llama-3.3-70b-instruct/camera/third_score_reference_document.txt,standard,57,[[57]]
llama-3.3-70b-instruct/camera/first_score_document.txt,math_expr,26,[[100 - 74]]
llama-3.3-70b-instruct/camera/first_score_reference.txt,standard,37,[[37]]
llama-3.3-70b-instruct/camera/second_score_reference.txt,standard,91,[[91]]
llama-3.3-70b-instruct/camera/first_score_reference_document.txt,standard,14,[[14]]
llama-3.3-70b-instruct/camera/second_score_reference_document.txt,standard,76,[[76]]
llama-3.3-70b-instruct/camera/second_score_document.txt,standard,53,[[53]]
llama-3.3-70b-instruct/camera/third_score_document.txt,standard,47,[[47]]
llama-3.3-70b-instruct/buckling/third_score_reference.txt,standard,17,[[17]]
llama-3.3-70b-instruct/buckling/third_score_reference_document.txt,standard,42,[[42]]
llama-3.3-70b-instruct/buckling/first_score_document.txt,standard,55,[[55]]
llama-3.3-70b-instruct/buckling/first_score_reference.txt,standard,65,[[65]]
llama-3.3-70b-instruct/buckling/second_score_reference.txt,standard,100,[[100]]
llama-3.3-70b-instruct/buckling/first_score_reference_document.txt,standard,57,[[57]]
llama-3.3-70b-instruct/buckling/second_score_reference_document.txt,standard,None,[[0]]
llama-3.3-70b-instruct/buckling/second_score_document.txt,standard,78,[[78]]
llama-3.3-70b-instruct/buckling/third_score_document.txt,standard,68,[[68]]
llama-3.3-70b-instruct/gator/third_score_reference.txt,standard,91,[[91]]
llama-3.3-70b-instruct/gator/third_score_reference_document.txt,standard,85,[[85]]
llama-3.3-70b-instruct/gator/first_score_document.txt,standard,37,[[37]]
llama-3.3-70b-instruct/gator/first_score_reference.txt,standard,57,[[57]]
llama-3.3-70b-instruct/gator/second_score_reference.txt,standard,51,[[51]]
llama-3.3-70b-instruct/gator/first_score_reference_document.txt,standard,24,[[24]]
llama-3.3-70b-instruct/gator/second_score_reference_document.txt,standard,34,[[34]]
llama-3.3-70b-instruct/gator/second_score_document.txt,standard,71,[[71]]
llama-3.3-70b-instruct/gator/third_score_document.txt,standard,50,[[50]]
llama-3.3-70b-instruct/slider_crank/third_score_reference.txt,standard,23,[[23]]
llama-3.3-70b-instruct/slider_crank/third_score_reference_document.txt,standard,37,[[37]]
llama-3.3-70b-instruct/slider_crank/first_score_document.txt,standard,10,[[10]]
llama-3.3-70b-instruct/slider_crank/first_score_reference.txt,standard,65,[[65]]
llama-3.3-70b-instruct/slider_crank/second_score_reference.txt,standard,77,[[77]]
llama-3.3-70b-instruct/slider_crank/first_score_reference_document.txt,standard,6,[[6]]
llama-3.3-70b-instruct/slider_crank/second_score_reference_document.txt,standard,59,[[59]]
llama-3.3-70b-instruct/slider_crank/second_score_document.txt,standard,50,[[50]]
llama-3.3-70b-instruct/slider_crank/third_score_document.txt,standard,39,[[39]]
llama-3.3-70b-instruct/feda/third_score_reference.txt,standard,70,[[70]]
llama-3.3-70b-instruct/feda/third_score_reference_document.txt,standard,42,[[42]]
llama-3.3-70b-instruct/feda/first_score_document.txt,standard,53,[[53]]
llama-3.3-70b-instruct/feda/first_score_reference.txt,standard,29,[[29]]
llama-3.3-70b-instruct/feda/second_score_reference.txt,standard,62,[[62]]
llama-3.3-70b-instruct/feda/first_score_reference_document.txt,standard,17,[[17]]
llama-3.3-70b-instruct/feda/second_score_reference_document.txt,standard,52,[[52]]
llama-3.3-70b-instruct/feda/second_score_document.txt,standard,70,[[70]]
llama-3.3-70b-instruct/feda/third_score_document.txt,standard,68,[[68]]
phi-3-medium-128k-instruct/scm/third_score_reference.txt,standard,52,[[52]]
phi-3-medium-128k-instruct/scm/third_score_reference_document.txt,standard,None,[[0]]
phi-3-medium-128k-instruct/scm/first_score_document.txt,standard,8,[[8]]
phi-3-medium-128k-instruct/scm/first_score_reference.txt,standard,10,[[10]]
phi-3-medium-128k-instruct/scm/second_score_reference.txt,standard,None,[[0]]
phi-3-medium-128k-instruct/scm/first_score_reference_document.txt,standard,3,[[3]]
phi-3-medium-128k-instruct/scm/second_score_reference_document.txt,standard,8,[[8]]
phi-3-medium-128k-instruct/scm/second_score_document.txt,standard,None,[[0]]
phi-3-medium-128k-instruct/scm/third_score_document.txt,standard,5,[[5]]
phi-3-medium-128k-instruct/citybus/third_score_reference.txt,standard,45,[[45]]
phi-3-medium-128k-instruct/citybus/third_score_reference_document.txt,standard,20,[[20]]
phi-3-medium-128k-instruct/citybus/first_score_document.txt,standard,16,[[16]]
phi-3-medium-128k-instruct/citybus/first_score_reference.txt,standard,58,[[58]]
phi-3-medium-128k-instruct/citybus/second_score_reference.txt,standard,92,[[92]]
phi-3-medium-128k-instruct/citybus/first_score_reference_document.txt,standard,None,[[0]]
phi-3-medium-128k-instruct/citybus/second_score_reference_document.txt,standard,40,[[40]]
phi-3-medium-128k-instruct/citybus/second_score_document.txt,standard,70,[[70]]
phi-3-medium-128k-instruct/citybus/third_score_document.txt,standard,60,[[60]]
phi-3-medium-128k-instruct/gps_imu/third_score_reference.txt,error,None,File contains error
phi-3-medium-128k-instruct/gps_imu/third_score_reference_document.txt,error,None,File contains error
phi-3-medium-128k-instruct/gps_imu/first_score_document.txt,standard,52,[[52]]
phi-3-medium-128k-instruct/gps_imu/first_score_reference.txt,standard,8,[[8]]
phi-3-medium-128k-instruct/gps_imu/second_score_reference.txt,error,None,File contains error
phi-3-medium-128k-instruct/gps_imu/first_score_reference_document.txt,standard,47,[[47]]
phi-3-medium-128k-instruct/gps_imu/second_score_reference_document.txt,error,None,File contains error
phi-3-medium-128k-instruct/gps_imu/second_score_document.txt,error,None,File contains error
phi-3-medium-128k-instruct/gps_imu/third_score_document.txt,error,None,File contains error
phi-3-medium-128k-instruct/rotor/third_score_reference.txt,standard,3,[[3]]
phi-3-medium-128k-instruct/rotor/third_score_reference_document.txt,standard,5,[[5]]
phi-3-medium-128k-instruct/rotor/first_score_document.txt,standard,None,[[0]]
phi-3-medium-128k-instruct/rotor/first_score_reference.txt,standard,27,[[27]]
phi-3-medium-128k-instruct/rotor/second_score_reference.txt,standard,10,[[10]]
phi-3-medium-128k-instruct/rotor/first_score_reference_document.txt,standard,10,[[10]]
phi-3-medium-128k-instruct/rotor/second_score_reference_document.txt,standard,None,[[0]]
phi-3-medium-128k-instruct/rotor/second_score_document.txt,standard,None,[[0]]
phi-3-medium-128k-instruct/rotor/third_score_document.txt,not_found,None,No score pattern found
phi-3-medium-128k-instruct/rigid_multipatches/third_score_reference.txt,standard,67,[[67]]
phi-3-medium-128k-instruct/rigid_multipatches/third_score_reference_document.txt,standard,None,[[0]]
phi-3-medium-128k-instruct/rigid_multipatches/first_score_document.txt,standard,21,[[21]]
phi-3-medium-128k-instruct/rigid_multipatches/first_score_reference.txt,standard,6,[[6]]
phi-3-medium-128k-instruct/rigid_multipatches/second_score_reference.txt,error,None,File contains error
phi-3-medium-128k-instruct/rigid_multipatches/first_score_reference_document.txt,standard,4,[[4]]
phi-3-medium-128k-instruct/rigid_multipatches/second_score_reference_document.txt,error,None,File contains error
phi-3-medium-128k-instruct/rigid_multipatches/second_score_document.txt,error,None,File contains error
phi-3-medium-128k-instruct/rigid_multipatches/third_score_document.txt,standard,40,[[40]]
phi-3-medium-128k-instruct/cable/third_score_reference.txt,error,None,File contains error
phi-3-medium-128k-instruct/cable/third_score_reference_document.txt,error,None,File contains error
phi-3-medium-128k-instruct/cable/first_score_document.txt,standard,53,[[53]]
phi-3-medium-128k-instruct/cable/first_score_reference.txt,standard,14,[[14]]
phi-3-medium-128k-instruct/cable/second_score_reference.txt,standard,75,[[75]]
phi-3-medium-128k-instruct/cable/first_score_reference_document.txt,standard,27,[[27]]
phi-3-medium-128k-instruct/cable/second_score_reference_document.txt,standard,86,[[86]]
phi-3-medium-128k-instruct/cable/second_score_document.txt,standard,19,[[19]]
phi-3-medium-128k-instruct/cable/third_score_document.txt,error,None,File contains error
phi-3-medium-128k-instruct/sensros/third_score_reference.txt,standard,45,[[45]]
phi-3-medium-128k-instruct/sensros/third_score_reference_document.txt,standard,None,[[0]]
phi-3-medium-128k-instruct/sensros/first_score_document.txt,standard,15,[[15]]
phi-3-medium-128k-instruct/sensros/first_score_reference.txt,standard,27,[[27]]
phi-3-medium-128k-instruct/sensros/second_score_reference.txt,standard,45,[[45]]
phi-3-medium-128k-instruct/sensros/first_score_reference_document.txt,standard,27,[[27]]
phi-3-medium-128k-instruct/sensros/second_score_reference_document.txt,standard,10,[[10]]
phi-3-medium-128k-instruct/sensros/second_score_document.txt,standard,10,[[10]]
phi-3-medium-128k-instruct/sensros/third_score_document.txt,standard,None,[[0]]
phi-3-medium-128k-instruct/scm_hill/third_score_reference.txt,standard,22,[[22]]
phi-3-medium-128k-instruct/scm_hill/third_score_reference_document.txt,standard,2,[[2]]
phi-3-medium-128k-instruct/scm_hill/first_score_document.txt,standard,3,[[3]]
phi-3-medium-128k-instruct/scm_hill/first_score_reference.txt,standard,None,[[0]]
phi-3-medium-128k-instruct/scm_hill/second_score_reference.txt,standard,4,[[4]]
phi-3-medium-128k-instruct/scm_hill/first_score_reference_document.txt,standard,1,[[1]]
phi-3-medium-128k-instruct/scm_hill/second_score_reference_document.txt,standard,8,[[8]]
phi-3-medium-128k-instruct/scm_hill/second_score_document.txt,standard,None,[[0]]
phi-3-medium-128k-instruct/scm_hill/third_score_document.txt,standard,10,[[10]]
phi-3-medium-128k-instruct/veh_app/third_score_reference.txt,standard,None,[[0]]
phi-3-medium-128k-instruct/veh_app/third_score_reference_document.txt,standard,None,[[0]]
phi-3-medium-128k-instruct/veh_app/first_score_document.txt,standard,9,[[9]]
phi-3-medium-128k-instruct/veh_app/first_score_reference.txt,standard,26,[[26]]
phi-3-medium-128k-instruct/veh_app/second_score_reference.txt,standard,None,[[0]]
phi-3-medium-128k-instruct/veh_app/first_score_reference_document.txt,standard,51,[[51]]
phi-3-medium-128k-instruct/veh_app/second_score_reference_document.txt,standard,7,[[7]]
phi-3-medium-128k-instruct/veh_app/second_score_document.txt,standard,19,[[19]]
phi-3-medium-128k-instruct/veh_app/third_score_document.txt,standard,None,[[0]]
phi-3-medium-128k-instruct/gear/third_score_reference.txt,error,None,File contains error
phi-3-medium-128k-instruct/gear/third_score_reference_document.txt,error,None,File contains error
phi-3-medium-128k-instruct/gear/first_score_document.txt,standard,None,[[0]]
phi-3-medium-128k-instruct/gear/first_score_reference.txt,standard,35,[[35]]
phi-3-medium-128k-instruct/gear/second_score_reference.txt,standard,22,[[22]]
phi-3-medium-128k-instruct/gear/first_score_reference_document.txt,standard,None,[[0]]
phi-3-medium-128k-instruct/gear/second_score_reference_document.txt,standard,47,[[47]]
phi-3-medium-128k-instruct/gear/second_score_document.txt,standard,None,[[0]]
phi-3-medium-128k-instruct/gear/third_score_document.txt,error,None,File contains error
phi-3-medium-128k-instruct/art/third_score_reference.txt,standard,99,[[99]]
phi-3-medium-128k-instruct/art/third_score_reference_document.txt,standard,48,[[48]]
phi-3-medium-128k-instruct/art/first_score_document.txt,standard,None,[[0]]
phi-3-medium-128k-instruct/art/first_score_reference.txt,standard,53,[[53]]
phi-3-medium-128k-instruct/art/second_score_reference.txt,standard,35,[[35]]
phi-3-medium-128k-instruct/art/first_score_reference_document.txt,standard,None,[[0]]
phi-3-medium-128k-instruct/art/second_score_reference_document.txt,standard,42,[[42]]
phi-3-medium-128k-instruct/art/second_score_document.txt,standard,63,[[63]]
phi-3-medium-128k-instruct/art/third_score_document.txt,standard,38,[[38]]
phi-3-medium-128k-instruct/man/third_score_reference.txt,standard,68,[[68]]
phi-3-medium-128k-instruct/man/third_score_reference_document.txt,standard,27,[[27]]
phi-3-medium-128k-instruct/man/first_score_document.txt,standard,None,[[0]]
phi-3-medium-128k-instruct/man/first_score_reference.txt,standard,38,[[38]]
phi-3-medium-128k-instruct/man/second_score_reference.txt,standard,73,[[73]]
phi-3-medium-128k-instruct/man/first_score_reference_document.txt,standard,37,[[37]]
phi-3-medium-128k-instruct/man/second_score_reference_document.txt,standard,60,[[60]]
phi-3-medium-128k-instruct/man/second_score_document.txt,standard,64,[[64]]
phi-3-medium-128k-instruct/man/third_score_document.txt,standard,46,[[46]]
phi-3-medium-128k-instruct/curiosity/third_score_reference.txt,standard,67,[[67]]
phi-3-medium-128k-instruct/curiosity/third_score_reference_document.txt,standard,60,[[60]]
phi-3-medium-128k-instruct/curiosity/first_score_document.txt,standard,None,[[0]]
phi-3-medium-128k-instruct/curiosity/first_score_reference.txt,standard,29,[[29]]
phi-3-medium-128k-instruct/curiosity/second_score_reference.txt,standard,75,[[75]]
phi-3-medium-128k-instruct/curiosity/first_score_reference_document.txt,standard,3,[[3]]
phi-3-medium-128k-instruct/curiosity/second_score_reference_document.txt,standard,52,[[52]]
phi-3-medium-128k-instruct/curiosity/second_score_document.txt,standard,63,[[63]]
phi-3-medium-128k-instruct/curiosity/third_score_document.txt,standard,71,[[71]]
phi-3-medium-128k-instruct/vehros/third_score_reference.txt,standard,37,[[37]]
phi-3-medium-128k-instruct/vehros/third_score_reference_document.txt,standard,2,[[2]]
phi-3-medium-128k-instruct/vehros/first_score_document.txt,standard,8,[[8]]
phi-3-medium-128k-instruct/vehros/first_score_reference.txt,standard,26,[[26]]
phi-3-medium-128k-instruct/vehros/second_score_reference.txt,standard,18,[[18]]
phi-3-medium-128k-instruct/vehros/first_score_reference_document.txt,standard,49,[[49]]
phi-3-medium-128k-instruct/vehros/second_score_reference_document.txt,standard,None,[[0]]
phi-3-medium-128k-instruct/vehros/second_score_document.txt,standard,None,[[0]]
phi-3-medium-128k-instruct/vehros/third_score_document.txt,standard,None,[[0]]
phi-3-medium-128k-instruct/uazbus/third_score_reference.txt,standard,32,[[32]]
phi-3-medium-128k-instruct/uazbus/third_score_reference_document.txt,standard,9,[[9]]
phi-3-medium-128k-instruct/uazbus/first_score_document.txt,standard,25,[[25]]
phi-3-medium-128k-instruct/uazbus/first_score_reference.txt,standard,20,[[20]]
phi-3-medium-128k-instruct/uazbus/second_score_reference.txt,standard,80,[[80]]
phi-3-medium-128k-instruct/uazbus/first_score_reference_document.txt,standard,4,[[4]]
phi-3-medium-128k-instruct/uazbus/second_score_reference_document.txt,standard,8,[[8]]
phi-3-medium-128k-instruct/uazbus/second_score_document.txt,standard,9,[[9]]
phi-3-medium-128k-instruct/uazbus/third_score_document.txt,standard,4,[[4]]
phi-3-medium-128k-instruct/handler/third_score_reference.txt,standard,42,[[42]]
phi-3-medium-128k-instruct/handler/third_score_reference_document.txt,standard,56,[[56]]
phi-3-medium-128k-instruct/handler/first_score_document.txt,standard,20,[[20]]
phi-3-medium-128k-instruct/handler/first_score_reference.txt,standard,25,[[25]]
phi-3-medium-128k-instruct/handler/second_score_reference.txt,standard,40,[[40]]
phi-3-medium-128k-instruct/handler/first_score_reference_document.txt,standard,5,[[5]]
phi-3-medium-128k-instruct/handler/second_score_reference_document.txt,standard,52,[[52]]
phi-3-medium-128k-instruct/handler/second_score_document.txt,standard,17,[[17]]
phi-3-medium-128k-instruct/handler/third_score_document.txt,standard,45,[[45]]
phi-3-medium-128k-instruct/beam/third_score_reference.txt,error,None,File contains error
phi-3-medium-128k-instruct/beam/third_score_reference_document.txt,error,None,File contains error
phi-3-medium-128k-instruct/beam/first_score_document.txt,standard,41,[[41]]
phi-3-medium-128k-instruct/beam/first_score_reference.txt,standard,33,[[33]]
phi-3-medium-128k-instruct/beam/second_score_reference.txt,error,None,File contains error
phi-3-medium-128k-instruct/beam/first_score_reference_document.txt,standard,31,[[31]]
phi-3-medium-128k-instruct/beam/second_score_reference_document.txt,error,None,File contains error
phi-3-medium-128k-instruct/beam/second_score_document.txt,error,None,File contains error
phi-3-medium-128k-instruct/beam/third_score_document.txt,error,None,File contains error
phi-3-medium-128k-instruct/particles/third_score_reference.txt,standard,85,[[85]]
phi-3-medium-128k-instruct/particles/third_score_reference_document.txt,standard,51,[[51]]
phi-3-medium-128k-instruct/particles/first_score_document.txt,standard,60,[[60]]
phi-3-medium-128k-instruct/particles/first_score_reference.txt,standard,30,[[30]]
phi-3-medium-128k-instruct/particles/second_score_reference.txt,standard,75,[[75]]
phi-3-medium-128k-instruct/particles/first_score_reference_document.txt,standard,57,[[57]]
phi-3-medium-128k-instruct/particles/second_score_reference_document.txt,standard,51,[[51]]
phi-3-medium-128k-instruct/particles/second_score_document.txt,standard,29,[[29]]
phi-3-medium-128k-instruct/particles/third_score_document.txt,standard,82,[[82]]
phi-3-medium-128k-instruct/m113/third_score_reference.txt,error,None,File contains error
phi-3-medium-128k-instruct/m113/third_score_reference_document.txt,error,None,File contains error
phi-3-medium-128k-instruct/m113/first_score_document.txt,standard,19,[[19]]
phi-3-medium-128k-instruct/m113/first_score_reference.txt,standard,None,[[0]]
phi-3-medium-128k-instruct/m113/second_score_reference.txt,standard,27,[[27]]
phi-3-medium-128k-instruct/m113/first_score_reference_document.txt,standard,9,[[9]]
phi-3-medium-128k-instruct/m113/second_score_reference_document.txt,standard,49,[[49]]
phi-3-medium-128k-instruct/m113/second_score_document.txt,standard,41,[[41]]
phi-3-medium-128k-instruct/m113/third_score_document.txt,error,None,File contains error
phi-3-medium-128k-instruct/sedan/third_score_reference.txt,standard,None,[[0]]
phi-3-medium-128k-instruct/sedan/third_score_reference_document.txt,standard,None,[[0]]
phi-3-medium-128k-instruct/sedan/first_score_document.txt,standard,None,[[0]]
phi-3-medium-128k-instruct/sedan/first_score_reference.txt,standard,58,[[58]]
phi-3-medium-128k-instruct/sedan/second_score_reference.txt,standard,None,[[0]]
phi-3-medium-128k-instruct/sedan/first_score_reference_document.txt,standard,10,[[10]]
phi-3-medium-128k-instruct/sedan/second_score_reference_document.txt,standard,3,[[3]]
phi-3-medium-128k-instruct/sedan/second_score_document.txt,standard,None,[[0]]
phi-3-medium-128k-instruct/sedan/third_score_document.txt,standard,None,[[0]]
phi-3-medium-128k-instruct/viper/third_score_reference.txt,standard,20,[[20]]
phi-3-medium-128k-instruct/viper/third_score_reference_document.txt,standard,57,[[57]]
phi-3-medium-128k-instruct/viper/first_score_document.txt,standard,25,[[25]]
phi-3-medium-128k-instruct/viper/first_score_reference.txt,standard,7,[[7]]
phi-3-medium-128k-instruct/viper/second_score_reference.txt,error,None,File contains error
phi-3-medium-128k-instruct/viper/first_score_reference_document.txt,standard,None,[[0]]
phi-3-medium-128k-instruct/viper/second_score_reference_document.txt,error,None,File contains error
phi-3-medium-128k-instruct/viper/second_score_document.txt,error,None,File contains error
phi-3-medium-128k-instruct/viper/third_score_document.txt,standard,83,[[83]]
phi-3-medium-128k-instruct/lidar/third_score_reference.txt,error,None,File contains error
phi-3-medium-128k-instruct/lidar/third_score_reference_document.txt,error,None,File contains error
phi-3-medium-128k-instruct/lidar/first_score_document.txt,standard,12,[[12]]
phi-3-medium-128k-instruct/lidar/first_score_reference.txt,standard,49,[[49]]
phi-3-medium-128k-instruct/lidar/second_score_reference.txt,error,None,File contains error
phi-3-medium-128k-instruct/lidar/first_score_reference_document.txt,standard,47,[[47]]
phi-3-medium-128k-instruct/lidar/second_score_reference_document.txt,error,None,File contains error
phi-3-medium-128k-instruct/lidar/second_score_document.txt,error,None,File contains error
phi-3-medium-128k-instruct/lidar/third_score_document.txt,error,None,File contains error
phi-3-medium-128k-instruct/rigid_highway/third_score_reference.txt,standard,80,[[80]]
phi-3-medium-128k-instruct/rigid_highway/third_score_reference_document.txt,standard,88,[[88]]
phi-3-medium-128k-instruct/rigid_highway/first_score_document.txt,standard,12,[[12]]
phi-3-medium-128k-instruct/rigid_highway/first_score_reference.txt,standard,16,[[16]]
phi-3-medium-128k-instruct/rigid_highway/second_score_reference.txt,error,None,File contains error
phi-3-medium-128k-instruct/rigid_highway/first_score_reference_document.txt,standard,2,[[2]]
phi-3-medium-128k-instruct/rigid_highway/second_score_reference_document.txt,error,None,File contains error
phi-3-medium-128k-instruct/rigid_highway/second_score_document.txt,error,None,File contains error
phi-3-medium-128k-instruct/rigid_highway/third_score_document.txt,standard,44,[[44]]
phi-3-medium-128k-instruct/pendulum/third_score_reference.txt,standard,57,[[57]]
phi-3-medium-128k-instruct/pendulum/third_score_reference_document.txt,standard,30,[[30]]
phi-3-medium-128k-instruct/pendulum/first_score_document.txt,standard,None,[[0]]
phi-3-medium-128k-instruct/pendulum/first_score_reference.txt,standard,32,[[32]]
phi-3-medium-128k-instruct/pendulum/second_score_reference.txt,standard,12,[[12]]
phi-3-medium-128k-instruct/pendulum/first_score_reference_document.txt,standard,14,[[14]]
phi-3-medium-128k-instruct/pendulum/second_score_reference_document.txt,standard,59,[[59]]
phi-3-medium-128k-instruct/pendulum/second_score_document.txt,standard,40,[[40]]
phi-3-medium-128k-instruct/pendulum/third_score_document.txt,standard,35,[[35]]
phi-3-medium-128k-instruct/hmmwv/third_score_reference.txt,standard,84,[[84]]
phi-3-medium-128k-instruct/hmmwv/third_score_reference_document.txt,standard,73,[[73]]
phi-3-medium-128k-instruct/hmmwv/first_score_document.txt,standard,31,[[31]]
phi-3-medium-128k-instruct/hmmwv/first_score_reference.txt,standard,51,[[51]]
phi-3-medium-128k-instruct/hmmwv/second_score_reference.txt,standard,62,[[62]]
phi-3-medium-128k-instruct/hmmwv/first_score_reference_document.txt,standard,None,[[0]]
phi-3-medium-128k-instruct/hmmwv/second_score_reference_document.txt,standard,49,[[49]]
phi-3-medium-128k-instruct/hmmwv/second_score_document.txt,standard,89,[[89]]
phi-3-medium-128k-instruct/hmmwv/third_score_document.txt,standard,62,[[62]]
phi-3-medium-128k-instruct/turtlebot/third_score_reference.txt,standard,52,[[52]]
phi-3-medium-128k-instruct/turtlebot/third_score_reference_document.txt,standard,None,[[0]]
phi-3-medium-128k-instruct/turtlebot/first_score_document.txt,standard,37,[[37]]
phi-3-medium-128k-instruct/turtlebot/first_score_reference.txt,standard,None,[[0]]
phi-3-medium-128k-instruct/turtlebot/second_score_reference.txt,standard,63,[[63]]
phi-3-medium-128k-instruct/turtlebot/first_score_reference_document.txt,standard,None,[[0]]
phi-3-medium-128k-instruct/turtlebot/second_score_reference_document.txt,standard,49,[[49]]
phi-3-medium-128k-instruct/turtlebot/second_score_document.txt,standard,33,[[33]]
phi-3-medium-128k-instruct/turtlebot/third_score_document.txt,standard,22,[[22]]
phi-3-medium-128k-instruct/mass_spring_damper/third_score_reference.txt,standard,63,[[63]]
phi-3-medium-128k-instruct/mass_spring_damper/third_score_reference_document.txt,standard,53,[[53]]
phi-3-medium-128k-instruct/mass_spring_damper/first_score_document.txt,standard,None,[[0]]
phi-3-medium-128k-instruct/mass_spring_damper/first_score_reference.txt,standard,None,[[0]]
phi-3-medium-128k-instruct/mass_spring_damper/second_score_reference.txt,standard,58,[[58]]
phi-3-medium-128k-instruct/mass_spring_damper/first_score_reference_document.txt,standard,3,[[3]]
phi-3-medium-128k-instruct/mass_spring_damper/second_score_reference_document.txt,standard,53,[[53]]
phi-3-medium-128k-instruct/mass_spring_damper/second_score_document.txt,standard,35,[[35]]
phi-3-medium-128k-instruct/mass_spring_damper/third_score_document.txt,standard,82,[[82]]
phi-3-medium-128k-instruct/tablecloth/third_score_reference.txt,standard,14,[[14]]
phi-3-medium-128k-instruct/tablecloth/third_score_reference_document.txt,standard,None,[[0]]
phi-3-medium-128k-instruct/tablecloth/first_score_document.txt,standard,18,[[18]]
phi-3-medium-128k-instruct/tablecloth/first_score_reference.txt,standard,15,[[15]]
phi-3-medium-128k-instruct/tablecloth/second_score_reference.txt,standard,45,[[45]]
phi-3-medium-128k-instruct/tablecloth/first_score_reference_document.txt,standard,48,[[48]]
phi-3-medium-128k-instruct/tablecloth/second_score_reference_document.txt,standard,25,[[25]]
phi-3-medium-128k-instruct/tablecloth/second_score_document.txt,standard,50,[[50]]
phi-3-medium-128k-instruct/tablecloth/third_score_document.txt,standard,15,[[15]]
phi-3-medium-128k-instruct/kraz/third_score_reference.txt,error,None,File contains error
phi-3-medium-128k-instruct/kraz/third_score_reference_document.txt,error,None,File contains error
phi-3-medium-128k-instruct/kraz/first_score_document.txt,standard,14,[[14]]
phi-3-medium-128k-instruct/kraz/first_score_reference.txt,standard,17,[[17]]
phi-3-medium-128k-instruct/kraz/second_score_reference.txt,standard,10,[[10]]
phi-3-medium-128k-instruct/kraz/first_score_reference_document.txt,standard,None,[[0]]
phi-3-medium-128k-instruct/kraz/second_score_reference_document.txt,standard,32,[[32]]
phi-3-medium-128k-instruct/kraz/second_score_document.txt,standard,73,[[73]]
phi-3-medium-128k-instruct/kraz/third_score_document.txt,error,None,File contains error
phi-3-medium-128k-instruct/camera/third_score_reference.txt,error,None,File contains error
phi-3-medium-128k-instruct/camera/third_score_reference_document.txt,error,None,File contains error
phi-3-medium-128k-instruct/camera/first_score_document.txt,standard,10,[[10]]
phi-3-medium-128k-instruct/camera/first_score_reference.txt,standard,10,[[10]]
phi-3-medium-128k-instruct/camera/second_score_reference.txt,error,None,File contains error
phi-3-medium-128k-instruct/camera/first_score_reference_document.txt,standard,None,[[0]]
phi-3-medium-128k-instruct/camera/second_score_reference_document.txt,error,None,File contains error
phi-3-medium-128k-instruct/camera/second_score_document.txt,error,None,File contains error
phi-3-medium-128k-instruct/camera/third_score_document.txt,error,None,File contains error
phi-3-medium-128k-instruct/buckling/third_score_reference.txt,standard,62,[[62]]
phi-3-medium-128k-instruct/buckling/third_score_reference_document.txt,standard,52,[[52]]
phi-3-medium-128k-instruct/buckling/first_score_document.txt,standard,15,[[15]]
phi-3-medium-128k-instruct/buckling/first_score_reference.txt,standard,None,[[0]]
phi-3-medium-128k-instruct/buckling/second_score_reference.txt,error,None,File contains error
phi-3-medium-128k-instruct/buckling/first_score_reference_document.txt,standard,24,[[24]]
phi-3-medium-128k-instruct/buckling/second_score_reference_document.txt,error,None,File contains error
phi-3-medium-128k-instruct/buckling/second_score_document.txt,error,None,File contains error
phi-3-medium-128k-instruct/buckling/third_score_document.txt,standard,37,[[37]]
phi-3-medium-128k-instruct/gator/third_score_reference.txt,standard,50,[[50]]
phi-3-medium-128k-instruct/gator/third_score_reference_document.txt,standard,52,[[52]]
phi-3-medium-128k-instruct/gator/first_score_document.txt,standard,9,[[9]]
phi-3-medium-128k-instruct/gator/first_score_reference.txt,standard,26,[[26]]
phi-3-medium-128k-instruct/gator/second_score_reference.txt,error,None,File contains error
phi-3-medium-128k-instruct/gator/first_score_reference_document.txt,standard,49,[[49]]
phi-3-medium-128k-instruct/gator/second_score_reference_document.txt,error,None,File contains error
phi-3-medium-128k-instruct/gator/second_score_document.txt,error,None,File contains error
phi-3-medium-128k-instruct/gator/third_score_document.txt,standard,78,[[78]]
phi-3-medium-128k-instruct/slider_crank/third_score_reference.txt,standard,43,[[43]]
phi-3-medium-128k-instruct/slider_crank/third_score_reference_document.txt,standard,None,[[0]]
phi-3-medium-128k-instruct/slider_crank/first_score_document.txt,standard,2,[[2]]
phi-3-medium-128k-instruct/slider_crank/first_score_reference.txt,standard,56,[[56]]
phi-3-medium-128k-instruct/slider_crank/second_score_reference.txt,standard,15,[[15]]
phi-3-medium-128k-instruct/slider_crank/first_score_reference_document.txt,standard,11,[[11]]
phi-3-medium-128k-instruct/slider_crank/second_score_reference_document.txt,standard,None,[[0]]
phi-3-medium-128k-instruct/slider_crank/second_score_document.txt,standard,30,[[30]]
phi-3-medium-128k-instruct/slider_crank/third_score_document.txt,standard,25,[[25]]
phi-3-medium-128k-instruct/feda/third_score_reference.txt,standard,72,[[72]]
phi-3-medium-128k-instruct/feda/third_score_reference_document.txt,standard,60,[[60]]
phi-3-medium-128k-instruct/feda/first_score_document.txt,standard,11,[[11]]
phi-3-medium-128k-instruct/feda/first_score_reference.txt,standard,51,[[51]]
phi-3-medium-128k-instruct/feda/second_score_reference.txt,standard,63,[[63]]
phi-3-medium-128k-instruct/feda/first_score_reference_document.txt,standard,8,[[8]]
phi-3-medium-128k-instruct/feda/second_score_reference_document.txt,standard,62,[[62]]
phi-3-medium-128k-instruct/feda/second_score_document.txt,standard,37,[[37]]
phi-3-medium-128k-instruct/feda/third_score_document.txt,standard,69,[[69]]
llama3.3-70b-sft1/scm/third_score_reference.txt,standard,50,[[50]]
llama3.3-70b-sft1/scm/third_score_reference_document.txt,standard,26,[[26]]
llama3.3-70b-sft1/scm/first_score_document.txt,standard,70,[[70]]
llama3.3-70b-sft1/scm/first_score_reference.txt,standard,43,[[43]]
llama3.3-70b-sft1/scm/second_score_reference.txt,standard,17,[[17]]
llama3.3-70b-sft1/scm/first_score_reference_document.txt,standard,11,[[11]]
llama3.3-70b-sft1/scm/second_score_reference_document.txt,standard,37,[[37]]
llama3.3-70b-sft1/scm/second_score_document.txt,standard,13,[[13]]
llama3.3-70b-sft1/scm/third_score_document.txt,standard,65,[[65]]
llama3.3-70b-sft1/citybus/third_score_reference.txt,standard,9,[[9]]
llama3.3-70b-sft1/citybus/third_score_reference_document.txt,standard,100,[[100]]
llama3.3-70b-sft1/citybus/first_score_document.txt,standard,None,[[0]]
llama3.3-70b-sft1/citybus/first_score_reference.txt,standard,63,[[63]]
llama3.3-70b-sft1/citybus/second_score_reference.txt,standard,30,[[30]]
llama3.3-70b-sft1/citybus/first_score_reference_document.txt,standard,49,[[49]]
llama3.3-70b-sft1/citybus/second_score_reference_document.txt,standard,60,[[60]]
llama3.3-70b-sft1/citybus/second_score_document.txt,standard,3,[[3]]
llama3.3-70b-sft1/citybus/third_score_document.txt,standard,94,[[94]]
llama3.3-70b-sft1/gps_imu/third_score_reference.txt,standard,70,[[70]]
llama3.3-70b-sft1/gps_imu/third_score_reference_document.txt,standard,78,[[78]]
llama3.3-70b-sft1/gps_imu/first_score_document.txt,standard,7,[[7]]
llama3.3-70b-sft1/gps_imu/first_score_reference.txt,standard,56,[[56]]
llama3.3-70b-sft1/gps_imu/second_score_reference.txt,standard,60,[[60]]
llama3.3-70b-sft1/gps_imu/first_score_reference_document.txt,standard,42,[[42]]
llama3.3-70b-sft1/gps_imu/second_score_reference_document.txt,standard,65,[[65]]
llama3.3-70b-sft1/gps_imu/second_score_document.txt,standard,46,[[46]]
llama3.3-70b-sft1/gps_imu/third_score_document.txt,standard,65,[[65]]
llama3.3-70b-sft1/rotor/third_score_reference.txt,standard,85,[[85]]
llama3.3-70b-sft1/rotor/third_score_reference_document.txt,standard,63,[[63]]
llama3.3-70b-sft1/rotor/first_score_document.txt,standard,21,[[21]]
llama3.3-70b-sft1/rotor/first_score_reference.txt,standard,31,[[31]]
llama3.3-70b-sft1/rotor/second_score_reference.txt,standard,98,[[98]]
llama3.3-70b-sft1/rotor/first_score_reference_document.txt,standard,29,[[29]]
llama3.3-70b-sft1/rotor/second_score_reference_document.txt,standard,97,[[97]]
llama3.3-70b-sft1/rotor/second_score_document.txt,standard,26,[[26]]
llama3.3-70b-sft1/rotor/third_score_document.txt,standard,18,[[18]]
llama3.3-70b-sft1/rigid_multipatches/third_score_reference.txt,standard,92,[[92]]
llama3.3-70b-sft1/rigid_multipatches/third_score_reference_document.txt,standard,59,[[59]]
llama3.3-70b-sft1/rigid_multipatches/first_score_document.txt,standard,56,[[56]]
llama3.3-70b-sft1/rigid_multipatches/first_score_reference.txt,standard,67,[[67]]
llama3.3-70b-sft1/rigid_multipatches/second_score_reference.txt,standard,68,[[68]]
llama3.3-70b-sft1/rigid_multipatches/first_score_reference_document.txt,standard,19,[[19]]
llama3.3-70b-sft1/rigid_multipatches/second_score_reference_document.txt,standard,65,[[65]]
llama3.3-70b-sft1/rigid_multipatches/second_score_document.txt,standard,61,[[61]]
llama3.3-70b-sft1/rigid_multipatches/third_score_document.txt,standard,51,[[51]]
llama3.3-70b-sft1/cable/third_score_reference.txt,standard,79,[[79]]
llama3.3-70b-sft1/cable/third_score_reference_document.txt,standard,32,[[32]]
llama3.3-70b-sft1/cable/first_score_document.txt,standard,40,[[40]]
llama3.3-70b-sft1/cable/first_score_reference.txt,standard,52,[[52]]
llama3.3-70b-sft1/cable/second_score_reference.txt,standard,37,[[37]]
llama3.3-70b-sft1/cable/first_score_reference_document.txt,standard,9,[[9]]
llama3.3-70b-sft1/cable/second_score_reference_document.txt,standard,62,[[62]]
llama3.3-70b-sft1/cable/second_score_document.txt,standard,None,[[0]]
llama3.3-70b-sft1/cable/third_score_document.txt,standard,55,[[55]]
llama3.3-70b-sft1/sensros/third_score_reference.txt,standard,40,[[40]]
llama3.3-70b-sft1/sensros/third_score_reference_document.txt,standard,100,[[100]]
llama3.3-70b-sft1/sensros/first_score_document.txt,standard,50,[[50]]
llama3.3-70b-sft1/sensros/first_score_reference.txt,standard,22,[[22]]
llama3.3-70b-sft1/sensros/second_score_reference.txt,standard,61,[[61]]
llama3.3-70b-sft1/sensros/first_score_reference_document.txt,standard,53,[[53]]
llama3.3-70b-sft1/sensros/second_score_reference_document.txt,standard,65,[[65]]
llama3.3-70b-sft1/sensros/second_score_document.txt,standard,53,[[53]]
llama3.3-70b-sft1/sensros/third_score_document.txt,standard,90,[[90]]
llama3.3-70b-sft1/scm_hill/third_score_reference.txt,standard,82,[[82]]
llama3.3-70b-sft1/scm_hill/third_score_reference_document.txt,standard,62,[[62]]
llama3.3-70b-sft1/scm_hill/first_score_document.txt,standard,62,[[62]]
llama3.3-70b-sft1/scm_hill/first_score_reference.txt,standard,71,[[71]]
llama3.3-70b-sft1/scm_hill/second_score_reference.txt,standard,61,[[61]]
llama3.3-70b-sft1/scm_hill/first_score_reference_document.txt,standard,16,[[16]]
llama3.3-70b-sft1/scm_hill/second_score_reference_document.txt,standard,31,[[31]]
llama3.3-70b-sft1/scm_hill/second_score_document.txt,standard,58,[[58]]
llama3.3-70b-sft1/scm_hill/third_score_document.txt,standard,73,[[73]]
llama3.3-70b-sft1/veh_app/third_score_reference.txt,standard,99,[[99]]
llama3.3-70b-sft1/veh_app/third_score_reference_document.txt,standard,50,[[50]]
llama3.3-70b-sft1/veh_app/first_score_document.txt,standard,43,[[43]]
llama3.3-70b-sft1/veh_app/first_score_reference.txt,standard,16,[[16]]
llama3.3-70b-sft1/veh_app/second_score_reference.txt,standard,56,[[56]]
llama3.3-70b-sft1/veh_app/first_score_reference_document.txt,standard,2,[[2]]
llama3.3-70b-sft1/veh_app/second_score_reference_document.txt,standard,17,[[17]]
llama3.3-70b-sft1/veh_app/second_score_document.txt,standard,68,[[68]]
llama3.3-70b-sft1/veh_app/third_score_document.txt,standard,77,[[77]]
llama3.3-70b-sft1/gear/third_score_reference.txt,standard,76,[[76]]
llama3.3-70b-sft1/gear/third_score_reference_document.txt,standard,77,[[77]]
llama3.3-70b-sft1/gear/first_score_document.txt,standard,67,[[67]]
llama3.3-70b-sft1/gear/first_score_reference.txt,standard,72,[[72]]
llama3.3-70b-sft1/gear/second_score_reference.txt,standard,30,[[30]]
llama3.3-70b-sft1/gear/first_score_reference_document.txt,standard,19,[[19]]
llama3.3-70b-sft1/gear/second_score_reference_document.txt,standard,57,[[57]]
llama3.3-70b-sft1/gear/second_score_document.txt,standard,9,[[9]]
llama3.3-70b-sft1/gear/third_score_document.txt,standard,65,[[65]]
llama3.3-70b-sft1/art/third_score_reference.txt,math_expr,38,[[40 - 2]]
llama3.3-70b-sft1/art/third_score_reference_document.txt,standard,9,[[9]]
llama3.3-70b-sft1/art/first_score_document.txt,standard,87,[[87]]
llama3.3-70b-sft1/art/first_score_reference.txt,standard,18,[[18]]
llama3.3-70b-sft1/art/second_score_reference.txt,standard,100,[[100]]
llama3.3-70b-sft1/art/first_score_reference_document.txt,standard,10,[[10]]
llama3.3-70b-sft1/art/second_score_reference_document.txt,standard,73,[[73]]
llama3.3-70b-sft1/art/second_score_document.txt,standard,87,[[87]]
llama3.3-70b-sft1/art/third_score_document.txt,standard,75,[[75]]
llama3.3-70b-sft1/man/third_score_reference.txt,standard,55,[[55]]
llama3.3-70b-sft1/man/third_score_reference_document.txt,standard,10,[[10]]
llama3.3-70b-sft1/man/first_score_document.txt,standard,53,[[53]]
llama3.3-70b-sft1/man/first_score_reference.txt,standard,7,[[7]]
llama3.3-70b-sft1/man/second_score_reference.txt,standard,15,[[15]]
llama3.3-70b-sft1/man/first_score_reference_document.txt,standard,78,[[78]]
llama3.3-70b-sft1/man/second_score_reference_document.txt,standard,42,[[42]]
llama3.3-70b-sft1/man/second_score_document.txt,standard,78,[[78]]
llama3.3-70b-sft1/man/third_score_document.txt,standard,52,[[52]]
llama3.3-70b-sft1/curiosity/third_score_reference.txt,standard,45,[[45]]
llama3.3-70b-sft1/curiosity/third_score_reference_document.txt,standard,58,[[58]]
llama3.3-70b-sft1/curiosity/first_score_document.txt,standard,77,[[77]]
llama3.3-70b-sft1/curiosity/first_score_reference.txt,standard,78,[[78]]
llama3.3-70b-sft1/curiosity/second_score_reference.txt,standard,35,[[35]]
llama3.3-70b-sft1/curiosity/first_score_reference_document.txt,standard,65,[[65]]
llama3.3-70b-sft1/curiosity/second_score_reference_document.txt,standard,83,[[83]]
llama3.3-70b-sft1/curiosity/second_score_document.txt,standard,59,[[59]]
llama3.3-70b-sft1/curiosity/third_score_document.txt,standard,4,[[4]]
llama3.3-70b-sft1/vehros/third_score_reference.txt,standard,66,[[66]]
llama3.3-70b-sft1/vehros/third_score_reference_document.txt,standard,50,[[50]]
llama3.3-70b-sft1/vehros/first_score_document.txt,standard,58,[[58]]
llama3.3-70b-sft1/vehros/first_score_reference.txt,standard,58,[[58]]
llama3.3-70b-sft1/vehros/second_score_reference.txt,standard,66,[[66]]
llama3.3-70b-sft1/vehros/first_score_reference_document.txt,standard,16,[[16]]
llama3.3-70b-sft1/vehros/second_score_reference_document.txt,standard,54,[[54]]
llama3.3-70b-sft1/vehros/second_score_document.txt,standard,4,[[4]]
llama3.3-70b-sft1/vehros/third_score_document.txt,standard,69,[[69]]
llama3.3-70b-sft1/uazbus/third_score_reference.txt,standard,21,[[21]]
llama3.3-70b-sft1/uazbus/third_score_reference_document.txt,standard,24,[[24]]
llama3.3-70b-sft1/uazbus/first_score_document.txt,standard,None,[[0]]
llama3.3-70b-sft1/uazbus/first_score_reference.txt,standard,65,[[65]]
llama3.3-70b-sft1/uazbus/second_score_reference.txt,standard,91,[[91]]
llama3.3-70b-sft1/uazbus/first_score_reference_document.txt,standard,14,[[14]]
llama3.3-70b-sft1/uazbus/second_score_reference_document.txt,standard,60,[[60]]
llama3.3-70b-sft1/uazbus/second_score_document.txt,standard,76,[[76]]
llama3.3-70b-sft1/uazbus/third_score_document.txt,standard,43,[[43]]
llama3.3-70b-sft1/handler/third_score_reference.txt,standard,57,[[57]]
llama3.3-70b-sft1/handler/third_score_reference_document.txt,standard,54,[[54]]
llama3.3-70b-sft1/handler/first_score_document.txt,standard,50,[[50]]
llama3.3-70b-sft1/handler/first_score_reference.txt,standard,30,[[30]]
llama3.3-70b-sft1/handler/second_score_reference.txt,standard,100,[[100]]
llama3.3-70b-sft1/handler/first_score_reference_document.txt,standard,28,[[28]]
llama3.3-70b-sft1/handler/second_score_reference_document.txt,standard,16,[[16]]
llama3.3-70b-sft1/handler/second_score_document.txt,standard,45,[[45]]
llama3.3-70b-sft1/handler/third_score_document.txt,standard,25,[[25]]
llama3.3-70b-sft1/beam/third_score_reference.txt,standard,75,[[75]]
llama3.3-70b-sft1/beam/third_score_reference_document.txt,standard,17,[[17]]
llama3.3-70b-sft1/beam/first_score_document.txt,standard,18,[[18]]
llama3.3-70b-sft1/beam/first_score_reference.txt,standard,20,[[20]]
llama3.3-70b-sft1/beam/second_score_reference.txt,standard,59,[[59]]
llama3.3-70b-sft1/beam/first_score_reference_document.txt,standard,58,[[58]]
llama3.3-70b-sft1/beam/second_score_reference_document.txt,standard,45,[[45]]
llama3.3-70b-sft1/beam/second_score_document.txt,standard,24,[[24]]
llama3.3-70b-sft1/beam/third_score_document.txt,standard,16,[[16]]
llama3.3-70b-sft1/particles/third_score_reference.txt,standard,58,[[58]]
llama3.3-70b-sft1/particles/third_score_reference_document.txt,standard,55,[[55]]
llama3.3-70b-sft1/particles/first_score_document.txt,standard,None,[[0]]
llama3.3-70b-sft1/particles/first_score_reference.txt,standard,20,[[20]]
llama3.3-70b-sft1/particles/second_score_reference.txt,standard,55,[[55]]
llama3.3-70b-sft1/particles/first_score_reference_document.txt,standard,17,[[17]]
llama3.3-70b-sft1/particles/second_score_reference_document.txt,standard,18,[[18]]
llama3.3-70b-sft1/particles/second_score_document.txt,standard,47,[[47]]
llama3.3-70b-sft1/particles/third_score_document.txt,standard,65,[[65]]
llama3.3-70b-sft1/m113/third_score_reference.txt,standard,67,[[67]]
llama3.3-70b-sft1/m113/third_score_reference_document.txt,standard,68,[[68]]
llama3.3-70b-sft1/m113/first_score_document.txt,standard,60,[[60]]
llama3.3-70b-sft1/m113/first_score_reference.txt,standard,95,[[95]]
llama3.3-70b-sft1/m113/second_score_reference.txt,standard,68,[[68]]
llama3.3-70b-sft1/m113/first_score_reference_document.txt,standard,52,[[52]]
llama3.3-70b-sft1/m113/second_score_reference_document.txt,standard,42,[[42]]
llama3.3-70b-sft1/m113/second_score_document.txt,standard,83,[[83]]
llama3.3-70b-sft1/m113/third_score_document.txt,standard,55,[[55]]
llama3.3-70b-sft1/sedan/third_score_reference.txt,standard,21,[[21]]
llama3.3-70b-sft1/sedan/third_score_reference_document.txt,standard,21,[[21]]
llama3.3-70b-sft1/sedan/first_score_document.txt,standard,50,[[50]]
llama3.3-70b-sft1/sedan/first_score_reference.txt,standard,77,[[77]]
llama3.3-70b-sft1/sedan/second_score_reference.txt,standard,8,[[8]]
llama3.3-70b-sft1/sedan/first_score_reference_document.txt,standard,59,[[59]]
llama3.3-70b-sft1/sedan/second_score_reference_document.txt,standard,33,[[33]]
llama3.3-70b-sft1/sedan/second_score_document.txt,standard,73,[[73]]
llama3.3-70b-sft1/sedan/third_score_document.txt,standard,72,[[72]]
llama3.3-70b-sft1/viper/third_score_reference.txt,standard,7,[[7]]
llama3.3-70b-sft1/viper/third_score_reference_document.txt,standard,32,[[32]]
llama3.3-70b-sft1/viper/first_score_document.txt,standard,5,[[5]]
llama3.3-70b-sft1/viper/first_score_reference.txt,standard,81,[[81]]
llama3.3-70b-sft1/viper/second_score_reference.txt,standard,96,[[96]]
llama3.3-70b-sft1/viper/first_score_reference_document.txt,standard,53,[[53]]
llama3.3-70b-sft1/viper/second_score_reference_document.txt,standard,72,[[72]]
llama3.3-70b-sft1/viper/second_score_document.txt,standard,30,[[30]]
llama3.3-70b-sft1/viper/third_score_document.txt,standard,81,[[81]]
llama3.3-70b-sft1/lidar/third_score_reference.txt,standard,62,[[62]]
llama3.3-70b-sft1/lidar/third_score_reference_document.txt,standard,51,[[51]]
llama3.3-70b-sft1/lidar/first_score_document.txt,standard,68,[[68]]
llama3.3-70b-sft1/lidar/first_score_reference.txt,standard,19,[[19]]
llama3.3-70b-sft1/lidar/second_score_reference.txt,standard,77,[[77]]
llama3.3-70b-sft1/lidar/first_score_reference_document.txt,standard,28,[[28]]
llama3.3-70b-sft1/lidar/second_score_reference_document.txt,standard,66,[[66]]
llama3.3-70b-sft1/lidar/second_score_document.txt,standard,30,[[30]]
llama3.3-70b-sft1/lidar/third_score_document.txt,standard,57,[[57]]
llama3.3-70b-sft1/rigid_highway/third_score_reference.txt,standard,50,[[50]]
llama3.3-70b-sft1/rigid_highway/third_score_reference_document.txt,standard,14,[[14]]
llama3.3-70b-sft1/rigid_highway/first_score_document.txt,standard,9,[[9]]
llama3.3-70b-sft1/rigid_highway/first_score_reference.txt,standard,47,[[47]]
llama3.3-70b-sft1/rigid_highway/second_score_reference.txt,standard,23,[[23]]
llama3.3-70b-sft1/rigid_highway/first_score_reference_document.txt,standard,13,[[13]]
llama3.3-70b-sft1/rigid_highway/second_score_reference_document.txt,standard,85,[[85]]
llama3.3-70b-sft1/rigid_highway/second_score_document.txt,standard,25,[[25]]
llama3.3-70b-sft1/rigid_highway/third_score_document.txt,standard,65,[[65]]
llama3.3-70b-sft1/pendulum/third_score_reference.txt,standard,79,[[79]]
llama3.3-70b-sft1/pendulum/third_score_reference_document.txt,standard,65,[[65]]
llama3.3-70b-sft1/pendulum/first_score_document.txt,standard,40,[[40]]
llama3.3-70b-sft1/pendulum/first_score_reference.txt,standard,14,[[14]]
llama3.3-70b-sft1/pendulum/second_score_reference.txt,standard,60,[[60]]
llama3.3-70b-sft1/pendulum/first_score_reference_document.txt,standard,39,[[39]]
llama3.3-70b-sft1/pendulum/second_score_reference_document.txt,standard,33,[[33]]
llama3.3-70b-sft1/pendulum/second_score_document.txt,standard,63,[[63]]
llama3.3-70b-sft1/pendulum/third_score_document.txt,standard,11,[[11]]
llama3.3-70b-sft1/hmmwv/third_score_reference.txt,standard,35,[[35]]
llama3.3-70b-sft1/hmmwv/third_score_reference_document.txt,standard,92,[[92]]
llama3.3-70b-sft1/hmmwv/first_score_document.txt,standard,40,[[40]]
llama3.3-70b-sft1/hmmwv/first_score_reference.txt,standard,77,[[77]]
llama3.3-70b-sft1/hmmwv/second_score_reference.txt,standard,81,[[81]]
llama3.3-70b-sft1/hmmwv/first_score_reference_document.txt,standard,25,[[25]]
llama3.3-70b-sft1/hmmwv/second_score_reference_document.txt,standard,65,[[65]]
llama3.3-70b-sft1/hmmwv/second_score_document.txt,standard,85,[[85]]
llama3.3-70b-sft1/hmmwv/third_score_document.txt,standard,61,[[61]]
llama3.3-70b-sft1/turtlebot/third_score_reference.txt,standard,49,[[49]]
llama3.3-70b-sft1/turtlebot/third_score_reference_document.txt,standard,50,[[50]]
llama3.3-70b-sft1/turtlebot/first_score_document.txt,standard,42,[[42]]
llama3.3-70b-sft1/turtlebot/first_score_reference.txt,standard,7,[[7]]
llama3.3-70b-sft1/turtlebot/second_score_reference.txt,standard,68,[[68]]
llama3.3-70b-sft1/turtlebot/first_score_reference_document.txt,standard,50,[[50]]
llama3.3-70b-sft1/turtlebot/second_score_reference_document.txt,standard,64,[[64]]
llama3.3-70b-sft1/turtlebot/second_score_document.txt,standard,46,[[46]]
llama3.3-70b-sft1/turtlebot/third_score_document.txt,standard,30,[[30]]
llama3.3-70b-sft1/mass_spring_damper/third_score_reference.txt,standard,81,[[81]]
llama3.3-70b-sft1/mass_spring_damper/third_score_reference_document.txt,standard,72,[[72]]
llama3.3-70b-sft1/mass_spring_damper/first_score_document.txt,standard,23,[[23]]
llama3.3-70b-sft1/mass_spring_damper/first_score_reference.txt,standard,39,[[39]]
llama3.3-70b-sft1/mass_spring_damper/second_score_reference.txt,standard,67,[[67]]
llama3.3-70b-sft1/mass_spring_damper/first_score_reference_document.txt,standard,39,[[39]]
llama3.3-70b-sft1/mass_spring_damper/second_score_reference_document.txt,standard,57,[[57]]
llama3.3-70b-sft1/mass_spring_damper/second_score_document.txt,standard,58,[[58]]
llama3.3-70b-sft1/mass_spring_damper/third_score_document.txt,standard,88,[[88]]
llama3.3-70b-sft1/tablecloth/third_score_reference.txt,standard,65,[[65]]
llama3.3-70b-sft1/tablecloth/third_score_reference_document.txt,standard,59,[[59]]
llama3.3-70b-sft1/tablecloth/first_score_document.txt,standard,19,[[19]]
llama3.3-70b-sft1/tablecloth/first_score_reference.txt,standard,None,[[0]]
llama3.3-70b-sft1/tablecloth/second_score_reference.txt,standard,70,[[70]]
llama3.3-70b-sft1/tablecloth/first_score_reference_document.txt,standard,44,[[44]]
llama3.3-70b-sft1/tablecloth/second_score_reference_document.txt,standard,27,[[27]]
llama3.3-70b-sft1/tablecloth/second_score_document.txt,standard,20,[[20]]
llama3.3-70b-sft1/tablecloth/third_score_document.txt,standard,13,[[13]]
llama3.3-70b-sft1/kraz/third_score_reference.txt,standard,16,[[16]]
llama3.3-70b-sft1/kraz/third_score_reference_document.txt,standard,29,[[29]]
llama3.3-70b-sft1/kraz/first_score_document.txt,standard,53,[[53]]
llama3.3-70b-sft1/kraz/first_score_reference.txt,standard,63,[[63]]
llama3.3-70b-sft1/kraz/second_score_reference.txt,standard,22,[[22]]
llama3.3-70b-sft1/kraz/first_score_reference_document.txt,standard,12,[[12]]
llama3.3-70b-sft1/kraz/second_score_reference_document.txt,standard,62,[[62]]
llama3.3-70b-sft1/kraz/second_score_document.txt,standard,78,[[78]]
llama3.3-70b-sft1/kraz/third_score_document.txt,standard,48,[[48]]
llama3.3-70b-sft1/camera/third_score_reference.txt,standard,65,[[65]]
llama3.3-70b-sft1/camera/third_score_reference_document.txt,standard,25,[[25]]
llama3.3-70b-sft1/camera/first_score_document.txt,standard,40,[[40]]
llama3.3-70b-sft1/camera/first_score_reference.txt,standard,76,[[76]]
llama3.3-70b-sft1/camera/second_score_reference.txt,standard,85,[[85]]
llama3.3-70b-sft1/camera/first_score_reference_document.txt,standard,63,[[63]]
llama3.3-70b-sft1/camera/second_score_reference_document.txt,standard,70,[[70]]
llama3.3-70b-sft1/camera/second_score_document.txt,standard,32,[[32]]
llama3.3-70b-sft1/camera/third_score_document.txt,standard,43,[[43]]
llama3.3-70b-sft1/buckling/third_score_reference.txt,standard,43,[[43]]
llama3.3-70b-sft1/buckling/third_score_reference_document.txt,standard,60,[[60]]
llama3.3-70b-sft1/buckling/first_score_document.txt,standard,26,[[26]]
llama3.3-70b-sft1/buckling/first_score_reference.txt,standard,67,[[67]]
llama3.3-70b-sft1/buckling/second_score_reference.txt,standard,80,[[80]]
llama3.3-70b-sft1/buckling/first_score_reference_document.txt,standard,17,[[17]]
llama3.3-70b-sft1/buckling/second_score_reference_document.txt,standard,85,[[85]]
llama3.3-70b-sft1/buckling/second_score_document.txt,standard,87,[[87]]
llama3.3-70b-sft1/buckling/third_score_document.txt,standard,64,[[64]]
llama3.3-70b-sft1/gator/third_score_reference.txt,standard,97,[[97]]
llama3.3-70b-sft1/gator/third_score_reference_document.txt,standard,66,[[66]]
llama3.3-70b-sft1/gator/first_score_document.txt,standard,63,[[63]]
llama3.3-70b-sft1/gator/first_score_reference.txt,standard,46,[[46]]
llama3.3-70b-sft1/gator/second_score_reference.txt,standard,67,[[67]]
llama3.3-70b-sft1/gator/first_score_reference_document.txt,standard,16,[[16]]
llama3.3-70b-sft1/gator/second_score_reference_document.txt,standard,42,[[42]]
llama3.3-70b-sft1/gator/second_score_document.txt,standard,95,[[95]]
llama3.3-70b-sft1/gator/third_score_document.txt,standard,45,[[45]]
llama3.3-70b-sft1/slider_crank/third_score_reference.txt,standard,97,[[97]]
llama3.3-70b-sft1/slider_crank/third_score_reference_document.txt,standard,68,[[68]]
llama3.3-70b-sft1/slider_crank/first_score_document.txt,standard,10,[[10]]
llama3.3-70b-sft1/slider_crank/first_score_reference.txt,standard,None,[[0]]
llama3.3-70b-sft1/slider_crank/second_score_reference.txt,standard,31,[[31]]
llama3.3-70b-sft1/slider_crank/first_score_reference_document.txt,standard,29,[[29]]
llama3.3-70b-sft1/slider_crank/second_score_reference_document.txt,standard,70,[[70]]
llama3.3-70b-sft1/slider_crank/second_score_document.txt,standard,60,[[60]]
llama3.3-70b-sft1/slider_crank/third_score_document.txt,standard,62,[[62]]
llama3.3-70b-sft1/feda/third_score_reference.txt,standard,57,[[57]]
llama3.3-70b-sft1/feda/third_score_reference_document.txt,standard,16,[[16]]
llama3.3-70b-sft1/feda/first_score_document.txt,standard,70,[[70]]
llama3.3-70b-sft1/feda/first_score_reference.txt,standard,56,[[56]]
llama3.3-70b-sft1/feda/second_score_reference.txt,standard,63,[[63]]
llama3.3-70b-sft1/feda/first_score_reference_document.txt,standard,22,[[22]]
llama3.3-70b-sft1/feda/second_score_reference_document.txt,standard,67,[[67]]
llama3.3-70b-sft1/feda/second_score_document.txt,standard,44,[[44]]
llama3.3-70b-sft1/feda/third_score_document.txt,not_found,None,No score pattern found
llama4_scout/scm/third_score_reference.txt,standard,68,[[68]]
llama4_scout/scm/third_score_reference_document.txt,standard,17,[[17]]
llama4_scout/scm/first_score_document.txt,standard,39,[[39]]
llama4_scout/scm/first_score_reference.txt,standard,62,[[62]]
llama4_scout/scm/second_score_reference.txt,standard,93,[[93]]
llama4_scout/scm/first_score_reference_document.txt,standard,11,[[11]]
llama4_scout/scm/second_score_reference_document.txt,standard,55,[[55]]
llama4_scout/scm/second_score_document.txt,standard,75,[[75]]
llama4_scout/scm/third_score_document.txt,standard,82,[[82]]
llama4_scout/citybus/third_score_reference.txt,standard,81,[[81]]
llama4_scout/citybus/third_score_reference_document.txt,standard,56,[[56]]
llama4_scout/citybus/first_score_document.txt,standard,79,[[79]]
llama4_scout/citybus/first_score_reference.txt,standard,42,[[42]]
llama4_scout/citybus/second_score_reference.txt,standard,71,[[71]]
llama4_scout/citybus/first_score_reference_document.txt,standard,9,[[9]]
llama4_scout/citybus/second_score_reference_document.txt,standard,56,[[56]]
llama4_scout/citybus/second_score_document.txt,standard,86,[[86]]
llama4_scout/citybus/third_score_document.txt,standard,13,[[13]]
llama4_scout/gps_imu/third_score_reference.txt,standard,37,[[37]]
llama4_scout/gps_imu/third_score_reference_document.txt,standard,85,[[85]]
llama4_scout/gps_imu/first_score_document.txt,standard,None,[[0]]
llama4_scout/gps_imu/first_score_reference.txt,standard,17,[[17]]
llama4_scout/gps_imu/second_score_reference.txt,standard,36,[[36]]
llama4_scout/gps_imu/first_score_reference_document.txt,standard,12,[[12]]
llama4_scout/gps_imu/second_score_reference_document.txt,standard,72,[[72]]
llama4_scout/gps_imu/second_score_document.txt,standard,83,[[83]]
llama4_scout/gps_imu/third_score_document.txt,standard,92,[[92]]
llama4_scout/rotor/third_score_reference.txt,standard,71,[[71]]
llama4_scout/rotor/third_score_reference_document.txt,standard,43,[[43]]
llama4_scout/rotor/first_score_document.txt,standard,51,[[51]]
llama4_scout/rotor/first_score_reference.txt,standard,60,[[60]]
llama4_scout/rotor/second_score_reference.txt,standard,70,[[70]]
llama4_scout/rotor/first_score_reference_document.txt,standard,24,[[24]]
llama4_scout/rotor/second_score_reference_document.txt,standard,73,[[73]]
llama4_scout/rotor/second_score_document.txt,standard,76,[[76]]
llama4_scout/rotor/third_score_document.txt,standard,48,[[48]]
llama4_scout/rigid_multipatches/third_score_reference.txt,standard,78,[[78]]
llama4_scout/rigid_multipatches/third_score_reference_document.txt,standard,47,[[47]]
llama4_scout/rigid_multipatches/first_score_document.txt,standard,None,[[0]]
llama4_scout/rigid_multipatches/first_score_reference.txt,standard,23,[[23]]
llama4_scout/rigid_multipatches/second_score_reference.txt,standard,66,[[66]]
llama4_scout/rigid_multipatches/first_score_reference_document.txt,standard,None,[[0]]
llama4_scout/rigid_multipatches/second_score_reference_document.txt,standard,60,[[60]]
llama4_scout/rigid_multipatches/second_score_document.txt,standard,93,[[93]]
llama4_scout/rigid_multipatches/third_score_document.txt,standard,92,[[92]]
llama4_scout/cable/third_score_reference.txt,standard,76,[[76]]
llama4_scout/cable/third_score_reference_document.txt,standard,9,[[9]]
llama4_scout/cable/first_score_document.txt,standard,69,[[69]]
llama4_scout/cable/first_score_reference.txt,standard,62,[[62]]
llama4_scout/cable/second_score_reference.txt,standard,100,[[100]]
llama4_scout/cable/first_score_reference_document.txt,standard,42,[[42]]
llama4_scout/cable/second_score_reference_document.txt,standard,10,[[10]]
llama4_scout/cable/second_score_document.txt,standard,40,[[40]]
llama4_scout/cable/third_score_document.txt,standard,9,[[9]]
llama4_scout/sensros/third_score_reference.txt,standard,59,[[59]]
llama4_scout/sensros/third_score_reference_document.txt,standard,65,[[65]]
llama4_scout/sensros/first_score_document.txt,standard,38,[[38]]
llama4_scout/sensros/first_score_reference.txt,standard,57,[[57]]
llama4_scout/sensros/second_score_reference.txt,standard,68,[[68]]
llama4_scout/sensros/first_score_reference_document.txt,standard,52,[[52]]
llama4_scout/sensros/second_score_reference_document.txt,standard,87,[[87]]
llama4_scout/sensros/second_score_document.txt,standard,40,[[40]]
llama4_scout/sensros/third_score_document.txt,standard,3,[[3]]
llama4_scout/scm_hill/third_score_reference.txt,standard,28,[[28]]
llama4_scout/scm_hill/third_score_reference_document.txt,standard,40,[[40]]
llama4_scout/scm_hill/first_score_document.txt,standard,None,[[0]]
llama4_scout/scm_hill/first_score_reference.txt,standard,9,[[9]]
llama4_scout/scm_hill/second_score_reference.txt,standard,65,[[65]]
llama4_scout/scm_hill/first_score_reference_document.txt,standard,24,[[24]]
llama4_scout/scm_hill/second_score_reference_document.txt,standard,19,[[19]]
llama4_scout/scm_hill/second_score_document.txt,standard,26,[[26]]
llama4_scout/scm_hill/third_score_document.txt,standard,79,[[79]]
llama4_scout/veh_app/third_score_reference.txt,standard,57,[[57]]
llama4_scout/veh_app/third_score_reference_document.txt,standard,65,[[65]]
llama4_scout/veh_app/first_score_document.txt,standard,18,[[18]]
llama4_scout/veh_app/first_score_reference.txt,standard,59,[[59]]
llama4_scout/veh_app/second_score_reference.txt,standard,59,[[59]]
llama4_scout/veh_app/first_score_reference_document.txt,standard,12,[[12]]
llama4_scout/veh_app/second_score_reference_document.txt,standard,69,[[69]]
llama4_scout/veh_app/second_score_document.txt,standard,44,[[44]]
llama4_scout/veh_app/third_score_document.txt,standard,58,[[58]]
llama4_scout/gear/third_score_reference.txt,standard,76,[[76]]
llama4_scout/gear/third_score_reference_document.txt,standard,90,[[90]]
llama4_scout/gear/first_score_document.txt,standard,7,[[7]]
llama4_scout/gear/first_score_reference.txt,standard,15,[[15]]
llama4_scout/gear/second_score_reference.txt,standard,100,[[100]]
llama4_scout/gear/first_score_reference_document.txt,standard,None,[[0]]
llama4_scout/gear/second_score_reference_document.txt,standard,42,[[42]]
llama4_scout/gear/second_score_document.txt,standard,76,[[76]]
llama4_scout/gear/third_score_document.txt,standard,4,[[4]]
llama4_scout/art/third_score_reference.txt,standard,98,[[98]]
llama4_scout/art/third_score_reference_document.txt,standard,92,[[92]]
llama4_scout/art/first_score_document.txt,standard,8,[[8]]
llama4_scout/art/first_score_reference.txt,standard,19,[[19]]
llama4_scout/art/second_score_reference.txt,standard,99,[[99]]
llama4_scout/art/first_score_reference_document.txt,standard,7,[[7]]
llama4_scout/art/second_score_reference_document.txt,standard,83,[[83]]
llama4_scout/art/second_score_document.txt,standard,81,[[81]]
llama4_scout/art/third_score_document.txt,standard,64,[[64]]
llama4_scout/man/third_score_reference.txt,standard,46,[[46]]
llama4_scout/man/third_score_reference_document.txt,standard,22,[[22]]
llama4_scout/man/first_score_document.txt,standard,26,[[26]]
llama4_scout/man/first_score_reference.txt,standard,34,[[34]]
llama4_scout/man/second_score_reference.txt,standard,78,[[78]]
llama4_scout/man/first_score_reference_document.txt,standard,47,[[47]]
llama4_scout/man/second_score_reference_document.txt,standard,56,[[56]]
llama4_scout/man/second_score_document.txt,standard,74,[[74]]
llama4_scout/man/third_score_document.txt,standard,59,[[59]]
llama4_scout/curiosity/third_score_reference.txt,standard,76,[[76]]
llama4_scout/curiosity/third_score_reference_document.txt,standard,50,[[50]]
llama4_scout/curiosity/first_score_document.txt,standard,22,[[22]]
llama4_scout/curiosity/first_score_reference.txt,standard,30,[[30]]
llama4_scout/curiosity/second_score_reference.txt,standard,70,[[70]]
llama4_scout/curiosity/first_score_reference_document.txt,standard,6,[[6]]
llama4_scout/curiosity/second_score_reference_document.txt,standard,65,[[65]]
llama4_scout/curiosity/second_score_document.txt,standard,100,[[100]]
llama4_scout/curiosity/third_score_document.txt,standard,31,[[31]]
llama4_scout/vehros/third_score_reference.txt,standard,45,[[45]]
llama4_scout/vehros/third_score_reference_document.txt,standard,44,[[44]]
llama4_scout/vehros/first_score_document.txt,standard,19,[[19]]
llama4_scout/vehros/first_score_reference.txt,standard,65,[[65]]
llama4_scout/vehros/second_score_reference.txt,standard,73,[[73]]
llama4_scout/vehros/first_score_reference_document.txt,standard,17,[[17]]
llama4_scout/vehros/second_score_reference_document.txt,standard,32,[[32]]
llama4_scout/vehros/second_score_document.txt,standard,85,[[85]]
llama4_scout/vehros/third_score_document.txt,standard,76,[[76]]
llama4_scout/uazbus/third_score_reference.txt,standard,60,[[60]]
llama4_scout/uazbus/third_score_reference_document.txt,standard,32,[[32]]
llama4_scout/uazbus/first_score_document.txt,standard,15,[[15]]
llama4_scout/uazbus/first_score_reference.txt,standard,60,[[60]]
llama4_scout/uazbus/second_score_reference.txt,standard,62,[[62]]
llama4_scout/uazbus/first_score_reference_document.txt,standard,7,[[7]]
llama4_scout/uazbus/second_score_reference_document.txt,standard,32,[[32]]
llama4_scout/uazbus/second_score_document.txt,standard,79,[[79]]
llama4_scout/uazbus/third_score_document.txt,standard,78,[[78]]
llama4_scout/handler/third_score_reference.txt,standard,19,[[19]]
llama4_scout/handler/third_score_reference_document.txt,standard,59,[[59]]
llama4_scout/handler/first_score_document.txt,standard,75,[[75]]
llama4_scout/handler/first_score_reference.txt,standard,64,[[64]]
llama4_scout/handler/second_score_reference.txt,standard,40,[[40]]
llama4_scout/handler/first_score_reference_document.txt,standard,52,[[52]]
llama4_scout/handler/second_score_reference_document.txt,standard,75,[[75]]
llama4_scout/handler/second_score_document.txt,standard,77,[[77]]
llama4_scout/handler/third_score_document.txt,standard,86,[[86]]
llama4_scout/beam/third_score_reference.txt,standard,83,[[83]]
llama4_scout/beam/third_score_reference_document.txt,standard,46,[[46]]
llama4_scout/beam/first_score_document.txt,standard,60,[[60]]
llama4_scout/beam/first_score_reference.txt,standard,37,[[37]]
llama4_scout/beam/second_score_reference.txt,standard,87,[[87]]
llama4_scout/beam/first_score_reference_document.txt,standard,59,[[59]]
llama4_scout/beam/second_score_reference_document.txt,standard,50,[[50]]
llama4_scout/beam/second_score_document.txt,standard,9,[[9]]
llama4_scout/beam/third_score_document.txt,standard,77,[[77]]
llama4_scout/particles/third_score_reference.txt,standard,23,[[23]]
llama4_scout/particles/third_score_reference_document.txt,standard,29,[[29]]
llama4_scout/particles/first_score_document.txt,standard,None,[[0]]
llama4_scout/particles/first_score_reference.txt,standard,16,[[16]]
llama4_scout/particles/second_score_reference.txt,standard,60,[[60]]
llama4_scout/particles/first_score_reference_document.txt,standard,19,[[19]]
llama4_scout/particles/second_score_reference_document.txt,standard,59,[[59]]
llama4_scout/particles/second_score_document.txt,standard,72,[[72]]
llama4_scout/particles/third_score_document.txt,standard,73,[[73]]
llama4_scout/m113/third_score_reference.txt,standard,45,[[45]]
llama4_scout/m113/third_score_reference_document.txt,standard,58,[[58]]
llama4_scout/m113/first_score_document.txt,standard,25,[[25]]
llama4_scout/m113/first_score_reference.txt,standard,1,[[1]]
llama4_scout/m113/second_score_reference.txt,standard,47,[[47]]
llama4_scout/m113/first_score_reference_document.txt,standard,19,[[19]]
llama4_scout/m113/second_score_reference_document.txt,standard,88,[[88]]
llama4_scout/m113/second_score_document.txt,standard,75,[[75]]
llama4_scout/m113/third_score_document.txt,standard,None,[[0]]
llama4_scout/sedan/third_score_reference.txt,standard,44,[[44]]
llama4_scout/sedan/third_score_reference_document.txt,standard,57,[[57]]
llama4_scout/sedan/first_score_document.txt,standard,21,[[21]]
llama4_scout/sedan/first_score_reference.txt,standard,65,[[65]]
llama4_scout/sedan/second_score_reference.txt,standard,32,[[32]]
llama4_scout/sedan/first_score_reference_document.txt,standard,54,[[54]]
llama4_scout/sedan/second_score_reference_document.txt,standard,60,[[60]]
llama4_scout/sedan/second_score_document.txt,standard,40,[[40]]
llama4_scout/sedan/third_score_document.txt,standard,68,[[68]]
llama4_scout/viper/third_score_reference.txt,standard,53,[[53]]
llama4_scout/viper/third_score_reference_document.txt,standard,32,[[32]]
llama4_scout/viper/first_score_document.txt,standard,62,[[62]]
llama4_scout/viper/first_score_reference.txt,standard,47,[[47]]
llama4_scout/viper/second_score_reference.txt,standard,100,[[100]]
llama4_scout/viper/first_score_reference_document.txt,standard,11,[[11]]
llama4_scout/viper/second_score_reference_document.txt,standard,22,[[22]]
llama4_scout/viper/second_score_document.txt,standard,None,[[0]]
llama4_scout/viper/third_score_document.txt,standard,83,[[83]]
llama4_scout/lidar/third_score_reference.txt,standard,33,[[33]]
llama4_scout/lidar/third_score_reference_document.txt,standard,None,[[0]]
llama4_scout/lidar/first_score_document.txt,standard,24,[[24]]
llama4_scout/lidar/first_score_reference.txt,standard,81,[[81]]
llama4_scout/lidar/second_score_reference.txt,standard,82,[[82]]
llama4_scout/lidar/first_score_reference_document.txt,standard,39,[[39]]
llama4_scout/lidar/second_score_reference_document.txt,standard,42,[[42]]
llama4_scout/lidar/second_score_document.txt,standard,70,[[70]]
llama4_scout/lidar/third_score_document.txt,standard,58,[[58]]
llama4_scout/rigid_highway/third_score_reference.txt,standard,95,[[95]]
llama4_scout/rigid_highway/third_score_reference_document.txt,standard,72,[[72]]
llama4_scout/rigid_highway/first_score_document.txt,standard,24,[[24]]
llama4_scout/rigid_highway/first_score_reference.txt,standard,11,[[11]]
llama4_scout/rigid_highway/second_score_reference.txt,standard,37,[[37]]
llama4_scout/rigid_highway/first_score_reference_document.txt,standard,57,[[57]]
llama4_scout/rigid_highway/second_score_reference_document.txt,standard,54,[[54]]
llama4_scout/rigid_highway/second_score_document.txt,standard,63,[[63]]
llama4_scout/rigid_highway/third_score_document.txt,standard,20,[[20]]
llama4_scout/pendulum/third_score_reference.txt,standard,64,[[64]]
llama4_scout/pendulum/third_score_reference_document.txt,standard,59,[[59]]
llama4_scout/pendulum/first_score_document.txt,standard,15,[[15]]
llama4_scout/pendulum/first_score_reference.txt,standard,42,[[42]]
llama4_scout/pendulum/second_score_reference.txt,standard,21,[[21]]
llama4_scout/pendulum/first_score_reference_document.txt,standard,53,[[53]]
llama4_scout/pendulum/second_score_reference_document.txt,standard,57,[[57]]
llama4_scout/pendulum/second_score_document.txt,standard,73,[[73]]
llama4_scout/pendulum/third_score_document.txt,standard,64,[[64]]
llama4_scout/hmmwv/third_score_reference.txt,standard,98,[[98]]
llama4_scout/hmmwv/third_score_reference_document.txt,standard,24,[[24]]
llama4_scout/hmmwv/first_score_document.txt,standard,33,[[33]]
llama4_scout/hmmwv/first_score_reference.txt,standard,32,[[32]]
llama4_scout/hmmwv/second_score_reference.txt,standard,54,[[54]]
llama4_scout/hmmwv/first_score_reference_document.txt,standard,36,[[36]]
llama4_scout/hmmwv/second_score_reference_document.txt,standard,67,[[67]]
llama4_scout/hmmwv/second_score_document.txt,standard,78,[[78]]
llama4_scout/hmmwv/third_score_document.txt,standard,1,[[1]]
llama4_scout/turtlebot/third_score_reference.txt,standard,45,[[45]]
llama4_scout/turtlebot/third_score_reference_document.txt,standard,63,[[63]]
llama4_scout/turtlebot/first_score_document.txt,standard,17,[[17]]
llama4_scout/turtlebot/first_score_reference.txt,standard,20,[[20]]
llama4_scout/turtlebot/second_score_reference.txt,standard,75,[[75]]
llama4_scout/turtlebot/first_score_reference_document.txt,standard,None,[[0]]
llama4_scout/turtlebot/second_score_reference_document.txt,standard,52,[[52]]
llama4_scout/turtlebot/second_score_document.txt,standard,92,[[92]]
llama4_scout/turtlebot/third_score_document.txt,standard,100,[[100]]
llama4_scout/mass_spring_damper/third_score_reference.txt,standard,25,[[25]]
llama4_scout/mass_spring_damper/third_score_reference_document.txt,standard,70,[[70]]
llama4_scout/mass_spring_damper/first_score_document.txt,standard,4,[[4]]
llama4_scout/mass_spring_damper/first_score_reference.txt,standard,69,[[69]]
llama4_scout/mass_spring_damper/second_score_reference.txt,standard,82,[[82]]
llama4_scout/mass_spring_damper/first_score_reference_document.txt,standard,None,[[0]]
llama4_scout/mass_spring_damper/second_score_reference_document.txt,standard,78,[[78]]
llama4_scout/mass_spring_damper/second_score_document.txt,standard,None,[[0]]
llama4_scout/mass_spring_damper/third_score_document.txt,standard,79,[[79]]
llama4_scout/tablecloth/third_score_reference.txt,standard,76,[[76]]
llama4_scout/tablecloth/third_score_reference_document.txt,standard,59,[[59]]
llama4_scout/tablecloth/first_score_document.txt,standard,85,[[85]]
llama4_scout/tablecloth/first_score_reference.txt,standard,63,[[63]]
llama4_scout/tablecloth/second_score_reference.txt,standard,65,[[65]]
llama4_scout/tablecloth/first_score_reference_document.txt,standard,51,[[51]]
llama4_scout/tablecloth/second_score_reference_document.txt,standard,53,[[53]]
llama4_scout/tablecloth/second_score_document.txt,standard,27,[[27]]
llama4_scout/tablecloth/third_score_document.txt,standard,None,[[0]]
llama4_scout/kraz/third_score_reference.txt,standard,60,[[60]]
llama4_scout/kraz/third_score_reference_document.txt,standard,62,[[62]]
llama4_scout/kraz/first_score_document.txt,standard,12,[[12]]
llama4_scout/kraz/first_score_reference.txt,standard,19,[[19]]
llama4_scout/kraz/second_score_reference.txt,standard,67,[[67]]
llama4_scout/kraz/first_score_reference_document.txt,standard,48,[[48]]
llama4_scout/kraz/second_score_reference_document.txt,standard,17,[[17]]
llama4_scout/kraz/second_score_document.txt,standard,78,[[78]]
llama4_scout/kraz/third_score_document.txt,standard,49,[[49]]
llama4_scout/camera/third_score_reference.txt,standard,83,[[83]]
llama4_scout/camera/third_score_reference_document.txt,standard,75,[[75]]
llama4_scout/camera/first_score_document.txt,standard,33,[[33]]
llama4_scout/camera/first_score_reference.txt,standard,66,[[66]]
llama4_scout/camera/second_score_reference.txt,standard,97,[[97]]
llama4_scout/camera/first_score_reference_document.txt,standard,19,[[19]]
llama4_scout/camera/second_score_reference_document.txt,standard,57,[[57]]
llama4_scout/camera/second_score_document.txt,standard,54,[[54]]
llama4_scout/camera/third_score_document.txt,standard,13,[[13]]
llama4_scout/buckling/third_score_reference.txt,standard,73,[[73]]
llama4_scout/buckling/third_score_reference_document.txt,standard,32,[[32]]
llama4_scout/buckling/first_score_document.txt,standard,1,[[1]]
llama4_scout/buckling/first_score_reference.txt,standard,60,[[60]]
llama4_scout/buckling/second_score_reference.txt,standard,100,[[100]]
llama4_scout/buckling/first_score_reference_document.txt,standard,51,[[51]]
llama4_scout/buckling/second_score_reference_document.txt,standard,60,[[60]]
llama4_scout/buckling/second_score_document.txt,standard,85,[[85]]
llama4_scout/buckling/third_score_document.txt,standard,35,[[35]]
llama4_scout/gator/third_score_reference.txt,standard,35,[[35]]
llama4_scout/gator/third_score_reference_document.txt,standard,62,[[62]]
llama4_scout/gator/first_score_document.txt,standard,32,[[32]]
llama4_scout/gator/first_score_reference.txt,standard,30,[[30]]
llama4_scout/gator/second_score_reference.txt,standard,75,[[75]]
llama4_scout/gator/first_score_reference_document.txt,standard,33,[[33]]
llama4_scout/gator/second_score_reference_document.txt,standard,43,[[43]]
llama4_scout/gator/second_score_document.txt,standard,87,[[87]]
llama4_scout/gator/third_score_document.txt,standard,70,[[70]]
llama4_scout/slider_crank/third_score_reference.txt,standard,39,[[39]]
llama4_scout/slider_crank/third_score_reference_document.txt,standard,55,[[55]]
llama4_scout/slider_crank/first_score_document.txt,standard,10,[[10]]
llama4_scout/slider_crank/first_score_reference.txt,standard,64,[[64]]
llama4_scout/slider_crank/second_score_reference.txt,standard,22,[[22]]
llama4_scout/slider_crank/first_score_reference_document.txt,standard,None,[[0]]
llama4_scout/slider_crank/second_score_reference_document.txt,standard,58,[[58]]
llama4_scout/slider_crank/second_score_document.txt,standard,11,[[11]]
llama4_scout/slider_crank/third_score_document.txt,standard,15,[[15]]
llama4_scout/feda/third_score_reference.txt,standard,43,[[43]]
llama4_scout/feda/third_score_reference_document.txt,standard,77,[[77]]
llama4_scout/feda/first_score_document.txt,standard,33,[[33]]
llama4_scout/feda/first_score_reference.txt,standard,43,[[43]]
llama4_scout/feda/second_score_reference.txt,standard,72,[[72]]
llama4_scout/feda/first_score_reference_document.txt,standard,27,[[27]]
llama4_scout/feda/second_score_reference_document.txt,standard,27,[[27]]
llama4_scout/feda/second_score_document.txt,standard,66,[[66]]
llama4_scout/feda/third_score_document.txt,standard,73,[[73]]
llama4-109b-lora1/scm/third_score_reference.txt,standard,59,[[59]]
llama4-109b-lora1/scm/third_score_reference_document.txt,standard,15,[[15]]
llama4-109b-lora1/scm/first_score_document.txt,standard,17,[[17]]
llama4-109b-lora1/scm/first_score_reference.txt,standard,25,[[25]]
llama4-109b-lora1/scm/second_score_reference.txt,standard,93,[[93]]
llama4-109b-lora1/scm/first_score_reference_document.txt,standard,14,[[14]]
llama4-109b-lora1/scm/second_score_reference_document.txt,standard,75,[[75]]
llama4-109b-lora1/scm/second_score_document.txt,standard,70,[[70]]
llama4-109b-lora1/scm/third_score_document.txt,standard,63,[[63]]
llama4-109b-lora1/citybus/third_score_reference.txt,standard,65,[[65]]
llama4-109b-lora1/citybus/third_score_reference_document.txt,standard,68,[[68]]
llama4-109b-lora1/citybus/first_score_document.txt,standard,18,[[18]]
llama4-109b-lora1/citybus/first_score_reference.txt,standard,49,[[49]]
llama4-109b-lora1/citybus/second_score_reference.txt,standard,85,[[85]]
llama4-109b-lora1/citybus/first_score_reference_document.txt,standard,54,[[54]]
llama4-109b-lora1/citybus/second_score_reference_document.txt,standard,65,[[65]]
llama4-109b-lora1/citybus/second_score_document.txt,standard,45,[[45]]
llama4-109b-lora1/citybus/third_score_document.txt,standard,77,[[77]]
llama4-109b-lora1/gps_imu/third_score_reference.txt,standard,40,[[40]]
llama4-109b-lora1/gps_imu/third_score_reference_document.txt,standard,82,[[82]]
llama4-109b-lora1/gps_imu/first_score_document.txt,standard,59,[[59]]
llama4-109b-lora1/gps_imu/first_score_reference.txt,standard,57,[[57]]
llama4-109b-lora1/gps_imu/second_score_reference.txt,standard,25,[[25]]
llama4-109b-lora1/gps_imu/first_score_reference_document.txt,standard,29,[[29]]
llama4-109b-lora1/gps_imu/second_score_reference_document.txt,standard,57,[[57]]
llama4-109b-lora1/gps_imu/second_score_document.txt,standard,94,[[94]]
llama4-109b-lora1/gps_imu/third_score_document.txt,standard,59,[[59]]
llama4-109b-lora1/rotor/third_score_reference.txt,standard,40,[[40]]
llama4-109b-lora1/rotor/third_score_reference_document.txt,standard,60,[[60]]
llama4-109b-lora1/rotor/first_score_document.txt,standard,None,[[0]]
llama4-109b-lora1/rotor/first_score_reference.txt,standard,22,[[22]]
llama4-109b-lora1/rotor/second_score_reference.txt,standard,100,[[100]]
llama4-109b-lora1/rotor/first_score_reference_document.txt,standard,56,[[56]]
llama4-109b-lora1/rotor/second_score_reference_document.txt,standard,100,[[100]]
llama4-109b-lora1/rotor/second_score_document.txt,standard,75,[[75]]
llama4-109b-lora1/rotor/third_score_document.txt,standard,56,[[56]]
llama4-109b-lora1/rigid_multipatches/third_score_reference.txt,standard,25,[[25]]
llama4-109b-lora1/rigid_multipatches/third_score_reference_document.txt,standard,58,[[58]]
llama4-109b-lora1/rigid_multipatches/first_score_document.txt,standard,13,[[13]]
llama4-109b-lora1/rigid_multipatches/first_score_reference.txt,standard,41,[[41]]
llama4-109b-lora1/rigid_multipatches/second_score_reference.txt,standard,83,[[83]]
llama4-109b-lora1/rigid_multipatches/first_score_reference_document.txt,standard,37,[[37]]
llama4-109b-lora1/rigid_multipatches/second_score_reference_document.txt,standard,12,[[12]]
llama4-109b-lora1/rigid_multipatches/second_score_document.txt,standard,34,[[34]]
llama4-109b-lora1/rigid_multipatches/third_score_document.txt,standard,36,[[36]]
llama4-109b-lora1/cable/third_score_reference.txt,standard,73,[[73]]
llama4-109b-lora1/cable/third_score_reference_document.txt,standard,68,[[68]]
llama4-109b-lora1/cable/first_score_document.txt,standard,5,[[5]]
llama4-109b-lora1/cable/first_score_reference.txt,standard,65,[[65]]
llama4-109b-lora1/cable/second_score_reference.txt,standard,100,[[100]]
llama4-109b-lora1/cable/first_score_reference_document.txt,standard,59,[[59]]
llama4-109b-lora1/cable/second_score_reference_document.txt,standard,86,[[86]]
llama4-109b-lora1/cable/second_score_document.txt,standard,40,[[40]]
llama4-109b-lora1/cable/third_score_document.txt,standard,38,[[38]]
llama4-109b-lora1/sensros/third_score_reference.txt,standard,95,[[95]]
llama4-109b-lora1/sensros/third_score_reference_document.txt,standard,45,[[45]]
llama4-109b-lora1/sensros/first_score_document.txt,standard,19,[[19]]
llama4-109b-lora1/sensros/first_score_reference.txt,standard,9,[[9]]
llama4-109b-lora1/sensros/second_score_reference.txt,standard,85,[[85]]
llama4-109b-lora1/sensros/first_score_reference_document.txt,standard,13,[[13]]
llama4-109b-lora1/sensros/second_score_reference_document.txt,standard,54,[[54]]
llama4-109b-lora1/sensros/second_score_document.txt,standard,28,[[28]]
llama4-109b-lora1/sensros/third_score_document.txt,standard,20,[[20]]
llama4-109b-lora1/scm_hill/third_score_reference.txt,standard,68,[[68]]
llama4-109b-lora1/scm_hill/third_score_reference_document.txt,standard,87,[[87]]
llama4-109b-lora1/scm_hill/first_score_document.txt,standard,4,[[4]]
llama4-109b-lora1/scm_hill/first_score_reference.txt,standard,63,[[63]]
llama4-109b-lora1/scm_hill/second_score_reference.txt,standard,63,[[63]]
llama4-109b-lora1/scm_hill/first_score_reference_document.txt,standard,53,[[53]]
llama4-109b-lora1/scm_hill/second_score_reference_document.txt,standard,19,[[19]]
llama4-109b-lora1/scm_hill/second_score_document.txt,standard,39,[[39]]
llama4-109b-lora1/scm_hill/third_score_document.txt,standard,38,[[38]]
llama4-109b-lora1/veh_app/third_score_reference.txt,standard,92,[[92]]
llama4-109b-lora1/veh_app/third_score_reference_document.txt,standard,27,[[27]]
llama4-109b-lora1/veh_app/first_score_document.txt,standard,None,[[0]]
llama4-109b-lora1/veh_app/first_score_reference.txt,standard,69,[[69]]
llama4-109b-lora1/veh_app/second_score_reference.txt,standard,38,[[38]]
llama4-109b-lora1/veh_app/first_score_reference_document.txt,standard,16,[[16]]
llama4-109b-lora1/veh_app/second_score_reference_document.txt,standard,29,[[29]]
llama4-109b-lora1/veh_app/second_score_document.txt,standard,73,[[73]]
llama4-109b-lora1/veh_app/third_score_document.txt,standard,4,[[4]]
llama4-109b-lora1/gear/third_score_reference.txt,standard,63,[[63]]
llama4-109b-lora1/gear/third_score_reference_document.txt,standard,51,[[51]]
llama4-109b-lora1/gear/first_score_document.txt,standard,24,[[24]]
llama4-109b-lora1/gear/first_score_reference.txt,standard,31,[[31]]
llama4-109b-lora1/gear/second_score_reference.txt,standard,55,[[55]]
llama4-109b-lora1/gear/first_score_reference_document.txt,standard,17,[[17]]
llama4-109b-lora1/gear/second_score_reference_document.txt,standard,42,[[42]]
llama4-109b-lora1/gear/second_score_document.txt,standard,32,[[32]]
llama4-109b-lora1/gear/third_score_document.txt,standard,14,[[14]]
llama4-109b-lora1/art/third_score_reference.txt,standard,30,[[30]]
llama4-109b-lora1/art/third_score_reference_document.txt,standard,73,[[73]]
llama4-109b-lora1/art/first_score_document.txt,standard,24,[[24]]
llama4-109b-lora1/art/first_score_reference.txt,standard,22,[[22]]
llama4-109b-lora1/art/second_score_reference.txt,standard,40,[[40]]
llama4-109b-lora1/art/first_score_reference_document.txt,standard,16,[[16]]
llama4-109b-lora1/art/second_score_reference_document.txt,standard,51,[[51]]
llama4-109b-lora1/art/second_score_document.txt,standard,75,[[75]]
llama4-109b-lora1/art/third_score_document.txt,standard,61,[[61]]
llama4-109b-lora1/man/third_score_reference.txt,standard,59,[[59]]
llama4-109b-lora1/man/third_score_reference_document.txt,standard,54,[[54]]
llama4-109b-lora1/man/first_score_document.txt,standard,20,[[20]]
llama4-109b-lora1/man/first_score_reference.txt,standard,13,[[13]]
llama4-109b-lora1/man/second_score_reference.txt,standard,79,[[79]]
llama4-109b-lora1/man/first_score_reference_document.txt,standard,14,[[14]]
llama4-109b-lora1/man/second_score_reference_document.txt,standard,58,[[58]]
llama4-109b-lora1/man/second_score_document.txt,standard,49,[[49]]
llama4-109b-lora1/man/third_score_document.txt,standard,78,[[78]]
llama4-109b-lora1/curiosity/third_score_reference.txt,standard,68,[[68]]
llama4-109b-lora1/curiosity/third_score_reference_document.txt,standard,66,[[66]]
llama4-109b-lora1/curiosity/first_score_document.txt,standard,41,[[41]]
llama4-109b-lora1/curiosity/first_score_reference.txt,standard,23,[[23]]
llama4-109b-lora1/curiosity/second_score_reference.txt,standard,70,[[70]]
llama4-109b-lora1/curiosity/first_score_reference_document.txt,standard,11,[[11]]
llama4-109b-lora1/curiosity/second_score_reference_document.txt,standard,73,[[73]]
llama4-109b-lora1/curiosity/second_score_document.txt,standard,75,[[75]]
llama4-109b-lora1/curiosity/third_score_document.txt,standard,73,[[73]]
llama4-109b-lora1/vehros/third_score_reference.txt,standard,67,[[67]]
llama4-109b-lora1/vehros/third_score_reference_document.txt,standard,26,[[26]]
llama4-109b-lora1/vehros/first_score_document.txt,standard,18,[[18]]
llama4-109b-lora1/vehros/first_score_reference.txt,standard,3,[[3]]
llama4-109b-lora1/vehros/second_score_reference.txt,standard,76,[[76]]
llama4-109b-lora1/vehros/first_score_reference_document.txt,standard,57,[[57]]
llama4-109b-lora1/vehros/second_score_reference_document.txt,standard,27,[[27]]
llama4-109b-lora1/vehros/second_score_document.txt,standard,23,[[23]]
llama4-109b-lora1/vehros/third_score_document.txt,standard,81,[[81]]
llama4-109b-lora1/uazbus/third_score_reference.txt,standard,80,[[80]]
llama4-109b-lora1/uazbus/third_score_reference_document.txt,standard,58,[[58]]
llama4-109b-lora1/uazbus/first_score_document.txt,standard,19,[[19]]
llama4-109b-lora1/uazbus/first_score_reference.txt,standard,None,[[0]]
llama4-109b-lora1/uazbus/second_score_reference.txt,standard,13,[[13]]
llama4-109b-lora1/uazbus/first_score_reference_document.txt,standard,4,[[4]]
llama4-109b-lora1/uazbus/second_score_reference_document.txt,standard,30,[[30]]
llama4-109b-lora1/uazbus/second_score_document.txt,standard,75,[[75]]
llama4-109b-lora1/uazbus/third_score_document.txt,standard,78,[[78]]
llama4-109b-lora1/handler/third_score_reference.txt,standard,64,[[64]]
llama4-109b-lora1/handler/third_score_reference_document.txt,standard,59,[[59]]
llama4-109b-lora1/handler/first_score_document.txt,standard,15,[[15]]
llama4-109b-lora1/handler/first_score_reference.txt,standard,42,[[42]]
llama4-109b-lora1/handler/second_score_reference.txt,standard,92,[[92]]
llama4-109b-lora1/handler/first_score_reference_document.txt,standard,5,[[5]]
llama4-109b-lora1/handler/second_score_reference_document.txt,standard,69,[[69]]
llama4-109b-lora1/handler/second_score_document.txt,standard,59,[[59]]
llama4-109b-lora1/handler/third_score_document.txt,standard,52,[[52]]
llama4-109b-lora1/beam/third_score_reference.txt,standard,85,[[85]]
llama4-109b-lora1/beam/third_score_reference_document.txt,standard,16,[[16]]
llama4-109b-lora1/beam/first_score_document.txt,standard,21,[[21]]
llama4-109b-lora1/beam/first_score_reference.txt,standard,4,[[4]]
llama4-109b-lora1/beam/second_score_reference.txt,standard,87,[[87]]
llama4-109b-lora1/beam/first_score_reference_document.txt,standard,25,[[25]]
llama4-109b-lora1/beam/second_score_reference_document.txt,standard,25,[[25]]
llama4-109b-lora1/beam/second_score_document.txt,standard,29,[[29]]
llama4-109b-lora1/beam/third_score_document.txt,standard,29,[[29]]
llama4-109b-lora1/particles/third_score_reference.txt,standard,38,[[38]]
llama4-109b-lora1/particles/third_score_reference_document.txt,standard,65,[[65]]
llama4-109b-lora1/particles/first_score_document.txt,standard,19,[[19]]
llama4-109b-lora1/particles/first_score_reference.txt,standard,16,[[16]]
llama4-109b-lora1/particles/second_score_reference.txt,standard,96,[[96]]
llama4-109b-lora1/particles/first_score_reference_document.txt,standard,22,[[22]]
llama4-109b-lora1/particles/second_score_reference_document.txt,standard,94,[[94]]
llama4-109b-lora1/particles/second_score_document.txt,standard,9,[[9]]
llama4-109b-lora1/particles/third_score_document.txt,standard,85,[[85]]
llama4-109b-lora1/m113/third_score_reference.txt,standard,28,[[28]]
llama4-109b-lora1/m113/third_score_reference_document.txt,standard,79,[[79]]
llama4-109b-lora1/m113/first_score_document.txt,standard,56,[[56]]
llama4-109b-lora1/m113/first_score_reference.txt,standard,35,[[35]]
llama4-109b-lora1/m113/second_score_reference.txt,standard,68,[[68]]
llama4-109b-lora1/m113/first_score_reference_document.txt,standard,14,[[14]]
llama4-109b-lora1/m113/second_score_reference_document.txt,standard,64,[[64]]
llama4-109b-lora1/m113/second_score_document.txt,standard,26,[[26]]
llama4-109b-lora1/m113/third_score_document.txt,standard,1,[[1]]
llama4-109b-lora1/sedan/third_score_reference.txt,standard,60,[[60]]
llama4-109b-lora1/sedan/third_score_reference_document.txt,standard,23,[[23]]
llama4-109b-lora1/sedan/first_score_document.txt,standard,22,[[22]]
llama4-109b-lora1/sedan/first_score_reference.txt,standard,12,[[12]]
llama4-109b-lora1/sedan/second_score_reference.txt,standard,65,[[65]]
llama4-109b-lora1/sedan/first_score_reference_document.txt,standard,50,[[50]]
llama4-109b-lora1/sedan/second_score_reference_document.txt,standard,52,[[52]]
llama4-109b-lora1/sedan/second_score_document.txt,standard,70,[[70]]
llama4-109b-lora1/sedan/third_score_document.txt,standard,68,[[68]]
llama4-109b-lora1/viper/third_score_reference.txt,standard,68,[[68]]
llama4-109b-lora1/viper/third_score_reference_document.txt,standard,45,[[45]]
llama4-109b-lora1/viper/first_score_document.txt,standard,25,[[25]]
llama4-109b-lora1/viper/first_score_reference.txt,standard,37,[[37]]
llama4-109b-lora1/viper/second_score_reference.txt,standard,98,[[98]]
llama4-109b-lora1/viper/first_score_reference_document.txt,standard,56,[[56]]
llama4-109b-lora1/viper/second_score_reference_document.txt,standard,63,[[63]]
llama4-109b-lora1/viper/second_score_document.txt,standard,30,[[30]]
llama4-109b-lora1/viper/third_score_document.txt,standard,70,[[70]]
llama4-109b-lora1/lidar/third_score_reference.txt,standard,16,[[16]]
llama4-109b-lora1/lidar/third_score_reference_document.txt,standard,52,[[52]]
llama4-109b-lora1/lidar/first_score_document.txt,standard,83,[[83]]
llama4-109b-lora1/lidar/first_score_reference.txt,standard,13,[[13]]
llama4-109b-lora1/lidar/second_score_reference.txt,standard,32,[[32]]
llama4-109b-lora1/lidar/first_score_reference_document.txt,standard,3,[[3]]
llama4-109b-lora1/lidar/second_score_reference_document.txt,standard,12,[[12]]
llama4-109b-lora1/lidar/second_score_document.txt,standard,1,[[1]]
llama4-109b-lora1/lidar/third_score_document.txt,standard,15,[[15]]
llama4-109b-lora1/rigid_highway/third_score_reference.txt,standard,96,[[96]]
llama4-109b-lora1/rigid_highway/third_score_reference_document.txt,standard,68,[[68]]
llama4-109b-lora1/rigid_highway/first_score_document.txt,standard,70,[[70]]
llama4-109b-lora1/rigid_highway/first_score_reference.txt,standard,17,[[17]]
llama4-109b-lora1/rigid_highway/second_score_reference.txt,standard,87,[[87]]
llama4-109b-lora1/rigid_highway/first_score_reference_document.txt,standard,20,[[20]]
llama4-109b-lora1/rigid_highway/second_score_reference_document.txt,standard,91,[[91]]
llama4-109b-lora1/rigid_highway/second_score_document.txt,standard,74,[[74]]
llama4-109b-lora1/rigid_highway/third_score_document.txt,standard,64,[[64]]
llama4-109b-lora1/pendulum/third_score_reference.txt,standard,33,[[33]]
llama4-109b-lora1/pendulum/third_score_reference_document.txt,standard,67,[[67]]
llama4-109b-lora1/pendulum/first_score_document.txt,standard,56,[[56]]
llama4-109b-lora1/pendulum/first_score_reference.txt,standard,30,[[30]]
llama4-109b-lora1/pendulum/second_score_reference.txt,standard,37,[[37]]
llama4-109b-lora1/pendulum/first_score_reference_document.txt,standard,20,[[20]]
llama4-109b-lora1/pendulum/second_score_reference_document.txt,standard,71,[[71]]
llama4-109b-lora1/pendulum/second_score_document.txt,standard,46,[[46]]
llama4-109b-lora1/pendulum/third_score_document.txt,standard,38,[[38]]
llama4-109b-lora1/hmmwv/third_score_reference.txt,standard,33,[[33]]
llama4-109b-lora1/hmmwv/third_score_reference_document.txt,standard,13,[[13]]
llama4-109b-lora1/hmmwv/first_score_document.txt,standard,70,[[70]]
llama4-109b-lora1/hmmwv/first_score_reference.txt,standard,None,[[0]]
llama4-109b-lora1/hmmwv/second_score_reference.txt,standard,81,[[81]]
llama4-109b-lora1/hmmwv/first_score_reference_document.txt,standard,39,[[39]]
llama4-109b-lora1/hmmwv/second_score_reference_document.txt,standard,18,[[18]]
llama4-109b-lora1/hmmwv/second_score_document.txt,standard,76,[[76]]
llama4-109b-lora1/hmmwv/third_score_document.txt,standard,63,[[63]]
llama4-109b-lora1/turtlebot/third_score_reference.txt,standard,19,[[19]]
llama4-109b-lora1/turtlebot/third_score_reference_document.txt,standard,33,[[33]]
llama4-109b-lora1/turtlebot/first_score_document.txt,standard,37,[[37]]
llama4-109b-lora1/turtlebot/first_score_reference.txt,standard,56,[[56]]
llama4-109b-lora1/turtlebot/second_score_reference.txt,standard,80,[[80]]
llama4-109b-lora1/turtlebot/first_score_reference_document.txt,standard,29,[[29]]
llama4-109b-lora1/turtlebot/second_score_reference_document.txt,standard,63,[[63]]
llama4-109b-lora1/turtlebot/second_score_document.txt,standard,69,[[69]]
llama4-109b-lora1/turtlebot/third_score_document.txt,standard,64,[[64]]
llama4-109b-lora1/mass_spring_damper/third_score_reference.txt,standard,58,[[58]]
llama4-109b-lora1/mass_spring_damper/third_score_reference_document.txt,standard,54,[[54]]
llama4-109b-lora1/mass_spring_damper/first_score_document.txt,standard,6,[[6]]
llama4-109b-lora1/mass_spring_damper/first_score_reference.txt,standard,26,[[26]]
llama4-109b-lora1/mass_spring_damper/second_score_reference.txt,standard,4,[[4]]
llama4-109b-lora1/mass_spring_damper/first_score_reference_document.txt,standard,27,[[27]]
llama4-109b-lora1/mass_spring_damper/second_score_reference_document.txt,standard,38,[[38]]
llama4-109b-lora1/mass_spring_damper/second_score_document.txt,standard,25,[[25]]
llama4-109b-lora1/mass_spring_damper/third_score_document.txt,standard,30,[[30]]
llama4-109b-lora1/tablecloth/third_score_reference.txt,standard,48,[[48]]
llama4-109b-lora1/tablecloth/third_score_reference_document.txt,standard,51,[[51]]
llama4-109b-lora1/tablecloth/first_score_document.txt,standard,70,[[70]]
llama4-109b-lora1/tablecloth/first_score_reference.txt,standard,27,[[27]]
llama4-109b-lora1/tablecloth/second_score_reference.txt,standard,70,[[70]]
llama4-109b-lora1/tablecloth/first_score_reference_document.txt,standard,37,[[37]]
llama4-109b-lora1/tablecloth/second_score_reference_document.txt,standard,36,[[36]]
llama4-109b-lora1/tablecloth/second_score_document.txt,standard,22,[[22]]
llama4-109b-lora1/tablecloth/third_score_document.txt,standard,53,[[53]]
llama4-109b-lora1/kraz/third_score_reference.txt,standard,48,[[48]]
llama4-109b-lora1/kraz/third_score_reference_document.txt,standard,19,[[19]]
llama4-109b-lora1/kraz/first_score_document.txt,standard,40,[[40]]
llama4-109b-lora1/kraz/first_score_reference.txt,standard,65,[[65]]
llama4-109b-lora1/kraz/second_score_reference.txt,standard,43,[[43]]
llama4-109b-lora1/kraz/first_score_reference_document.txt,standard,54,[[54]]
llama4-109b-lora1/kraz/second_score_reference_document.txt,standard,60,[[60]]
llama4-109b-lora1/kraz/second_score_document.txt,standard,64,[[64]]
llama4-109b-lora1/kraz/third_score_document.txt,standard,33,[[33]]
llama4-109b-lora1/camera/third_score_reference.txt,standard,69,[[69]]
llama4-109b-lora1/camera/third_score_reference_document.txt,standard,27,[[27]]
llama4-109b-lora1/camera/first_score_document.txt,standard,33,[[33]]
llama4-109b-lora1/camera/first_score_reference.txt,standard,20,[[20]]
llama4-109b-lora1/camera/second_score_reference.txt,standard,79,[[79]]
llama4-109b-lora1/camera/first_score_reference_document.txt,standard,4,[[4]]
llama4-109b-lora1/camera/second_score_reference_document.txt,standard,23,[[23]]
llama4-109b-lora1/camera/second_score_document.txt,standard,60,[[60]]
llama4-109b-lora1/camera/third_score_document.txt,standard,2,[[2]]
llama4-109b-lora1/buckling/third_score_reference.txt,standard,26,[[26]]
llama4-109b-lora1/buckling/third_score_reference_document.txt,standard,31,[[31]]
llama4-109b-lora1/buckling/first_score_document.txt,standard,17,[[17]]
llama4-109b-lora1/buckling/first_score_reference.txt,standard,None,[[0]]
llama4-109b-lora1/buckling/second_score_reference.txt,standard,60,[[60]]
llama4-109b-lora1/buckling/first_score_reference_document.txt,standard,None,[[0]]
llama4-109b-lora1/buckling/second_score_reference_document.txt,standard,33,[[33]]
llama4-109b-lora1/buckling/second_score_document.txt,standard,39,[[39]]
llama4-109b-lora1/buckling/third_score_document.txt,standard,3,[[3]]
llama4-109b-lora1/gator/third_score_reference.txt,standard,38,[[38]]
llama4-109b-lora1/gator/third_score_reference_document.txt,standard,55,[[55]]
llama4-109b-lora1/gator/first_score_document.txt,standard,65,[[65]]
llama4-109b-lora1/gator/first_score_reference.txt,standard,59,[[59]]
llama4-109b-lora1/gator/second_score_reference.txt,standard,23,[[23]]
llama4-109b-lora1/gator/first_score_reference_document.txt,standard,16,[[16]]
llama4-109b-lora1/gator/second_score_reference_document.txt,standard,40,[[40]]
llama4-109b-lora1/gator/second_score_document.txt,standard,81,[[81]]
llama4-109b-lora1/gator/third_score_document.txt,standard,76,[[76]]
llama4-109b-lora1/slider_crank/third_score_reference.txt,standard,70,[[70]]
llama4-109b-lora1/slider_crank/third_score_reference_document.txt,standard,42,[[42]]
llama4-109b-lora1/slider_crank/first_score_document.txt,standard,54,[[54]]
llama4-109b-lora1/slider_crank/first_score_reference.txt,standard,62,[[62]]
llama4-109b-lora1/slider_crank/second_score_reference.txt,standard,50,[[50]]
llama4-109b-lora1/slider_crank/first_score_reference_document.txt,standard,55,[[55]]
llama4-109b-lora1/slider_crank/second_score_reference_document.txt,standard,65,[[65]]
llama4-109b-lora1/slider_crank/second_score_document.txt,standard,31,[[31]]
llama4-109b-lora1/slider_crank/third_score_document.txt,standard,54,[[54]]
llama4-109b-lora1/feda/third_score_reference.txt,standard,69,[[69]]
llama4-109b-lora1/feda/third_score_reference_document.txt,standard,57,[[57]]
llama4-109b-lora1/feda/first_score_document.txt,standard,62,[[62]]
llama4-109b-lora1/feda/first_score_reference.txt,standard,59,[[59]]
llama4-109b-lora1/feda/second_score_reference.txt,standard,77,[[77]]
llama4-109b-lora1/feda/first_score_reference_document.txt,standard,57,[[57]]
llama4-109b-lora1/feda/second_score_reference_document.txt,standard,82,[[82]]
llama4-109b-lora1/feda/second_score_document.txt,standard,72,[[72]]
llama4-109b-lora1/feda/third_score_document.txt,standard,66,[[66]]
llama-3.1-405b-instruct/scm/third_score_reference.txt,standard,48,[[48]]
llama-3.1-405b-instruct/scm/third_score_reference_document.txt,standard,39,[[39]]
llama-3.1-405b-instruct/scm/first_score_document.txt,standard,10,[[10]]
llama-3.1-405b-instruct/scm/first_score_reference.txt,standard,51,[[51]]
llama-3.1-405b-instruct/scm/second_score_reference.txt,standard,24,[[24]]
llama-3.1-405b-instruct/scm/first_score_reference_document.txt,standard,36,[[36]]
llama-3.1-405b-instruct/scm/second_score_reference_document.txt,standard,77,[[77]]
llama-3.1-405b-instruct/scm/second_score_document.txt,standard,22,[[22]]
llama-3.1-405b-instruct/scm/third_score_document.txt,standard,63,[[63]]
llama-3.1-405b-instruct/citybus/third_score_reference.txt,standard,98,[[98]]
llama-3.1-405b-instruct/citybus/third_score_reference_document.txt,standard,22,[[22]]
llama-3.1-405b-instruct/citybus/first_score_document.txt,standard,20,[[20]]
llama-3.1-405b-instruct/citybus/first_score_reference.txt,standard,8,[[8]]
llama-3.1-405b-instruct/citybus/second_score_reference.txt,standard,62,[[62]]
llama-3.1-405b-instruct/citybus/first_score_reference_document.txt,standard,9,[[9]]
llama-3.1-405b-instruct/citybus/second_score_reference_document.txt,standard,44,[[44]]
llama-3.1-405b-instruct/citybus/second_score_document.txt,standard,75,[[75]]
llama-3.1-405b-instruct/citybus/third_score_document.txt,standard,60,[[60]]
llama-3.1-405b-instruct/gps_imu/third_score_reference.txt,standard,91,[[91]]
llama-3.1-405b-instruct/gps_imu/third_score_reference_document.txt,standard,61,[[61]]
llama-3.1-405b-instruct/gps_imu/first_score_document.txt,standard,24,[[24]]
llama-3.1-405b-instruct/gps_imu/first_score_reference.txt,standard,11,[[11]]
llama-3.1-405b-instruct/gps_imu/second_score_reference.txt,standard,97,[[97]]
llama-3.1-405b-instruct/gps_imu/first_score_reference_document.txt,standard,54,[[54]]
llama-3.1-405b-instruct/gps_imu/second_score_reference_document.txt,standard,56,[[56]]
llama-3.1-405b-instruct/gps_imu/second_score_document.txt,standard,80,[[80]]
llama-3.1-405b-instruct/gps_imu/third_score_document.txt,standard,76,[[76]]
llama-3.1-405b-instruct/rotor/third_score_reference.txt,standard,83,[[83]]
llama-3.1-405b-instruct/rotor/third_score_reference_document.txt,standard,75,[[75]]
llama-3.1-405b-instruct/rotor/first_score_document.txt,standard,30,[[30]]
llama-3.1-405b-instruct/rotor/first_score_reference.txt,standard,34,[[34]]
llama-3.1-405b-instruct/rotor/second_score_reference.txt,standard,37,[[37]]
llama-3.1-405b-instruct/rotor/first_score_reference_document.txt,standard,12,[[12]]
llama-3.1-405b-instruct/rotor/second_score_reference_document.txt,standard,98,[[98]]
llama-3.1-405b-instruct/rotor/second_score_document.txt,standard,33,[[33]]
llama-3.1-405b-instruct/rotor/third_score_document.txt,standard,17,[[17]]
llama-3.1-405b-instruct/rigid_multipatches/third_score_reference.txt,standard,92,[[92]]
llama-3.1-405b-instruct/rigid_multipatches/third_score_reference_document.txt,standard,52,[[52]]
llama-3.1-405b-instruct/rigid_multipatches/first_score_document.txt,standard,43,[[43]]
llama-3.1-405b-instruct/rigid_multipatches/first_score_reference.txt,standard,9,[[9]]
llama-3.1-405b-instruct/rigid_multipatches/second_score_reference.txt,standard,65,[[65]]
llama-3.1-405b-instruct/rigid_multipatches/first_score_reference_document.txt,standard,10,[[10]]
llama-3.1-405b-instruct/rigid_multipatches/second_score_reference_document.txt,standard,50,[[50]]
llama-3.1-405b-instruct/rigid_multipatches/second_score_document.txt,standard,None,[[0]]
llama-3.1-405b-instruct/rigid_multipatches/third_score_document.txt,standard,None,[[0]]
llama-3.1-405b-instruct/cable/third_score_reference.txt,standard,52,[[52]]
llama-3.1-405b-instruct/cable/third_score_reference_document.txt,standard,38,[[38]]
llama-3.1-405b-instruct/cable/first_score_document.txt,standard,46,[[46]]
llama-3.1-405b-instruct/cable/first_score_reference.txt,standard,56,[[56]]
llama-3.1-405b-instruct/cable/second_score_reference.txt,standard,95,[[95]]
llama-3.1-405b-instruct/cable/first_score_reference_document.txt,standard,54,[[54]]
llama-3.1-405b-instruct/cable/second_score_reference_document.txt,standard,100,[[100]]
llama-3.1-405b-instruct/cable/second_score_document.txt,standard,25,[[25]]
llama-3.1-405b-instruct/cable/third_score_document.txt,standard,66,[[66]]
llama-3.1-405b-instruct/sensros/third_score_reference.txt,standard,65,[[65]]
llama-3.1-405b-instruct/sensros/third_score_reference_document.txt,standard,50,[[50]]
llama-3.1-405b-instruct/sensros/first_score_document.txt,standard,12,[[12]]
llama-3.1-405b-instruct/sensros/first_score_reference.txt,standard,None,[[0]]
llama-3.1-405b-instruct/sensros/second_score_reference.txt,standard,67,[[67]]
llama-3.1-405b-instruct/sensros/first_score_reference_document.txt,standard,34,[[34]]
llama-3.1-405b-instruct/sensros/second_score_reference_document.txt,standard,57,[[57]]
llama-3.1-405b-instruct/sensros/second_score_document.txt,standard,44,[[44]]
llama-3.1-405b-instruct/sensros/third_score_document.txt,standard,62,[[62]]
llama-3.1-405b-instruct/scm_hill/third_score_reference.txt,standard,60,[[60]]
llama-3.1-405b-instruct/scm_hill/third_score_reference_document.txt,standard,64,[[64]]
llama-3.1-405b-instruct/scm_hill/first_score_document.txt,standard,34,[[34]]
llama-3.1-405b-instruct/scm_hill/first_score_reference.txt,standard,40,[[40]]
llama-3.1-405b-instruct/scm_hill/second_score_reference.txt,standard,68,[[68]]
llama-3.1-405b-instruct/scm_hill/first_score_reference_document.txt,standard,54,[[54]]
llama-3.1-405b-instruct/scm_hill/second_score_reference_document.txt,standard,26,[[26]]
llama-3.1-405b-instruct/scm_hill/second_score_document.txt,standard,75,[[75]]
llama-3.1-405b-instruct/scm_hill/third_score_document.txt,standard,56,[[56]]
llama-3.1-405b-instruct/veh_app/third_score_reference.txt,standard,73,[[73]]
llama-3.1-405b-instruct/veh_app/third_score_reference_document.txt,standard,57,[[57]]
llama-3.1-405b-instruct/veh_app/first_score_document.txt,standard,27,[[27]]
llama-3.1-405b-instruct/veh_app/first_score_reference.txt,standard,None,[[0]]
llama-3.1-405b-instruct/veh_app/second_score_reference.txt,standard,35,[[35]]
llama-3.1-405b-instruct/veh_app/first_score_reference_document.txt,standard,42,[[42]]
llama-3.1-405b-instruct/veh_app/second_score_reference_document.txt,standard,12,[[12]]
llama-3.1-405b-instruct/veh_app/second_score_document.txt,standard,64,[[64]]
llama-3.1-405b-instruct/veh_app/third_score_document.txt,standard,40,[[40]]
llama-3.1-405b-instruct/gear/third_score_reference.txt,standard,91,[[91]]
llama-3.1-405b-instruct/gear/third_score_reference_document.txt,standard,72,[[72]]
llama-3.1-405b-instruct/gear/first_score_document.txt,standard,37,[[37]]
llama-3.1-405b-instruct/gear/first_score_reference.txt,standard,52,[[52]]
llama-3.1-405b-instruct/gear/second_score_reference.txt,standard,29,[[29]]
llama-3.1-405b-instruct/gear/first_score_reference_document.txt,standard,65,[[65]]
llama-3.1-405b-instruct/gear/second_score_reference_document.txt,standard,20,[[20]]
llama-3.1-405b-instruct/gear/second_score_document.txt,standard,73,[[73]]
llama-3.1-405b-instruct/gear/third_score_document.txt,standard,63,[[63]]
llama-3.1-405b-instruct/art/third_score_reference.txt,standard,39,[[39]]
llama-3.1-405b-instruct/art/third_score_reference_document.txt,standard,74,[[74]]
llama-3.1-405b-instruct/art/first_score_document.txt,standard,37,[[37]]
llama-3.1-405b-instruct/art/first_score_reference.txt,standard,39,[[39]]
llama-3.1-405b-instruct/art/second_score_reference.txt,standard,40,[[40]]
llama-3.1-405b-instruct/art/first_score_reference_document.txt,standard,4,[[4]]
llama-3.1-405b-instruct/art/second_score_reference_document.txt,standard,55,[[55]]
llama-3.1-405b-instruct/art/second_score_document.txt,standard,16,[[16]]
llama-3.1-405b-instruct/art/third_score_document.txt,standard,73,[[73]]
llama-3.1-405b-instruct/man/third_score_reference.txt,standard,82,[[82]]
llama-3.1-405b-instruct/man/third_score_reference_document.txt,standard,22,[[22]]
llama-3.1-405b-instruct/man/first_score_document.txt,standard,None,[[0]]
llama-3.1-405b-instruct/man/first_score_reference.txt,standard,None,[[0]]
llama-3.1-405b-instruct/man/second_score_reference.txt,standard,81,[[81]]
llama-3.1-405b-instruct/man/first_score_reference_document.txt,standard,30,[[30]]
llama-3.1-405b-instruct/man/second_score_reference_document.txt,standard,53,[[53]]
llama-3.1-405b-instruct/man/second_score_document.txt,standard,32,[[32]]
llama-3.1-405b-instruct/man/third_score_document.txt,standard,36,[[36]]
llama-3.1-405b-instruct/curiosity/third_score_reference.txt,standard,63,[[63]]
llama-3.1-405b-instruct/curiosity/third_score_reference_document.txt,standard,54,[[54]]
llama-3.1-405b-instruct/curiosity/first_score_document.txt,standard,25,[[25]]
llama-3.1-405b-instruct/curiosity/first_score_reference.txt,standard,25,[[25]]
llama-3.1-405b-instruct/curiosity/second_score_reference.txt,standard,75,[[75]]
llama-3.1-405b-instruct/curiosity/first_score_reference_document.txt,standard,None,[[0]]
llama-3.1-405b-instruct/curiosity/second_score_reference_document.txt,standard,72,[[72]]
llama-3.1-405b-instruct/curiosity/second_score_document.txt,standard,28,[[28]]
llama-3.1-405b-instruct/curiosity/third_score_document.txt,standard,73,[[73]]
llama-3.1-405b-instruct/vehros/third_score_reference.txt,standard,72,[[72]]
llama-3.1-405b-instruct/vehros/third_score_reference_document.txt,standard,44,[[44]]
llama-3.1-405b-instruct/vehros/first_score_document.txt,standard,16,[[16]]
llama-3.1-405b-instruct/vehros/first_score_reference.txt,standard,31,[[31]]
llama-3.1-405b-instruct/vehros/second_score_reference.txt,standard,70,[[70]]
llama-3.1-405b-instruct/vehros/first_score_reference_document.txt,standard,51,[[51]]
llama-3.1-405b-instruct/vehros/second_score_reference_document.txt,standard,61,[[61]]
llama-3.1-405b-instruct/vehros/second_score_document.txt,standard,74,[[74]]
llama-3.1-405b-instruct/vehros/third_score_document.txt,standard,58,[[58]]
llama-3.1-405b-instruct/uazbus/third_score_reference.txt,standard,59,[[59]]
llama-3.1-405b-instruct/uazbus/third_score_reference_document.txt,standard,53,[[53]]
llama-3.1-405b-instruct/uazbus/first_score_document.txt,standard,42,[[42]]
llama-3.1-405b-instruct/uazbus/first_score_reference.txt,standard,62,[[62]]
llama-3.1-405b-instruct/uazbus/second_score_reference.txt,standard,45,[[45]]
llama-3.1-405b-instruct/uazbus/first_score_reference_document.txt,standard,None,[[0]]
llama-3.1-405b-instruct/uazbus/second_score_reference_document.txt,standard,83,[[83]]
llama-3.1-405b-instruct/uazbus/second_score_document.txt,standard,21,[[21]]
llama-3.1-405b-instruct/uazbus/third_score_document.txt,standard,68,[[68]]
llama-3.1-405b-instruct/handler/third_score_reference.txt,standard,62,[[62]]
llama-3.1-405b-instruct/handler/third_score_reference_document.txt,standard,31,[[31]]
llama-3.1-405b-instruct/handler/first_score_document.txt,standard,2,[[2]]
llama-3.1-405b-instruct/handler/first_score_reference.txt,standard,60,[[60]]
llama-3.1-405b-instruct/handler/second_score_reference.txt,standard,40,[[40]]
llama-3.1-405b-instruct/handler/first_score_reference_document.txt,standard,18,[[18]]
llama-3.1-405b-instruct/handler/second_score_reference_document.txt,standard,74,[[74]]
llama-3.1-405b-instruct/handler/second_score_document.txt,standard,18,[[18]]
llama-3.1-405b-instruct/handler/third_score_document.txt,standard,47,[[47]]
llama-3.1-405b-instruct/beam/third_score_reference.txt,standard,64,[[64]]
llama-3.1-405b-instruct/beam/third_score_reference_document.txt,standard,8,[[8]]
llama-3.1-405b-instruct/beam/first_score_document.txt,standard,35,[[35]]
llama-3.1-405b-instruct/beam/first_score_reference.txt,standard,43,[[43]]
llama-3.1-405b-instruct/beam/second_score_reference.txt,standard,91,[[91]]
llama-3.1-405b-instruct/beam/first_score_reference_document.txt,standard,54,[[54]]
llama-3.1-405b-instruct/beam/second_score_reference_document.txt,standard,85,[[85]]
llama-3.1-405b-instruct/beam/second_score_document.txt,standard,15,[[15]]
llama-3.1-405b-instruct/beam/third_score_document.txt,standard,63,[[63]]
llama-3.1-405b-instruct/particles/third_score_reference.txt,standard,77,[[77]]
llama-3.1-405b-instruct/particles/third_score_reference_document.txt,standard,54,[[54]]
llama-3.1-405b-instruct/particles/first_score_document.txt,standard,48,[[48]]
llama-3.1-405b-instruct/particles/first_score_reference.txt,standard,42,[[42]]
llama-3.1-405b-instruct/particles/second_score_reference.txt,standard,25,[[25]]
llama-3.1-405b-instruct/particles/first_score_reference_document.txt,standard,14,[[14]]
llama-3.1-405b-instruct/particles/second_score_reference_document.txt,standard,80,[[80]]
llama-3.1-405b-instruct/particles/second_score_document.txt,standard,80,[[80]]
llama-3.1-405b-instruct/particles/third_score_document.txt,standard,72,[[72]]
llama-3.1-405b-instruct/m113/third_score_reference.txt,standard,77,[[77]]
llama-3.1-405b-instruct/m113/third_score_reference_document.txt,standard,54,[[54]]
llama-3.1-405b-instruct/m113/first_score_document.txt,standard,43,[[43]]
llama-3.1-405b-instruct/m113/first_score_reference.txt,standard,54,[[54]]
llama-3.1-405b-instruct/m113/second_score_reference.txt,standard,63,[[63]]
llama-3.1-405b-instruct/m113/first_score_reference_document.txt,standard,24,[[24]]
llama-3.1-405b-instruct/m113/second_score_reference_document.txt,standard,57,[[57]]
llama-3.1-405b-instruct/m113/second_score_document.txt,standard,60,[[60]]
llama-3.1-405b-instruct/m113/third_score_document.txt,standard,55,[[55]]
llama-3.1-405b-instruct/sedan/third_score_reference.txt,standard,52,[[52]]
llama-3.1-405b-instruct/sedan/third_score_reference_document.txt,standard,43,[[43]]
llama-3.1-405b-instruct/sedan/first_score_document.txt,standard,20,[[20]]
llama-3.1-405b-instruct/sedan/first_score_reference.txt,standard,15,[[15]]
llama-3.1-405b-instruct/sedan/second_score_reference.txt,standard,70,[[70]]
llama-3.1-405b-instruct/sedan/first_score_reference_document.txt,standard,10,[[10]]
llama-3.1-405b-instruct/sedan/second_score_reference_document.txt,standard,60,[[60]]
llama-3.1-405b-instruct/sedan/second_score_document.txt,standard,32,[[32]]
llama-3.1-405b-instruct/sedan/third_score_document.txt,standard,23,[[23]]
llama-3.1-405b-instruct/viper/third_score_reference.txt,standard,74,[[74]]
llama-3.1-405b-instruct/viper/third_score_reference_document.txt,standard,64,[[64]]
llama-3.1-405b-instruct/viper/first_score_document.txt,standard,17,[[17]]
llama-3.1-405b-instruct/viper/first_score_reference.txt,standard,18,[[18]]
llama-3.1-405b-instruct/viper/second_score_reference.txt,standard,100,[[100]]
llama-3.1-405b-instruct/viper/first_score_reference_document.txt,standard,54,[[54]]
llama-3.1-405b-instruct/viper/second_score_reference_document.txt,standard,60,[[60]]
llama-3.1-405b-instruct/viper/second_score_document.txt,standard,42,[[42]]
llama-3.1-405b-instruct/viper/third_score_document.txt,standard,23,[[23]]
llama-3.1-405b-instruct/lidar/third_score_reference.txt,standard,32,[[32]]
llama-3.1-405b-instruct/lidar/third_score_reference_document.txt,standard,6,[[6]]
llama-3.1-405b-instruct/lidar/first_score_document.txt,standard,35,[[35]]
llama-3.1-405b-instruct/lidar/first_score_reference.txt,standard,22,[[22]]
llama-3.1-405b-instruct/lidar/second_score_reference.txt,standard,72,[[72]]
llama-3.1-405b-instruct/lidar/first_score_reference_document.txt,standard,22,[[22]]
llama-3.1-405b-instruct/lidar/second_score_reference_document.txt,standard,65,[[65]]
llama-3.1-405b-instruct/lidar/second_score_document.txt,standard,None,[[0]]
llama-3.1-405b-instruct/lidar/third_score_document.txt,standard,19,[[19]]
llama-3.1-405b-instruct/rigid_highway/third_score_reference.txt,standard,35,[[35]]
llama-3.1-405b-instruct/rigid_highway/third_score_reference_document.txt,standard,100,[[100]]
llama-3.1-405b-instruct/rigid_highway/first_score_document.txt,standard,27,[[27]]
llama-3.1-405b-instruct/rigid_highway/first_score_reference.txt,standard,16,[[16]]
llama-3.1-405b-instruct/rigid_highway/second_score_reference.txt,standard,81,[[81]]
llama-3.1-405b-instruct/rigid_highway/first_score_reference_document.txt,standard,14,[[14]]
llama-3.1-405b-instruct/rigid_highway/second_score_reference_document.txt,standard,68,[[68]]
llama-3.1-405b-instruct/rigid_highway/second_score_document.txt,standard,10,[[10]]
llama-3.1-405b-instruct/rigid_highway/third_score_document.txt,standard,68,[[68]]
llama-3.1-405b-instruct/pendulum/third_score_reference.txt,standard,82,[[82]]
llama-3.1-405b-instruct/pendulum/third_score_reference_document.txt,standard,66,[[66]]
llama-3.1-405b-instruct/pendulum/first_score_document.txt,standard,9,[[9]]
llama-3.1-405b-instruct/pendulum/first_score_reference.txt,standard,23,[[23]]
llama-3.1-405b-instruct/pendulum/second_score_reference.txt,standard,25,[[25]]
llama-3.1-405b-instruct/pendulum/first_score_reference_document.txt,standard,22,[[22]]
llama-3.1-405b-instruct/pendulum/second_score_reference_document.txt,standard,None,[[0]]
llama-3.1-405b-instruct/pendulum/second_score_document.txt,standard,9,[[9]]
llama-3.1-405b-instruct/pendulum/third_score_document.txt,standard,90,[[90]]
llama-3.1-405b-instruct/hmmwv/third_score_reference.txt,standard,65,[[65]]
llama-3.1-405b-instruct/hmmwv/third_score_reference_document.txt,standard,54,[[54]]
llama-3.1-405b-instruct/hmmwv/first_score_document.txt,standard,7,[[7]]
llama-3.1-405b-instruct/hmmwv/first_score_reference.txt,standard,58,[[58]]
llama-3.1-405b-instruct/hmmwv/second_score_reference.txt,standard,67,[[67]]
llama-3.1-405b-instruct/hmmwv/first_score_reference_document.txt,standard,22,[[22]]
llama-3.1-405b-instruct/hmmwv/second_score_reference_document.txt,standard,54,[[54]]
llama-3.1-405b-instruct/hmmwv/second_score_document.txt,standard,47,[[47]]
llama-3.1-405b-instruct/hmmwv/third_score_document.txt,standard,79,[[79]]
llama-3.1-405b-instruct/turtlebot/third_score_reference.txt,standard,40,[[40]]
llama-3.1-405b-instruct/turtlebot/third_score_reference_document.txt,standard,20,[[20]]
llama-3.1-405b-instruct/turtlebot/first_score_document.txt,standard,70,[[70]]
llama-3.1-405b-instruct/turtlebot/first_score_reference.txt,standard,57,[[57]]
llama-3.1-405b-instruct/turtlebot/second_score_reference.txt,standard,67,[[67]]
llama-3.1-405b-instruct/turtlebot/first_score_reference_document.txt,standard,16,[[16]]
llama-3.1-405b-instruct/turtlebot/second_score_reference_document.txt,standard,62,[[62]]
llama-3.1-405b-instruct/turtlebot/second_score_document.txt,standard,58,[[58]]
llama-3.1-405b-instruct/turtlebot/third_score_document.txt,standard,71,[[71]]
llama-3.1-405b-instruct/mass_spring_damper/third_score_reference.txt,standard,22,[[22]]
llama-3.1-405b-instruct/mass_spring_damper/third_score_reference_document.txt,standard,83,[[83]]
llama-3.1-405b-instruct/mass_spring_damper/first_score_document.txt,standard,63,[[63]]
llama-3.1-405b-instruct/mass_spring_damper/first_score_reference.txt,standard,49,[[49]]
llama-3.1-405b-instruct/mass_spring_damper/second_score_reference.txt,standard,33,[[33]]
llama-3.1-405b-instruct/mass_spring_damper/first_score_reference_document.txt,standard,37,[[37]]
llama-3.1-405b-instruct/mass_spring_damper/second_score_reference_document.txt,standard,73,[[73]]
llama-3.1-405b-instruct/mass_spring_damper/second_score_document.txt,standard,63,[[63]]
llama-3.1-405b-instruct/mass_spring_damper/third_score_document.txt,standard,21,[[21]]
llama-3.1-405b-instruct/tablecloth/third_score_reference.txt,standard,23,[[23]]
llama-3.1-405b-instruct/tablecloth/third_score_reference_document.txt,standard,None,[[0]]
llama-3.1-405b-instruct/tablecloth/first_score_document.txt,standard,43,[[43]]
llama-3.1-405b-instruct/tablecloth/first_score_reference.txt,standard,14,[[14]]
llama-3.1-405b-instruct/tablecloth/second_score_reference.txt,standard,90,[[90]]
llama-3.1-405b-instruct/tablecloth/first_score_reference_document.txt,standard,34,[[34]]
llama-3.1-405b-instruct/tablecloth/second_score_reference_document.txt,standard,64,[[64]]
llama-3.1-405b-instruct/tablecloth/second_score_document.txt,standard,38,[[38]]
llama-3.1-405b-instruct/tablecloth/third_score_document.txt,standard,13,[[13]]
llama-3.1-405b-instruct/kraz/third_score_reference.txt,standard,15,[[15]]
llama-3.1-405b-instruct/kraz/third_score_reference_document.txt,standard,21,[[21]]
llama-3.1-405b-instruct/kraz/first_score_document.txt,standard,88,[[88]]
llama-3.1-405b-instruct/kraz/first_score_reference.txt,standard,30,[[30]]
llama-3.1-405b-instruct/kraz/second_score_reference.txt,standard,5,[[5]]
llama-3.1-405b-instruct/kraz/first_score_reference_document.txt,standard,26,[[26]]
llama-3.1-405b-instruct/kraz/second_score_reference_document.txt,standard,42,[[42]]
llama-3.1-405b-instruct/kraz/second_score_document.txt,standard,26,[[26]]
llama-3.1-405b-instruct/kraz/third_score_document.txt,standard,63,[[63]]
llama-3.1-405b-instruct/camera/third_score_reference.txt,standard,66,[[66]]
llama-3.1-405b-instruct/camera/third_score_reference_document.txt,standard,59,[[59]]
llama-3.1-405b-instruct/camera/first_score_document.txt,standard,63,[[63]]
llama-3.1-405b-instruct/camera/first_score_reference.txt,standard,30,[[30]]
llama-3.1-405b-instruct/camera/second_score_reference.txt,standard,60,[[60]]
llama-3.1-405b-instruct/camera/first_score_reference_document.txt,standard,13,[[13]]
llama-3.1-405b-instruct/camera/second_score_reference_document.txt,standard,72,[[72]]
llama-3.1-405b-instruct/camera/second_score_document.txt,standard,45,[[45]]
llama-3.1-405b-instruct/camera/third_score_document.txt,standard,37,[[37]]
llama-3.1-405b-instruct/buckling/third_score_reference.txt,standard,39,[[39]]
llama-3.1-405b-instruct/buckling/third_score_reference_document.txt,standard,62,[[62]]
llama-3.1-405b-instruct/buckling/first_score_document.txt,standard,35,[[35]]
llama-3.1-405b-instruct/buckling/first_score_reference.txt,standard,54,[[54]]
llama-3.1-405b-instruct/buckling/second_score_reference.txt,standard,50,[[50]]
llama-3.1-405b-instruct/buckling/first_score_reference_document.txt,standard,56,[[56]]
llama-3.1-405b-instruct/buckling/second_score_reference_document.txt,standard,82,[[82]]
llama-3.1-405b-instruct/buckling/second_score_document.txt,standard,60,[[60]]
llama-3.1-405b-instruct/buckling/third_score_document.txt,standard,55,[[55]]
llama-3.1-405b-instruct/gator/third_score_reference.txt,standard,30,[[30]]
llama-3.1-405b-instruct/gator/third_score_reference_document.txt,standard,15,[[15]]
llama-3.1-405b-instruct/gator/first_score_document.txt,standard,23,[[23]]
llama-3.1-405b-instruct/gator/first_score_reference.txt,standard,42,[[42]]
llama-3.1-405b-instruct/gator/second_score_reference.txt,standard,60,[[60]]
llama-3.1-405b-instruct/gator/first_score_reference_document.txt,standard,15,[[15]]
llama-3.1-405b-instruct/gator/second_score_reference_document.txt,standard,91,[[91]]
llama-3.1-405b-instruct/gator/second_score_document.txt,standard,73,[[73]]
llama-3.1-405b-instruct/gator/third_score_document.txt,standard,55,[[55]]
llama-3.1-405b-instruct/slider_crank/third_score_reference.txt,standard,81,[[81]]
llama-3.1-405b-instruct/slider_crank/third_score_reference_document.txt,standard,43,[[43]]
llama-3.1-405b-instruct/slider_crank/first_score_document.txt,standard,95,[[95]]
llama-3.1-405b-instruct/slider_crank/first_score_reference.txt,standard,65,[[65]]
llama-3.1-405b-instruct/slider_crank/second_score_reference.txt,standard,60,[[60]]
llama-3.1-405b-instruct/slider_crank/first_score_reference_document.txt,standard,55,[[55]]
llama-3.1-405b-instruct/slider_crank/second_score_reference_document.txt,standard,68,[[68]]
llama-3.1-405b-instruct/slider_crank/second_score_document.txt,standard,2,[[2]]
llama-3.1-405b-instruct/slider_crank/third_score_document.txt,standard,16,[[16]]
llama-3.1-405b-instruct/feda/third_score_reference.txt,standard,66,[[66]]
llama-3.1-405b-instruct/feda/third_score_reference_document.txt,standard,79,[[79]]
llama-3.1-405b-instruct/feda/first_score_document.txt,standard,19,[[19]]
llama-3.1-405b-instruct/feda/first_score_reference.txt,standard,None,[[0]]
llama-3.1-405b-instruct/feda/second_score_reference.txt,standard,23,[[23]]
llama-3.1-405b-instruct/feda/first_score_reference_document.txt,standard,10,[[10]]
llama-3.1-405b-instruct/feda/second_score_reference_document.txt,standard,56,[[56]]
llama-3.1-405b-instruct/feda/second_score_document.txt,standard,55,[[55]]
llama-3.1-405b-instruct/feda/third_score_document.txt,standard,77,[[77]]
nemotron-4-340b-instruct/scm/third_score_reference.txt,standard,55,[[55]]
nemotron-4-340b-instruct/scm/third_score_reference_document.txt,standard,7,[[7]]
nemotron-4-340b-instruct/scm/first_score_document.txt,standard,27,[[27]]
nemotron-4-340b-instruct/scm/first_score_reference.txt,standard,17,[[17]]
nemotron-4-340b-instruct/scm/second_score_reference.txt,standard,81,[[81]]
nemotron-4-340b-instruct/scm/first_score_reference_document.txt,standard,20,[[20]]
nemotron-4-340b-instruct/scm/second_score_reference_document.txt,standard,20,[[20]]
nemotron-4-340b-instruct/scm/second_score_document.txt,standard,75,[[75]]
nemotron-4-340b-instruct/scm/third_score_document.txt,standard,40,[[40]]
nemotron-4-340b-instruct/citybus/third_score_reference.txt,standard,53,[[53]]
nemotron-4-340b-instruct/citybus/third_score_reference_document.txt,standard,84,[[84]]
nemotron-4-340b-instruct/citybus/first_score_document.txt,standard,53,[[53]]
nemotron-4-340b-instruct/citybus/first_score_reference.txt,standard,22,[[22]]
nemotron-4-340b-instruct/citybus/second_score_reference.txt,standard,75,[[75]]
nemotron-4-340b-instruct/citybus/first_score_reference_document.txt,standard,7,[[7]]
nemotron-4-340b-instruct/citybus/second_score_reference_document.txt,standard,87,[[87]]
nemotron-4-340b-instruct/citybus/second_score_document.txt,standard,76,[[76]]
nemotron-4-340b-instruct/citybus/third_score_document.txt,standard,73,[[73]]
nemotron-4-340b-instruct/gps_imu/third_score_reference.txt,standard,55,[[55]]
nemotron-4-340b-instruct/gps_imu/third_score_reference_document.txt,standard,40,[[40]]
nemotron-4-340b-instruct/gps_imu/first_score_document.txt,standard,1,[[1]]
nemotron-4-340b-instruct/gps_imu/first_score_reference.txt,standard,None,[[0]]
nemotron-4-340b-instruct/gps_imu/second_score_reference.txt,standard,100,[[100]]
nemotron-4-340b-instruct/gps_imu/first_score_reference_document.txt,standard,19,[[19]]
nemotron-4-340b-instruct/gps_imu/second_score_reference_document.txt,standard,79,[[79]]
nemotron-4-340b-instruct/gps_imu/second_score_document.txt,standard,76,[[76]]
nemotron-4-340b-instruct/gps_imu/third_score_document.txt,standard,40,[[40]]
nemotron-4-340b-instruct/rotor/third_score_reference.txt,standard,67,[[67]]
nemotron-4-340b-instruct/rotor/third_score_reference_document.txt,standard,88,[[88]]
nemotron-4-340b-instruct/rotor/first_score_document.txt,standard,17,[[17]]
nemotron-4-340b-instruct/rotor/first_score_reference.txt,standard,59,[[59]]
nemotron-4-340b-instruct/rotor/second_score_reference.txt,standard,100,[[100]]
nemotron-4-340b-instruct/rotor/first_score_reference_document.txt,standard,53,[[53]]
nemotron-4-340b-instruct/rotor/second_score_reference_document.txt,standard,16,[[16]]
nemotron-4-340b-instruct/rotor/second_score_document.txt,standard,67,[[67]]
nemotron-4-340b-instruct/rotor/third_score_document.txt,standard,20,[[20]]
nemotron-4-340b-instruct/rigid_multipatches/third_score_reference.txt,standard,92,[[92]]
nemotron-4-340b-instruct/rigid_multipatches/third_score_reference_document.txt,standard,55,[[55]]
nemotron-4-340b-instruct/rigid_multipatches/first_score_document.txt,standard,None,[[0]]
nemotron-4-340b-instruct/rigid_multipatches/first_score_reference.txt,standard,35,[[35]]
nemotron-4-340b-instruct/rigid_multipatches/second_score_reference.txt,standard,66,[[66]]
nemotron-4-340b-instruct/rigid_multipatches/first_score_reference_document.txt,standard,33,[[33]]
nemotron-4-340b-instruct/rigid_multipatches/second_score_reference_document.txt,standard,56,[[56]]
nemotron-4-340b-instruct/rigid_multipatches/second_score_document.txt,standard,43,[[43]]
nemotron-4-340b-instruct/rigid_multipatches/third_score_document.txt,standard,79,[[79]]
nemotron-4-340b-instruct/cable/third_score_reference.txt,standard,87,[[87]]
nemotron-4-340b-instruct/cable/third_score_reference_document.txt,standard,65,[[65]]
nemotron-4-340b-instruct/cable/first_score_document.txt,standard,47,[[47]]
nemotron-4-340b-instruct/cable/first_score_reference.txt,standard,24,[[24]]
nemotron-4-340b-instruct/cable/second_score_reference.txt,standard,7,[[7]]
nemotron-4-340b-instruct/cable/first_score_reference_document.txt,standard,None,[[0]]
nemotron-4-340b-instruct/cable/second_score_reference_document.txt,standard,100,[[100]]
nemotron-4-340b-instruct/cable/second_score_document.txt,standard,92,[[92]]
nemotron-4-340b-instruct/cable/third_score_document.txt,standard,15,[[15]]
nemotron-4-340b-instruct/sensros/third_score_reference.txt,standard,40,[[40]]
nemotron-4-340b-instruct/sensros/third_score_reference_document.txt,standard,43,[[43]]
nemotron-4-340b-instruct/sensros/first_score_document.txt,standard,16,[[16]]
nemotron-4-340b-instruct/sensros/first_score_reference.txt,standard,52,[[52]]
nemotron-4-340b-instruct/sensros/second_score_reference.txt,standard,65,[[65]]
nemotron-4-340b-instruct/sensros/first_score_reference_document.txt,standard,11,[[11]]
nemotron-4-340b-instruct/sensros/second_score_reference_document.txt,standard,5,[[5]]
nemotron-4-340b-instruct/sensros/second_score_document.txt,standard,42,[[42]]
nemotron-4-340b-instruct/sensros/third_score_document.txt,standard,37,[[37]]
nemotron-4-340b-instruct/scm_hill/third_score_reference.txt,standard,73,[[73]]
nemotron-4-340b-instruct/scm_hill/third_score_reference_document.txt,standard,33,[[33]]
nemotron-4-340b-instruct/scm_hill/first_score_document.txt,standard,17,[[17]]
nemotron-4-340b-instruct/scm_hill/first_score_reference.txt,standard,None,[[0]]
nemotron-4-340b-instruct/scm_hill/second_score_reference.txt,standard,73,[[73]]
nemotron-4-340b-instruct/scm_hill/first_score_reference_document.txt,standard,10,[[10]]
nemotron-4-340b-instruct/scm_hill/second_score_reference_document.txt,standard,45,[[45]]
nemotron-4-340b-instruct/scm_hill/second_score_document.txt,standard,74,[[74]]
nemotron-4-340b-instruct/scm_hill/third_score_document.txt,standard,30,[[30]]
nemotron-4-340b-instruct/veh_app/third_score_reference.txt,standard,None,[[0]]
nemotron-4-340b-instruct/veh_app/third_score_reference_document.txt,standard,23,[[23]]
nemotron-4-340b-instruct/veh_app/first_score_document.txt,standard,25,[[25]]
nemotron-4-340b-instruct/veh_app/first_score_reference.txt,standard,4,[[4]]
nemotron-4-340b-instruct/veh_app/second_score_reference.txt,standard,51,[[51]]
nemotron-4-340b-instruct/veh_app/first_score_reference_document.txt,standard,19,[[19]]
nemotron-4-340b-instruct/veh_app/second_score_reference_document.txt,standard,54,[[54]]
nemotron-4-340b-instruct/veh_app/second_score_document.txt,standard,56,[[56]]
nemotron-4-340b-instruct/veh_app/third_score_document.txt,standard,49,[[49]]
nemotron-4-340b-instruct/gear/third_score_reference.txt,standard,42,[[42]]
nemotron-4-340b-instruct/gear/third_score_reference_document.txt,standard,50,[[50]]
nemotron-4-340b-instruct/gear/first_score_document.txt,standard,7,[[7]]
nemotron-4-340b-instruct/gear/first_score_reference.txt,standard,57,[[57]]
nemotron-4-340b-instruct/gear/second_score_reference.txt,standard,22,[[22]]
nemotron-4-340b-instruct/gear/first_score_reference_document.txt,standard,11,[[11]]
nemotron-4-340b-instruct/gear/second_score_reference_document.txt,standard,33,[[33]]
nemotron-4-340b-instruct/gear/second_score_document.txt,standard,59,[[59]]
nemotron-4-340b-instruct/gear/third_score_document.txt,not_found,None,No score pattern found
nemotron-4-340b-instruct/art/third_score_reference.txt,standard,39,[[39]]
nemotron-4-340b-instruct/art/third_score_reference_document.txt,standard,54,[[54]]
nemotron-4-340b-instruct/art/first_score_document.txt,standard,14,[[14]]
nemotron-4-340b-instruct/art/first_score_reference.txt,standard,17,[[17]]
nemotron-4-340b-instruct/art/second_score_reference.txt,standard,98,[[98]]
nemotron-4-340b-instruct/art/first_score_reference_document.txt,standard,None,[[0]]
nemotron-4-340b-instruct/art/second_score_reference_document.txt,standard,8,[[8]]
nemotron-4-340b-instruct/art/second_score_document.txt,standard,35,[[35]]
nemotron-4-340b-instruct/art/third_score_document.txt,standard,78,[[78]]
nemotron-4-340b-instruct/man/third_score_reference.txt,standard,93,[[93]]
nemotron-4-340b-instruct/man/third_score_reference_document.txt,standard,12,[[12]]
nemotron-4-340b-instruct/man/first_score_document.txt,standard,None,[[0]]
nemotron-4-340b-instruct/man/first_score_reference.txt,standard,9,[[9]]
nemotron-4-340b-instruct/man/second_score_reference.txt,standard,None,[[0]]
nemotron-4-340b-instruct/man/first_score_reference_document.txt,standard,13,[[13]]
nemotron-4-340b-instruct/man/second_score_reference_document.txt,standard,None,[[0]]
nemotron-4-340b-instruct/man/second_score_document.txt,standard,70,[[70]]
nemotron-4-340b-instruct/man/third_score_document.txt,standard,56,[[56]]
nemotron-4-340b-instruct/curiosity/third_score_reference.txt,standard,68,[[68]]
nemotron-4-340b-instruct/curiosity/third_score_reference_document.txt,standard,58,[[58]]
nemotron-4-340b-instruct/curiosity/first_score_document.txt,standard,2,[[2]]
nemotron-4-340b-instruct/curiosity/first_score_reference.txt,standard,47,[[47]]
nemotron-4-340b-instruct/curiosity/second_score_reference.txt,standard,92,[[92]]
nemotron-4-340b-instruct/curiosity/first_score_reference_document.txt,standard,11,[[11]]
nemotron-4-340b-instruct/curiosity/second_score_reference_document.txt,standard,73,[[73]]
nemotron-4-340b-instruct/curiosity/second_score_document.txt,standard,67,[[67]]
nemotron-4-340b-instruct/curiosity/third_score_document.txt,standard,78,[[78]]
nemotron-4-340b-instruct/vehros/third_score_reference.txt,standard,77,[[77]]
nemotron-4-340b-instruct/vehros/third_score_reference_document.txt,standard,23,[[23]]
nemotron-4-340b-instruct/vehros/first_score_document.txt,standard,6,[[6]]
nemotron-4-340b-instruct/vehros/first_score_reference.txt,standard,57,[[57]]
nemotron-4-340b-instruct/vehros/second_score_reference.txt,standard,79,[[79]]
nemotron-4-340b-instruct/vehros/first_score_reference_document.txt,standard,6,[[6]]
nemotron-4-340b-instruct/vehros/second_score_reference_document.txt,standard,44,[[44]]
nemotron-4-340b-instruct/vehros/second_score_document.txt,standard,42,[[42]]
nemotron-4-340b-instruct/vehros/third_score_document.txt,standard,42,[[42]]
nemotron-4-340b-instruct/uazbus/third_score_reference.txt,standard,80,[[80]]
nemotron-4-340b-instruct/uazbus/third_score_reference_document.txt,standard,75,[[75]]
nemotron-4-340b-instruct/uazbus/first_score_document.txt,standard,12,[[12]]
nemotron-4-340b-instruct/uazbus/first_score_reference.txt,standard,27,[[27]]
nemotron-4-340b-instruct/uazbus/second_score_reference.txt,standard,87,[[87]]
nemotron-4-340b-instruct/uazbus/first_score_reference_document.txt,standard,45,[[45]]
nemotron-4-340b-instruct/uazbus/second_score_reference_document.txt,standard,13,[[13]]
nemotron-4-340b-instruct/uazbus/second_score_document.txt,standard,79,[[79]]
nemotron-4-340b-instruct/uazbus/third_score_document.txt,standard,66,[[66]]
nemotron-4-340b-instruct/handler/third_score_reference.txt,standard,57,[[57]]
nemotron-4-340b-instruct/handler/third_score_reference_document.txt,standard,64,[[64]]
nemotron-4-340b-instruct/handler/first_score_document.txt,standard,31,[[31]]
nemotron-4-340b-instruct/handler/first_score_reference.txt,standard,17,[[17]]
nemotron-4-340b-instruct/handler/second_score_reference.txt,standard,100,[[100]]
nemotron-4-340b-instruct/handler/first_score_reference_document.txt,standard,17,[[17]]
nemotron-4-340b-instruct/handler/second_score_reference_document.txt,standard,18,[[18]]
nemotron-4-340b-instruct/handler/second_score_document.txt,standard,67,[[67]]
nemotron-4-340b-instruct/handler/third_score_document.txt,standard,26,[[26]]
nemotron-4-340b-instruct/beam/third_score_reference.txt,standard,100,[[100]]
nemotron-4-340b-instruct/beam/third_score_reference_document.txt,standard,80,[[80]]
nemotron-4-340b-instruct/beam/first_score_document.txt,standard,5,[[5]]
nemotron-4-340b-instruct/beam/first_score_reference.txt,standard,62,[[62]]
nemotron-4-340b-instruct/beam/second_score_reference.txt,standard,72,[[72]]
nemotron-4-340b-instruct/beam/first_score_reference_document.txt,standard,15,[[15]]
nemotron-4-340b-instruct/beam/second_score_reference_document.txt,standard,8,[[8]]
nemotron-4-340b-instruct/beam/second_score_document.txt,standard,None,[[0]]
nemotron-4-340b-instruct/beam/third_score_document.txt,standard,61,[[61]]
nemotron-4-340b-instruct/particles/third_score_reference.txt,standard,75,[[75]]
nemotron-4-340b-instruct/particles/third_score_reference_document.txt,standard,58,[[58]]
nemotron-4-340b-instruct/particles/first_score_document.txt,standard,9,[[9]]
nemotron-4-340b-instruct/particles/first_score_reference.txt,standard,57,[[57]]
nemotron-4-340b-instruct/particles/second_score_reference.txt,standard,38,[[38]]
nemotron-4-340b-instruct/particles/first_score_reference_document.txt,standard,12,[[12]]
nemotron-4-340b-instruct/particles/second_score_reference_document.txt,standard,31,[[31]]
nemotron-4-340b-instruct/particles/second_score_document.txt,standard,33,[[33]]
nemotron-4-340b-instruct/particles/third_score_document.txt,standard,73,[[73]]
nemotron-4-340b-instruct/m113/third_score_reference.txt,standard,65,[[65]]
nemotron-4-340b-instruct/m113/third_score_reference_document.txt,standard,29,[[29]]
nemotron-4-340b-instruct/m113/first_score_document.txt,standard,50,[[50]]
nemotron-4-340b-instruct/m113/first_score_reference.txt,standard,None,[[0]]
nemotron-4-340b-instruct/m113/second_score_reference.txt,standard,88,[[88]]
nemotron-4-340b-instruct/m113/first_score_reference_document.txt,standard,25,[[25]]
nemotron-4-340b-instruct/m113/second_score_reference_document.txt,standard,25,[[25]]
nemotron-4-340b-instruct/m113/second_score_document.txt,standard,41,[[41]]
nemotron-4-340b-instruct/m113/third_score_document.txt,standard,37,[[37]]
nemotron-4-340b-instruct/sedan/third_score_reference.txt,standard,43,[[43]]
nemotron-4-340b-instruct/sedan/third_score_reference_document.txt,standard,52,[[52]]
nemotron-4-340b-instruct/sedan/first_score_document.txt,standard,29,[[29]]
nemotron-4-340b-instruct/sedan/first_score_reference.txt,standard,22,[[22]]
nemotron-4-340b-instruct/sedan/second_score_reference.txt,standard,62,[[62]]
nemotron-4-340b-instruct/sedan/first_score_reference_document.txt,standard,7,[[7]]
nemotron-4-340b-instruct/sedan/second_score_reference_document.txt,standard,32,[[32]]
nemotron-4-340b-instruct/sedan/second_score_document.txt,standard,69,[[69]]
nemotron-4-340b-instruct/sedan/third_score_document.txt,standard,75,[[75]]
nemotron-4-340b-instruct/viper/third_score_reference.txt,standard,77,[[77]]
nemotron-4-340b-instruct/viper/third_score_reference_document.txt,standard,82,[[82]]
nemotron-4-340b-instruct/viper/first_score_document.txt,standard,47,[[47]]
nemotron-4-340b-instruct/viper/first_score_reference.txt,standard,None,[[0]]
nemotron-4-340b-instruct/viper/second_score_reference.txt,standard,100,[[100]]
nemotron-4-340b-instruct/viper/first_score_reference_document.txt,standard,None,[[0]]
nemotron-4-340b-instruct/viper/second_score_reference_document.txt,standard,84,[[84]]
nemotron-4-340b-instruct/viper/second_score_document.txt,standard,30,[[30]]
nemotron-4-340b-instruct/viper/third_score_document.txt,standard,15,[[15]]
nemotron-4-340b-instruct/lidar/third_score_reference.txt,standard,48,[[48]]
nemotron-4-340b-instruct/lidar/third_score_reference_document.txt,standard,38,[[38]]
nemotron-4-340b-instruct/lidar/first_score_document.txt,standard,57,[[57]]
nemotron-4-340b-instruct/lidar/first_score_reference.txt,standard,12,[[12]]
nemotron-4-340b-instruct/lidar/second_score_reference.txt,standard,82,[[82]]
nemotron-4-340b-instruct/lidar/first_score_reference_document.txt,standard,19,[[19]]
nemotron-4-340b-instruct/lidar/second_score_reference_document.txt,standard,37,[[37]]
nemotron-4-340b-instruct/lidar/second_score_document.txt,standard,56,[[56]]
nemotron-4-340b-instruct/lidar/third_score_document.txt,standard,30,[[30]]
nemotron-4-340b-instruct/rigid_highway/third_score_reference.txt,standard,96,[[96]]
nemotron-4-340b-instruct/rigid_highway/third_score_reference_document.txt,standard,68,[[68]]
nemotron-4-340b-instruct/rigid_highway/first_score_document.txt,standard,15,[[15]]
nemotron-4-340b-instruct/rigid_highway/first_score_reference.txt,standard,None,[[0]]
nemotron-4-340b-instruct/rigid_highway/second_score_reference.txt,standard,77,[[77]]
nemotron-4-340b-instruct/rigid_highway/first_score_reference_document.txt,standard,15,[[15]]
nemotron-4-340b-instruct/rigid_highway/second_score_reference_document.txt,standard,77,[[77]]
nemotron-4-340b-instruct/rigid_highway/second_score_document.txt,standard,55,[[55]]
nemotron-4-340b-instruct/rigid_highway/third_score_document.txt,standard,70,[[70]]
nemotron-4-340b-instruct/pendulum/third_score_reference.txt,standard,79,[[79]]
nemotron-4-340b-instruct/pendulum/third_score_reference_document.txt,standard,77,[[77]]
nemotron-4-340b-instruct/pendulum/first_score_document.txt,standard,32,[[32]]
nemotron-4-340b-instruct/pendulum/first_score_reference.txt,standard,None,[[0]]
nemotron-4-340b-instruct/pendulum/second_score_reference.txt,standard,38,[[38]]
nemotron-4-340b-instruct/pendulum/first_score_reference_document.txt,standard,19,[[19]]
nemotron-4-340b-instruct/pendulum/second_score_reference_document.txt,standard,52,[[52]]
nemotron-4-340b-instruct/pendulum/second_score_document.txt,standard,72,[[72]]
nemotron-4-340b-instruct/pendulum/third_score_document.txt,standard,48,[[48]]
nemotron-4-340b-instruct/hmmwv/third_score_reference.txt,standard,100,[[100]]
nemotron-4-340b-instruct/hmmwv/third_score_reference_document.txt,standard,19,[[19]]
nemotron-4-340b-instruct/hmmwv/first_score_document.txt,standard,47,[[47]]
nemotron-4-340b-instruct/hmmwv/first_score_reference.txt,standard,12,[[12]]
nemotron-4-340b-instruct/hmmwv/second_score_reference.txt,standard,48,[[48]]
nemotron-4-340b-instruct/hmmwv/first_score_reference_document.txt,standard,None,[[0]]
nemotron-4-340b-instruct/hmmwv/second_score_reference_document.txt,standard,64,[[64]]
nemotron-4-340b-instruct/hmmwv/second_score_document.txt,standard,48,[[48]]
nemotron-4-340b-instruct/hmmwv/third_score_document.txt,standard,72,[[72]]
nemotron-4-340b-instruct/turtlebot/third_score_reference.txt,standard,48,[[48]]
nemotron-4-340b-instruct/turtlebot/third_score_reference_document.txt,standard,22,[[22]]
nemotron-4-340b-instruct/turtlebot/first_score_document.txt,standard,67,[[67]]
nemotron-4-340b-instruct/turtlebot/first_score_reference.txt,standard,75,[[75]]
nemotron-4-340b-instruct/turtlebot/second_score_reference.txt,standard,15,[[15]]
nemotron-4-340b-instruct/turtlebot/first_score_reference_document.txt,standard,6,[[6]]
nemotron-4-340b-instruct/turtlebot/second_score_reference_document.txt,standard,36,[[36]]
nemotron-4-340b-instruct/turtlebot/second_score_document.txt,standard,9,[[9]]
nemotron-4-340b-instruct/turtlebot/third_score_document.txt,standard,36,[[36]]
nemotron-4-340b-instruct/mass_spring_damper/third_score_reference.txt,standard,55,[[55]]
nemotron-4-340b-instruct/mass_spring_damper/third_score_reference_document.txt,standard,65,[[65]]
nemotron-4-340b-instruct/mass_spring_damper/first_score_document.txt,standard,29,[[29]]
nemotron-4-340b-instruct/mass_spring_damper/first_score_reference.txt,standard,23,[[23]]
nemotron-4-340b-instruct/mass_spring_damper/second_score_reference.txt,standard,85,[[85]]
nemotron-4-340b-instruct/mass_spring_damper/first_score_reference_document.txt,standard,9,[[9]]
nemotron-4-340b-instruct/mass_spring_damper/second_score_reference_document.txt,standard,57,[[57]]
nemotron-4-340b-instruct/mass_spring_damper/second_score_document.txt,standard,40,[[40]]
nemotron-4-340b-instruct/mass_spring_damper/third_score_document.txt,standard,40,[[40]]
nemotron-4-340b-instruct/tablecloth/third_score_reference.txt,standard,15,[[15]]
nemotron-4-340b-instruct/tablecloth/third_score_reference_document.txt,standard,60,[[60]]
nemotron-4-340b-instruct/tablecloth/first_score_document.txt,standard,11,[[11]]
nemotron-4-340b-instruct/tablecloth/first_score_reference.txt,standard,19,[[19]]
nemotron-4-340b-instruct/tablecloth/second_score_reference.txt,standard,55,[[55]]
nemotron-4-340b-instruct/tablecloth/first_score_reference_document.txt,standard,None,[[0]]
nemotron-4-340b-instruct/tablecloth/second_score_reference_document.txt,standard,59,[[59]]
nemotron-4-340b-instruct/tablecloth/second_score_document.txt,standard,17,[[17]]
nemotron-4-340b-instruct/tablecloth/third_score_document.txt,standard,15,[[15]]
nemotron-4-340b-instruct/kraz/third_score_reference.txt,standard,72,[[72]]
nemotron-4-340b-instruct/kraz/third_score_reference_document.txt,standard,17,[[17]]
nemotron-4-340b-instruct/kraz/first_score_document.txt,standard,13,[[13]]
nemotron-4-340b-instruct/kraz/first_score_reference.txt,standard,None,[[0]]
nemotron-4-340b-instruct/kraz/second_score_reference.txt,standard,28,[[28]]
nemotron-4-340b-instruct/kraz/first_score_reference_document.txt,standard,4,[[4]]
nemotron-4-340b-instruct/kraz/second_score_reference_document.txt,standard,47,[[47]]
nemotron-4-340b-instruct/kraz/second_score_document.txt,standard,27,[[27]]
nemotron-4-340b-instruct/kraz/third_score_document.txt,standard,40,[[40]]
nemotron-4-340b-instruct/camera/third_score_reference.txt,standard,75,[[75]]
nemotron-4-340b-instruct/camera/third_score_reference_document.txt,standard,57,[[57]]
nemotron-4-340b-instruct/camera/first_score_document.txt,standard,4,[[4]]
nemotron-4-340b-instruct/camera/first_score_reference.txt,standard,14,[[14]]
nemotron-4-340b-instruct/camera/second_score_reference.txt,standard,60,[[60]]
nemotron-4-340b-instruct/camera/first_score_reference_document.txt,standard,16,[[16]]
nemotron-4-340b-instruct/camera/second_score_reference_document.txt,standard,59,[[59]]
nemotron-4-340b-instruct/camera/second_score_document.txt,standard,4,[[4]]
nemotron-4-340b-instruct/camera/third_score_document.txt,standard,34,[[34]]
nemotron-4-340b-instruct/buckling/third_score_reference.txt,standard,71,[[71]]
nemotron-4-340b-instruct/buckling/third_score_reference_document.txt,standard,39,[[39]]
nemotron-4-340b-instruct/buckling/first_score_document.txt,standard,22,[[22]]
nemotron-4-340b-instruct/buckling/first_score_reference.txt,standard,55,[[55]]
nemotron-4-340b-instruct/buckling/second_score_reference.txt,standard,34,[[34]]
nemotron-4-340b-instruct/buckling/first_score_reference_document.txt,standard,21,[[21]]
nemotron-4-340b-instruct/buckling/second_score_reference_document.txt,standard,39,[[39]]
nemotron-4-340b-instruct/buckling/second_score_document.txt,standard,None,[[0]]
nemotron-4-340b-instruct/buckling/third_score_document.txt,standard,None,[[0]]
nemotron-4-340b-instruct/gator/third_score_reference.txt,standard,93,[[93]]
nemotron-4-340b-instruct/gator/third_score_reference_document.txt,standard,31,[[31]]
nemotron-4-340b-instruct/gator/first_score_document.txt,standard,22,[[22]]
nemotron-4-340b-instruct/gator/first_score_reference.txt,standard,13,[[13]]
nemotron-4-340b-instruct/gator/second_score_reference.txt,standard,25,[[25]]
nemotron-4-340b-instruct/gator/first_score_reference_document.txt,standard,39,[[39]]
nemotron-4-340b-instruct/gator/second_score_reference_document.txt,standard,67,[[67]]
nemotron-4-340b-instruct/gator/second_score_document.txt,standard,69,[[69]]
nemotron-4-340b-instruct/gator/third_score_document.txt,standard,69,[[69]]
nemotron-4-340b-instruct/slider_crank/third_score_reference.txt,standard,67,[[67]]
nemotron-4-340b-instruct/slider_crank/third_score_reference_document.txt,standard,67,[[67]]
nemotron-4-340b-instruct/slider_crank/first_score_document.txt,standard,70,[[70]]
nemotron-4-340b-instruct/slider_crank/first_score_reference.txt,standard,3,[[3]]
nemotron-4-340b-instruct/slider_crank/second_score_reference.txt,standard,77,[[77]]
nemotron-4-340b-instruct/slider_crank/first_score_reference_document.txt,standard,24,[[24]]
nemotron-4-340b-instruct/slider_crank/second_score_reference_document.txt,standard,98,[[98]]
nemotron-4-340b-instruct/slider_crank/second_score_document.txt,standard,41,[[41]]
nemotron-4-340b-instruct/slider_crank/third_score_document.txt,standard,100,[[100]]
nemotron-4-340b-instruct/feda/third_score_reference.txt,standard,75,[[75]]
nemotron-4-340b-instruct/feda/third_score_reference_document.txt,standard,24,[[24]]
nemotron-4-340b-instruct/feda/first_score_document.txt,standard,23,[[23]]
nemotron-4-340b-instruct/feda/first_score_reference.txt,standard,None,[[0]]
nemotron-4-340b-instruct/feda/second_score_reference.txt,standard,68,[[68]]
nemotron-4-340b-instruct/feda/first_score_reference_document.txt,standard,None,[[0]]
nemotron-4-340b-instruct/feda/second_score_reference_document.txt,standard,85,[[85]]
nemotron-4-340b-instruct/feda/second_score_document.txt,standard,77,[[77]]
nemotron-4-340b-instruct/feda/third_score_document.txt,standard,39,[[39]]
deepseek-r1/scm/third_score_reference.txt,standard,28,[[28]]
deepseek-r1/scm/third_score_reference_document.txt,standard,62,[[62]]
deepseek-r1/scm/first_score_document.txt,standard,32,[[32]]
deepseek-r1/scm/first_score_reference.txt,standard,21,[[21]]
deepseek-r1/scm/second_score_reference.txt,standard,65,[[65]]
deepseek-r1/scm/first_score_reference_document.txt,standard,52,[[52]]
deepseek-r1/scm/second_score_reference_document.txt,standard,67,[[67]]
deepseek-r1/scm/second_score_document.txt,standard,50,[[50]]
deepseek-r1/scm/third_score_document.txt,standard,66,[[66]]
deepseek-r1/citybus/third_score_reference.txt,standard,80,[[80]]
deepseek-r1/citybus/third_score_reference_document.txt,standard,65,[[65]]
deepseek-r1/citybus/first_score_document.txt,standard,20,[[20]]
deepseek-r1/citybus/first_score_reference.txt,standard,65,[[65]]
deepseek-r1/citybus/second_score_reference.txt,standard,78,[[78]]
deepseek-r1/citybus/first_score_reference_document.txt,standard,14,[[14]]
deepseek-r1/citybus/second_score_reference_document.txt,standard,28,[[28]]
deepseek-r1/citybus/second_score_document.txt,standard,68,[[68]]
deepseek-r1/citybus/third_score_document.txt,standard,78,[[78]]
deepseek-r1/gps_imu/third_score_reference.txt,standard,93,[[93]]
deepseek-r1/gps_imu/third_score_reference_document.txt,standard,54,[[54]]
deepseek-r1/gps_imu/first_score_document.txt,standard,46,[[46]]
deepseek-r1/gps_imu/first_score_reference.txt,standard,70,[[70]]
deepseek-r1/gps_imu/second_score_reference.txt,standard,73,[[73]]
deepseek-r1/gps_imu/first_score_reference_document.txt,standard,57,[[57]]
deepseek-r1/gps_imu/second_score_reference_document.txt,standard,37,[[37]]
deepseek-r1/gps_imu/second_score_document.txt,standard,50,[[50]]
deepseek-r1/gps_imu/third_score_document.txt,standard,60,[[60]]
deepseek-r1/rotor/third_score_reference.txt,standard,40,[[40]]
deepseek-r1/rotor/third_score_reference_document.txt,standard,67,[[67]]
deepseek-r1/rotor/first_score_document.txt,standard,62,[[62]]
deepseek-r1/rotor/first_score_reference.txt,standard,43,[[43]]
deepseek-r1/rotor/second_score_reference.txt,standard,63,[[63]]
deepseek-r1/rotor/first_score_reference_document.txt,standard,17,[[17]]
deepseek-r1/rotor/second_score_reference_document.txt,standard,66,[[66]]
deepseek-r1/rotor/second_score_document.txt,standard,46,[[46]]
deepseek-r1/rotor/third_score_document.txt,standard,61,[[61]]
deepseek-r1/rigid_multipatches/third_score_reference.txt,standard,100,[[100]]
deepseek-r1/rigid_multipatches/third_score_reference_document.txt,standard,74,[[74]]
deepseek-r1/rigid_multipatches/first_score_document.txt,standard,53,[[53]]
deepseek-r1/rigid_multipatches/first_score_reference.txt,standard,None,[[0]]
deepseek-r1/rigid_multipatches/second_score_reference.txt,standard,70,[[70]]
deepseek-r1/rigid_multipatches/first_score_reference_document.txt,standard,12,[[12]]
deepseek-r1/rigid_multipatches/second_score_reference_document.txt,standard,55,[[55]]
deepseek-r1/rigid_multipatches/second_score_document.txt,standard,35,[[35]]
deepseek-r1/rigid_multipatches/third_score_document.txt,standard,39,[[39]]
deepseek-r1/cable/third_score_reference.txt,standard,92,[[92]]
deepseek-r1/cable/third_score_reference_document.txt,standard,25,[[25]]
deepseek-r1/cable/first_score_document.txt,standard,14,[[14]]
deepseek-r1/cable/first_score_reference.txt,standard,38,[[38]]
deepseek-r1/cable/second_score_reference.txt,standard,100,[[100]]
deepseek-r1/cable/first_score_reference_document.txt,standard,19,[[19]]
deepseek-r1/cable/second_score_reference_document.txt,standard,24,[[24]]
deepseek-r1/cable/second_score_document.txt,standard,78,[[78]]
deepseek-r1/cable/third_score_document.txt,standard,36,[[36]]
deepseek-r1/sensros/third_score_reference.txt,standard,98,[[98]]
deepseek-r1/sensros/third_score_reference_document.txt,standard,68,[[68]]
deepseek-r1/sensros/first_score_document.txt,standard,30,[[30]]
deepseek-r1/sensros/first_score_reference.txt,standard,40,[[40]]
deepseek-r1/sensros/second_score_reference.txt,standard,66,[[66]]
deepseek-r1/sensros/first_score_reference_document.txt,standard,19,[[19]]
deepseek-r1/sensros/second_score_reference_document.txt,standard,67,[[67]]
deepseek-r1/sensros/second_score_document.txt,standard,6,[[6]]
deepseek-r1/sensros/third_score_document.txt,standard,80,[[80]]
deepseek-r1/scm_hill/third_score_reference.txt,standard,68,[[68]]
deepseek-r1/scm_hill/third_score_reference_document.txt,standard,68,[[68]]
deepseek-r1/scm_hill/first_score_document.txt,standard,72,[[72]]
deepseek-r1/scm_hill/first_score_reference.txt,standard,27,[[27]]
deepseek-r1/scm_hill/second_score_reference.txt,standard,78,[[78]]
deepseek-r1/scm_hill/first_score_reference_document.txt,standard,19,[[19]]
deepseek-r1/scm_hill/second_score_reference_document.txt,standard,11,[[11]]
deepseek-r1/scm_hill/second_score_document.txt,standard,55,[[55]]
deepseek-r1/scm_hill/third_score_document.txt,standard,92,[[92]]
deepseek-r1/veh_app/third_score_reference.txt,standard,60,[[60]]
deepseek-r1/veh_app/third_score_reference_document.txt,standard,7,[[7]]
deepseek-r1/veh_app/first_score_document.txt,standard,45,[[45]]
deepseek-r1/veh_app/first_score_reference.txt,standard,53,[[53]]
deepseek-r1/veh_app/second_score_reference.txt,standard,68,[[68]]
deepseek-r1/veh_app/first_score_reference_document.txt,standard,19,[[19]]
deepseek-r1/veh_app/second_score_reference_document.txt,standard,53,[[53]]
deepseek-r1/veh_app/second_score_document.txt,standard,75,[[75]]
deepseek-r1/veh_app/third_score_document.txt,standard,49,[[49]]
deepseek-r1/gear/third_score_reference.txt,standard,51,[[51]]
deepseek-r1/gear/third_score_reference_document.txt,standard,97,[[97]]
deepseek-r1/gear/first_score_document.txt,standard,68,[[68]]
deepseek-r1/gear/first_score_reference.txt,standard,27,[[27]]
deepseek-r1/gear/second_score_reference.txt,standard,98,[[98]]
deepseek-r1/gear/first_score_reference_document.txt,standard,64,[[64]]
deepseek-r1/gear/second_score_reference_document.txt,standard,62,[[62]]
deepseek-r1/gear/second_score_document.txt,standard,70,[[70]]
deepseek-r1/gear/third_score_document.txt,standard,1,[[1]]
deepseek-r1/art/third_score_reference.txt,standard,97,[[97]]
deepseek-r1/art/third_score_reference_document.txt,standard,63,[[63]]
deepseek-r1/art/first_score_document.txt,standard,71,[[71]]
deepseek-r1/art/first_score_reference.txt,standard,51,[[51]]
deepseek-r1/art/second_score_reference.txt,standard,92,[[92]]
deepseek-r1/art/first_score_reference_document.txt,standard,15,[[15]]
deepseek-r1/art/second_score_reference_document.txt,standard,85,[[85]]
deepseek-r1/art/second_score_document.txt,standard,28,[[28]]
deepseek-r1/art/third_score_document.txt,standard,73,[[73]]
deepseek-r1/man/third_score_reference.txt,standard,59,[[59]]
deepseek-r1/man/third_score_reference_document.txt,standard,89,[[89]]
deepseek-r1/man/first_score_document.txt,standard,34,[[34]]
deepseek-r1/man/first_score_reference.txt,standard,12,[[12]]
deepseek-r1/man/second_score_reference.txt,standard,83,[[83]]
deepseek-r1/man/first_score_reference_document.txt,standard,54,[[54]]
deepseek-r1/man/second_score_reference_document.txt,standard,60,[[60]]
deepseek-r1/man/second_score_document.txt,standard,39,[[39]]
deepseek-r1/man/third_score_document.txt,standard,55,[[55]]
deepseek-r1/curiosity/third_score_reference.txt,standard,65,[[65]]
deepseek-r1/curiosity/third_score_reference_document.txt,standard,65,[[65]]
deepseek-r1/curiosity/first_score_document.txt,standard,None,[[0]]
deepseek-r1/curiosity/first_score_reference.txt,standard,100,[[100]]
deepseek-r1/curiosity/second_score_reference.txt,standard,80,[[80]]
deepseek-r1/curiosity/first_score_reference_document.txt,standard,54,[[54]]
deepseek-r1/curiosity/second_score_reference_document.txt,standard,43,[[43]]
deepseek-r1/curiosity/second_score_document.txt,standard,18,[[18]]
deepseek-r1/curiosity/third_score_document.txt,standard,50,[[50]]
deepseek-r1/vehros/third_score_reference.txt,standard,92,[[92]]
deepseek-r1/vehros/third_score_reference_document.txt,standard,51,[[51]]
deepseek-r1/vehros/first_score_document.txt,standard,50,[[50]]
deepseek-r1/vehros/first_score_reference.txt,standard,14,[[14]]
deepseek-r1/vehros/second_score_reference.txt,standard,53,[[53]]
deepseek-r1/vehros/first_score_reference_document.txt,standard,5,[[5]]
deepseek-r1/vehros/second_score_reference_document.txt,standard,7,[[7]]
deepseek-r1/vehros/second_score_document.txt,standard,25,[[25]]
deepseek-r1/vehros/third_score_document.txt,standard,80,[[80]]
deepseek-r1/uazbus/third_score_reference.txt,standard,55,[[55]]
deepseek-r1/uazbus/third_score_reference_document.txt,standard,90,[[90]]
deepseek-r1/uazbus/first_score_document.txt,standard,29,[[29]]
deepseek-r1/uazbus/first_score_reference.txt,standard,69,[[69]]
deepseek-r1/uazbus/second_score_reference.txt,standard,69,[[69]]
deepseek-r1/uazbus/first_score_reference_document.txt,standard,None,[[0]]
deepseek-r1/uazbus/second_score_reference_document.txt,standard,54,[[54]]
deepseek-r1/uazbus/second_score_document.txt,standard,47,[[47]]
deepseek-r1/uazbus/third_score_document.txt,standard,73,[[73]]
deepseek-r1/handler/third_score_reference.txt,standard,67,[[67]]
deepseek-r1/handler/third_score_reference_document.txt,standard,75,[[75]]
deepseek-r1/handler/first_score_document.txt,standard,58,[[58]]
deepseek-r1/handler/first_score_reference.txt,standard,65,[[65]]
deepseek-r1/handler/second_score_reference.txt,standard,98,[[98]]
deepseek-r1/handler/first_score_reference_document.txt,standard,34,[[34]]
deepseek-r1/handler/second_score_reference_document.txt,standard,60,[[60]]
deepseek-r1/handler/second_score_document.txt,standard,12,[[12]]
deepseek-r1/handler/third_score_document.txt,standard,21,[[21]]
deepseek-r1/beam/third_score_reference.txt,standard,81,[[81]]
deepseek-r1/beam/third_score_reference_document.txt,standard,22,[[22]]
deepseek-r1/beam/first_score_document.txt,standard,78,[[78]]
deepseek-r1/beam/first_score_reference.txt,standard,37,[[37]]
deepseek-r1/beam/second_score_reference.txt,standard,74,[[74]]
deepseek-r1/beam/first_score_reference_document.txt,standard,None,[[0]]
deepseek-r1/beam/second_score_reference_document.txt,standard,34,[[34]]
deepseek-r1/beam/second_score_document.txt,standard,54,[[54]]
deepseek-r1/beam/third_score_document.txt,standard,33,[[33]]
deepseek-r1/particles/third_score_reference.txt,standard,28,[[28]]
deepseek-r1/particles/third_score_reference_document.txt,standard,60,[[60]]
deepseek-r1/particles/first_score_document.txt,standard,23,[[23]]
deepseek-r1/particles/first_score_reference.txt,standard,73,[[73]]
deepseek-r1/particles/second_score_reference.txt,standard,36,[[36]]
deepseek-r1/particles/first_score_reference_document.txt,standard,35,[[35]]
deepseek-r1/particles/second_score_reference_document.txt,standard,57,[[57]]
deepseek-r1/particles/second_score_document.txt,standard,74,[[74]]
deepseek-r1/particles/third_score_document.txt,standard,86,[[86]]
deepseek-r1/m113/third_score_reference.txt,standard,72,[[72]]
deepseek-r1/m113/third_score_reference_document.txt,standard,57,[[57]]
deepseek-r1/m113/first_score_document.txt,standard,55,[[55]]
deepseek-r1/m113/first_score_reference.txt,standard,13,[[13]]
deepseek-r1/m113/second_score_reference.txt,standard,39,[[39]]
deepseek-r1/m113/first_score_reference_document.txt,standard,22,[[22]]
deepseek-r1/m113/second_score_reference_document.txt,standard,16,[[16]]
deepseek-r1/m113/second_score_document.txt,standard,20,[[20]]
deepseek-r1/m113/third_score_document.txt,standard,88,[[88]]
deepseek-r1/sedan/third_score_reference.txt,standard,70,[[70]]
deepseek-r1/sedan/third_score_reference_document.txt,standard,54,[[54]]
deepseek-r1/sedan/first_score_document.txt,standard,None,[[0]]
deepseek-r1/sedan/first_score_reference.txt,standard,60,[[60]]
deepseek-r1/sedan/second_score_reference.txt,standard,61,[[61]]
deepseek-r1/sedan/first_score_reference_document.txt,standard,34,[[34]]
deepseek-r1/sedan/second_score_reference_document.txt,standard,70,[[70]]
deepseek-r1/sedan/second_score_document.txt,standard,36,[[36]]
deepseek-r1/sedan/third_score_document.txt,standard,77,[[77]]
deepseek-r1/viper/third_score_reference.txt,standard,70,[[70]]
deepseek-r1/viper/third_score_reference_document.txt,standard,68,[[68]]
deepseek-r1/viper/first_score_document.txt,standard,36,[[36]]
deepseek-r1/viper/first_score_reference.txt,standard,68,[[68]]
deepseek-r1/viper/second_score_reference.txt,standard,82,[[82]]
deepseek-r1/viper/first_score_reference_document.txt,standard,60,[[60]]
deepseek-r1/viper/second_score_reference_document.txt,standard,33,[[33]]
deepseek-r1/viper/second_score_document.txt,standard,95,[[95]]
deepseek-r1/viper/third_score_document.txt,standard,37,[[37]]
deepseek-r1/lidar/third_score_reference.txt,standard,38,[[38]]
deepseek-r1/lidar/third_score_reference_document.txt,standard,12,[[12]]
deepseek-r1/lidar/first_score_document.txt,standard,2,[[2]]
deepseek-r1/lidar/first_score_reference.txt,standard,61,[[61]]
deepseek-r1/lidar/second_score_reference.txt,standard,91,[[91]]
deepseek-r1/lidar/first_score_reference_document.txt,standard,18,[[18]]
deepseek-r1/lidar/second_score_reference_document.txt,standard,37,[[37]]
deepseek-r1/lidar/second_score_document.txt,standard,61,[[61]]
deepseek-r1/lidar/third_score_document.txt,standard,5,[[5]]
deepseek-r1/rigid_highway/third_score_reference.txt,standard,100,[[100]]
deepseek-r1/rigid_highway/third_score_reference_document.txt,standard,70,[[70]]
deepseek-r1/rigid_highway/first_score_document.txt,standard,None,[[0]]
deepseek-r1/rigid_highway/first_score_reference.txt,standard,67,[[67]]
deepseek-r1/rigid_highway/second_score_reference.txt,standard,30,[[30]]
deepseek-r1/rigid_highway/first_score_reference_document.txt,standard,7,[[7]]
deepseek-r1/rigid_highway/second_score_reference_document.txt,standard,38,[[38]]
deepseek-r1/rigid_highway/second_score_document.txt,standard,93,[[93]]
deepseek-r1/rigid_highway/third_score_document.txt,standard,77,[[77]]
deepseek-r1/pendulum/third_score_reference.txt,standard,75,[[75]]
deepseek-r1/pendulum/third_score_reference_document.txt,standard,78,[[78]]
deepseek-r1/pendulum/first_score_document.txt,standard,94,[[94]]
deepseek-r1/pendulum/first_score_reference.txt,standard,86,[[86]]
deepseek-r1/pendulum/second_score_reference.txt,standard,80,[[80]]
deepseek-r1/pendulum/first_score_reference_document.txt,standard,2,[[2]]
deepseek-r1/pendulum/second_score_reference_document.txt,standard,10,[[10]]
deepseek-r1/pendulum/second_score_document.txt,standard,95,[[95]]
deepseek-r1/pendulum/third_score_document.txt,standard,36,[[36]]
deepseek-r1/hmmwv/third_score_reference.txt,standard,18,[[18]]
deepseek-r1/hmmwv/third_score_reference_document.txt,standard,75,[[75]]
deepseek-r1/hmmwv/first_score_document.txt,standard,36,[[36]]
deepseek-r1/hmmwv/first_score_reference.txt,standard,27,[[27]]
deepseek-r1/hmmwv/second_score_reference.txt,standard,60,[[60]]
deepseek-r1/hmmwv/first_score_reference_document.txt,standard,12,[[12]]
deepseek-r1/hmmwv/second_score_reference_document.txt,standard,65,[[65]]
deepseek-r1/hmmwv/second_score_document.txt,standard,80,[[80]]
deepseek-r1/hmmwv/third_score_document.txt,standard,59,[[59]]
deepseek-r1/turtlebot/third_score_reference.txt,standard,72,[[72]]
deepseek-r1/turtlebot/third_score_reference_document.txt,math_expr,57,[[100 - 43]]
deepseek-r1/turtlebot/first_score_document.txt,standard,9,[[9]]
deepseek-r1/turtlebot/first_score_reference.txt,standard,17,[[17]]
deepseek-r1/turtlebot/second_score_reference.txt,standard,70,[[70]]
deepseek-r1/turtlebot/first_score_reference_document.txt,standard,None,[[0]]
deepseek-r1/turtlebot/second_score_reference_document.txt,standard,66,[[66]]
deepseek-r1/turtlebot/second_score_document.txt,standard,45,[[45]]
deepseek-r1/turtlebot/third_score_document.txt,standard,36,[[36]]
deepseek-r1/mass_spring_damper/third_score_reference.txt,standard,65,[[65]]
deepseek-r1/mass_spring_damper/third_score_reference_document.txt,standard,45,[[45]]
deepseek-r1/mass_spring_damper/first_score_document.txt,standard,45,[[45]]
deepseek-r1/mass_spring_damper/first_score_reference.txt,standard,60,[[60]]
deepseek-r1/mass_spring_damper/second_score_reference.txt,standard,85,[[85]]
deepseek-r1/mass_spring_damper/first_score_reference_document.txt,standard,29,[[29]]
deepseek-r1/mass_spring_damper/second_score_reference_document.txt,standard,62,[[62]]
deepseek-r1/mass_spring_damper/second_score_document.txt,standard,71,[[71]]
deepseek-r1/mass_spring_damper/third_score_document.txt,standard,88,[[88]]
deepseek-r1/tablecloth/third_score_reference.txt,standard,60,[[60]]
deepseek-r1/tablecloth/third_score_reference_document.txt,standard,17,[[17]]
deepseek-r1/tablecloth/first_score_document.txt,standard,59,[[59]]
deepseek-r1/tablecloth/first_score_reference.txt,standard,27,[[27]]
deepseek-r1/tablecloth/second_score_reference.txt,standard,82,[[82]]
deepseek-r1/tablecloth/first_score_reference_document.txt,standard,7,[[7]]
deepseek-r1/tablecloth/second_score_reference_document.txt,standard,53,[[53]]
deepseek-r1/tablecloth/second_score_document.txt,standard,53,[[53]]
deepseek-r1/tablecloth/third_score_document.txt,standard,40,[[40]]
deepseek-r1/kraz/third_score_reference.txt,standard,35,[[35]]
deepseek-r1/kraz/third_score_reference_document.txt,standard,75,[[75]]
deepseek-r1/kraz/first_score_document.txt,standard,26,[[26]]
deepseek-r1/kraz/first_score_reference.txt,standard,64,[[64]]
deepseek-r1/kraz/second_score_reference.txt,standard,85,[[85]]
deepseek-r1/kraz/first_score_reference_document.txt,standard,32,[[32]]
deepseek-r1/kraz/second_score_reference_document.txt,standard,3,[[3]]
deepseek-r1/kraz/second_score_document.txt,standard,80,[[80]]
deepseek-r1/kraz/third_score_document.txt,standard,2,[[2]]
deepseek-r1/camera/third_score_reference.txt,standard,63,[[63]]
deepseek-r1/camera/third_score_reference_document.txt,standard,55,[[55]]
deepseek-r1/camera/first_score_document.txt,standard,38,[[38]]
deepseek-r1/camera/first_score_reference.txt,standard,37,[[37]]
deepseek-r1/camera/second_score_reference.txt,standard,67,[[67]]
deepseek-r1/camera/first_score_reference_document.txt,standard,22,[[22]]
deepseek-r1/camera/second_score_reference_document.txt,standard,54,[[54]]
deepseek-r1/camera/second_score_document.txt,standard,36,[[36]]
deepseek-r1/camera/third_score_document.txt,standard,35,[[35]]
deepseek-r1/buckling/third_score_reference.txt,standard,57,[[57]]
deepseek-r1/buckling/third_score_reference_document.txt,standard,43,[[43]]
deepseek-r1/buckling/first_score_document.txt,standard,36,[[36]]
deepseek-r1/buckling/first_score_reference.txt,standard,12,[[12]]
deepseek-r1/buckling/second_score_reference.txt,standard,98,[[98]]
deepseek-r1/buckling/first_score_reference_document.txt,standard,12,[[12]]
deepseek-r1/buckling/second_score_reference_document.txt,standard,42,[[42]]
deepseek-r1/buckling/second_score_document.txt,standard,None,[[0]]
deepseek-r1/buckling/third_score_document.txt,standard,64,[[64]]
deepseek-r1/gator/third_score_reference.txt,standard,90,[[90]]
deepseek-r1/gator/third_score_reference_document.txt,standard,36,[[36]]
deepseek-r1/gator/first_score_document.txt,standard,60,[[60]]
deepseek-r1/gator/first_score_reference.txt,standard,24,[[24]]
deepseek-r1/gator/second_score_reference.txt,standard,40,[[40]]
deepseek-r1/gator/first_score_reference_document.txt,standard,12,[[12]]
deepseek-r1/gator/second_score_reference_document.txt,standard,50,[[50]]
deepseek-r1/gator/second_score_document.txt,standard,70,[[70]]
deepseek-r1/gator/third_score_document.txt,standard,62,[[62]]
deepseek-r1/slider_crank/third_score_reference.txt,standard,100,[[100]]
deepseek-r1/slider_crank/third_score_reference_document.txt,standard,10,[[10]]
deepseek-r1/slider_crank/first_score_document.txt,standard,75,[[75]]
deepseek-r1/slider_crank/first_score_reference.txt,standard,33,[[33]]
deepseek-r1/slider_crank/second_score_reference.txt,standard,100,[[100]]
deepseek-r1/slider_crank/first_score_reference_document.txt,standard,17,[[17]]
deepseek-r1/slider_crank/second_score_reference_document.txt,standard,2,[[2]]
deepseek-r1/slider_crank/second_score_document.txt,standard,75,[[75]]
deepseek-r1/slider_crank/third_score_document.txt,standard,30,[[30]]
deepseek-r1/feda/third_score_reference.txt,standard,70,[[70]]
deepseek-r1/feda/third_score_reference_document.txt,standard,2,[[2]]
deepseek-r1/feda/first_score_document.txt,standard,71,[[71]]
deepseek-r1/feda/first_score_reference.txt,standard,55,[[55]]
deepseek-r1/feda/second_score_reference.txt,standard,52,[[52]]
deepseek-r1/feda/first_score_reference_document.txt,standard,17,[[17]]
deepseek-r1/feda/second_score_reference_document.txt,standard,63,[[63]]
deepseek-r1/feda/second_score_document.txt,standard,75,[[75]]
deepseek-r1/feda/third_score_document.txt,standard,9,[[9]]
llama3.1-8b-lora1/scm/third_score_reference.txt,standard,38,[[38]]
llama3.1-8b-lora1/scm/third_score_reference_document.txt,standard,22,[[22]]
llama3.1-8b-lora1/scm/first_score_document.txt,standard,79,[[79]]
llama3.1-8b-lora1/scm/first_score_reference.txt,standard,63,[[63]]
llama3.1-8b-lora1/scm/second_score_reference.txt,standard,61,[[61]]
llama3.1-8b-lora1/scm/first_score_reference_document.txt,standard,19,[[19]]
llama3.1-8b-lora1/scm/second_score_reference_document.txt,standard,32,[[32]]
llama3.1-8b-lora1/scm/second_score_document.txt,standard,75,[[75]]
llama3.1-8b-lora1/scm/third_score_document.txt,standard,43,[[43]]
llama3.1-8b-lora1/citybus/third_score_reference.txt,standard,93,[[93]]
llama3.1-8b-lora1/citybus/third_score_reference_document.txt,standard,63,[[63]]
llama3.1-8b-lora1/citybus/first_score_document.txt,standard,5,[[5]]
llama3.1-8b-lora1/citybus/first_score_reference.txt,standard,23,[[23]]
llama3.1-8b-lora1/citybus/second_score_reference.txt,standard,44,[[44]]
llama3.1-8b-lora1/citybus/first_score_reference_document.txt,standard,44,[[44]]
llama3.1-8b-lora1/citybus/second_score_reference_document.txt,standard,18,[[18]]
llama3.1-8b-lora1/citybus/second_score_document.txt,standard,56,[[56]]
llama3.1-8b-lora1/citybus/third_score_document.txt,standard,76,[[76]]
llama3.1-8b-lora1/gps_imu/third_score_reference.txt,standard,92,[[92]]
llama3.1-8b-lora1/gps_imu/third_score_reference_document.txt,standard,54,[[54]]
llama3.1-8b-lora1/gps_imu/first_score_document.txt,standard,14,[[14]]
llama3.1-8b-lora1/gps_imu/first_score_reference.txt,standard,11,[[11]]
llama3.1-8b-lora1/gps_imu/second_score_reference.txt,standard,70,[[70]]
llama3.1-8b-lora1/gps_imu/first_score_reference_document.txt,standard,19,[[19]]
llama3.1-8b-lora1/gps_imu/second_score_reference_document.txt,standard,77,[[77]]
llama3.1-8b-lora1/gps_imu/second_score_document.txt,standard,63,[[63]]
llama3.1-8b-lora1/gps_imu/third_score_document.txt,standard,76,[[76]]
llama3.1-8b-lora1/rotor/third_score_reference.txt,standard,55,[[55]]
llama3.1-8b-lora1/rotor/third_score_reference_document.txt,standard,52,[[52]]
llama3.1-8b-lora1/rotor/first_score_document.txt,standard,9,[[9]]
llama3.1-8b-lora1/rotor/first_score_reference.txt,standard,57,[[57]]
llama3.1-8b-lora1/rotor/second_score_reference.txt,standard,75,[[75]]
llama3.1-8b-lora1/rotor/first_score_reference_document.txt,standard,None,[[0]]
llama3.1-8b-lora1/rotor/second_score_reference_document.txt,standard,64,[[64]]
llama3.1-8b-lora1/rotor/second_score_document.txt,standard,52,[[52]]
llama3.1-8b-lora1/rotor/third_score_document.txt,standard,55,[[55]]
llama3.1-8b-lora1/rigid_multipatches/third_score_reference.txt,standard,73,[[73]]
llama3.1-8b-lora1/rigid_multipatches/third_score_reference_document.txt,standard,44,[[44]]
llama3.1-8b-lora1/rigid_multipatches/first_score_document.txt,standard,11,[[11]]
llama3.1-8b-lora1/rigid_multipatches/first_score_reference.txt,standard,42,[[42]]
llama3.1-8b-lora1/rigid_multipatches/second_score_reference.txt,standard,62,[[62]]
llama3.1-8b-lora1/rigid_multipatches/first_score_reference_document.txt,standard,11,[[11]]
llama3.1-8b-lora1/rigid_multipatches/second_score_reference_document.txt,standard,25,[[25]]
llama3.1-8b-lora1/rigid_multipatches/second_score_document.txt,standard,42,[[42]]
llama3.1-8b-lora1/rigid_multipatches/third_score_document.txt,standard,47,[[47]]
llama3.1-8b-lora1/cable/third_score_reference.txt,standard,59,[[59]]
llama3.1-8b-lora1/cable/third_score_reference_document.txt,standard,5,[[5]]
llama3.1-8b-lora1/cable/first_score_document.txt,standard,12,[[12]]
llama3.1-8b-lora1/cable/first_score_reference.txt,standard,60,[[60]]
llama3.1-8b-lora1/cable/second_score_reference.txt,standard,33,[[33]]
llama3.1-8b-lora1/cable/first_score_reference_document.txt,standard,60,[[60]]
llama3.1-8b-lora1/cable/second_score_reference_document.txt,standard,52,[[52]]
llama3.1-8b-lora1/cable/second_score_document.txt,standard,16,[[16]]
llama3.1-8b-lora1/cable/third_score_document.txt,standard,None,[[0]]
llama3.1-8b-lora1/sensros/third_score_reference.txt,standard,100,[[100]]
llama3.1-8b-lora1/sensros/third_score_reference_document.txt,standard,55,[[55]]
llama3.1-8b-lora1/sensros/first_score_document.txt,standard,12,[[12]]
llama3.1-8b-lora1/sensros/first_score_reference.txt,standard,59,[[59]]
llama3.1-8b-lora1/sensros/second_score_reference.txt,standard,47,[[47]]
llama3.1-8b-lora1/sensros/first_score_reference_document.txt,standard,52,[[52]]
llama3.1-8b-lora1/sensros/second_score_reference_document.txt,standard,49,[[49]]
llama3.1-8b-lora1/sensros/second_score_document.txt,standard,60,[[60]]
llama3.1-8b-lora1/sensros/third_score_document.txt,standard,58,[[58]]
llama3.1-8b-lora1/scm_hill/third_score_reference.txt,standard,72,[[72]]
llama3.1-8b-lora1/scm_hill/third_score_reference_document.txt,standard,30,[[30]]
llama3.1-8b-lora1/scm_hill/first_score_document.txt,standard,52,[[52]]
llama3.1-8b-lora1/scm_hill/first_score_reference.txt,standard,34,[[34]]
llama3.1-8b-lora1/scm_hill/second_score_reference.txt,standard,64,[[64]]
llama3.1-8b-lora1/scm_hill/first_score_reference_document.txt,standard,19,[[19]]
llama3.1-8b-lora1/scm_hill/second_score_reference_document.txt,standard,37,[[37]]
llama3.1-8b-lora1/scm_hill/second_score_document.txt,standard,38,[[38]]
llama3.1-8b-lora1/scm_hill/third_score_document.txt,standard,64,[[64]]
llama3.1-8b-lora1/veh_app/third_score_reference.txt,standard,65,[[65]]
llama3.1-8b-lora1/veh_app/third_score_reference_document.txt,math_expr,31,[[100 - 69]]
llama3.1-8b-lora1/veh_app/first_score_document.txt,standard,67,[[67]]
llama3.1-8b-lora1/veh_app/first_score_reference.txt,standard,37,[[37]]
llama3.1-8b-lora1/veh_app/second_score_reference.txt,standard,67,[[67]]
llama3.1-8b-lora1/veh_app/first_score_reference_document.txt,standard,50,[[50]]
llama3.1-8b-lora1/veh_app/second_score_reference_document.txt,standard,59,[[59]]
llama3.1-8b-lora1/veh_app/second_score_document.txt,standard,6,[[6]]
llama3.1-8b-lora1/veh_app/third_score_document.txt,standard,60,[[60]]
llama3.1-8b-lora1/gear/third_score_reference.txt,standard,55,[[55]]
llama3.1-8b-lora1/gear/third_score_reference_document.txt,standard,32,[[32]]
llama3.1-8b-lora1/gear/first_score_document.txt,standard,25,[[25]]
llama3.1-8b-lora1/gear/first_score_reference.txt,standard,54,[[54]]
llama3.1-8b-lora1/gear/second_score_reference.txt,standard,92,[[92]]
llama3.1-8b-lora1/gear/first_score_reference_document.txt,standard,52,[[52]]
llama3.1-8b-lora1/gear/second_score_reference_document.txt,standard,75,[[75]]
llama3.1-8b-lora1/gear/second_score_document.txt,standard,96,[[96]]
llama3.1-8b-lora1/gear/third_score_document.txt,standard,None,[[0]]
llama3.1-8b-lora1/art/third_score_reference.txt,standard,98,[[98]]
llama3.1-8b-lora1/art/third_score_reference_document.txt,standard,20,[[20]]
llama3.1-8b-lora1/art/first_score_document.txt,standard,32,[[32]]
llama3.1-8b-lora1/art/first_score_reference.txt,standard,57,[[57]]
llama3.1-8b-lora1/art/second_score_reference.txt,standard,100,[[100]]
llama3.1-8b-lora1/art/first_score_reference_document.txt,standard,9,[[9]]
llama3.1-8b-lora1/art/second_score_reference_document.txt,standard,18,[[18]]
llama3.1-8b-lora1/art/second_score_document.txt,standard,22,[[22]]
llama3.1-8b-lora1/art/third_score_document.txt,standard,93,[[93]]
llama3.1-8b-lora1/man/third_score_reference.txt,standard,39,[[39]]
llama3.1-8b-lora1/man/third_score_reference_document.txt,standard,17,[[17]]
llama3.1-8b-lora1/man/first_score_document.txt,standard,20,[[20]]
llama3.1-8b-lora1/man/first_score_reference.txt,standard,68,[[68]]
llama3.1-8b-lora1/man/second_score_reference.txt,standard,70,[[70]]
llama3.1-8b-lora1/man/first_score_reference_document.txt,standard,49,[[49]]
llama3.1-8b-lora1/man/second_score_reference_document.txt,standard,60,[[60]]
llama3.1-8b-lora1/man/second_score_document.txt,standard,79,[[79]]
llama3.1-8b-lora1/man/third_score_document.txt,standard,78,[[78]]
llama3.1-8b-lora1/curiosity/third_score_reference.txt,standard,73,[[73]]
llama3.1-8b-lora1/curiosity/third_score_reference_document.txt,standard,19,[[19]]
llama3.1-8b-lora1/curiosity/first_score_document.txt,standard,58,[[58]]
llama3.1-8b-lora1/curiosity/first_score_reference.txt,standard,65,[[65]]
llama3.1-8b-lora1/curiosity/second_score_reference.txt,standard,62,[[62]]
llama3.1-8b-lora1/curiosity/first_score_reference_document.txt,standard,45,[[45]]
llama3.1-8b-lora1/curiosity/second_score_reference_document.txt,standard,40,[[40]]
llama3.1-8b-lora1/curiosity/second_score_document.txt,standard,10,[[10]]
llama3.1-8b-lora1/curiosity/third_score_document.txt,standard,75,[[75]]
llama3.1-8b-lora1/vehros/third_score_reference.txt,standard,21,[[21]]
llama3.1-8b-lora1/vehros/third_score_reference_document.txt,standard,42,[[42]]
llama3.1-8b-lora1/vehros/first_score_document.txt,standard,12,[[12]]
llama3.1-8b-lora1/vehros/first_score_reference.txt,standard,52,[[52]]
llama3.1-8b-lora1/vehros/second_score_reference.txt,standard,47,[[47]]
llama3.1-8b-lora1/vehros/first_score_reference_document.txt,standard,55,[[55]]
llama3.1-8b-lora1/vehros/second_score_reference_document.txt,standard,59,[[59]]
llama3.1-8b-lora1/vehros/second_score_document.txt,standard,53,[[53]]
llama3.1-8b-lora1/vehros/third_score_document.txt,standard,35,[[35]]
llama3.1-8b-lora1/uazbus/third_score_reference.txt,standard,50,[[50]]
llama3.1-8b-lora1/uazbus/third_score_reference_document.txt,standard,2,[[2]]
llama3.1-8b-lora1/uazbus/first_score_document.txt,standard,36,[[36]]
llama3.1-8b-lora1/uazbus/first_score_reference.txt,standard,60,[[60]]
llama3.1-8b-lora1/uazbus/second_score_reference.txt,standard,100,[[100]]
llama3.1-8b-lora1/uazbus/first_score_reference_document.txt,standard,54,[[54]]
llama3.1-8b-lora1/uazbus/second_score_reference_document.txt,standard,22,[[22]]
llama3.1-8b-lora1/uazbus/second_score_document.txt,standard,53,[[53]]
llama3.1-8b-lora1/uazbus/third_score_document.txt,standard,53,[[53]]
llama3.1-8b-lora1/handler/third_score_reference.txt,standard,56,[[56]]
llama3.1-8b-lora1/handler/third_score_reference_document.txt,standard,48,[[48]]
llama3.1-8b-lora1/handler/first_score_document.txt,standard,35,[[35]]
llama3.1-8b-lora1/handler/first_score_reference.txt,standard,64,[[64]]
llama3.1-8b-lora1/handler/second_score_reference.txt,standard,85,[[85]]
llama3.1-8b-lora1/handler/first_score_reference_document.txt,standard,42,[[42]]
llama3.1-8b-lora1/handler/second_score_reference_document.txt,standard,58,[[58]]
llama3.1-8b-lora1/handler/second_score_document.txt,standard,61,[[61]]
llama3.1-8b-lora1/handler/third_score_document.txt,standard,75,[[75]]
llama3.1-8b-lora1/beam/third_score_reference.txt,standard,35,[[35]]
llama3.1-8b-lora1/beam/third_score_reference_document.txt,standard,12,[[12]]
llama3.1-8b-lora1/beam/first_score_document.txt,standard,9,[[9]]
llama3.1-8b-lora1/beam/first_score_reference.txt,standard,55,[[55]]
llama3.1-8b-lora1/beam/second_score_reference.txt,standard,65,[[65]]
llama3.1-8b-lora1/beam/first_score_reference_document.txt,standard,24,[[24]]
llama3.1-8b-lora1/beam/second_score_reference_document.txt,standard,53,[[53]]
llama3.1-8b-lora1/beam/second_score_document.txt,standard,27,[[27]]
llama3.1-8b-lora1/beam/third_score_document.txt,standard,50,[[50]]
llama3.1-8b-lora1/particles/third_score_reference.txt,standard,63,[[63]]
llama3.1-8b-lora1/particles/third_score_reference_document.txt,standard,53,[[53]]
llama3.1-8b-lora1/particles/first_score_document.txt,standard,3,[[3]]
llama3.1-8b-lora1/particles/first_score_reference.txt,standard,2,[[2]]
llama3.1-8b-lora1/particles/second_score_reference.txt,standard,28,[[28]]
llama3.1-8b-lora1/particles/first_score_reference_document.txt,standard,7,[[7]]
llama3.1-8b-lora1/particles/second_score_reference_document.txt,standard,29,[[29]]
llama3.1-8b-lora1/particles/second_score_document.txt,standard,6,[[6]]
llama3.1-8b-lora1/particles/third_score_document.txt,standard,19,[[19]]
llama3.1-8b-lora1/m113/third_score_reference.txt,standard,80,[[80]]
llama3.1-8b-lora1/m113/third_score_reference_document.txt,standard,62,[[62]]
llama3.1-8b-lora1/m113/first_score_document.txt,standard,40,[[40]]
llama3.1-8b-lora1/m113/first_score_reference.txt,standard,10,[[10]]
llama3.1-8b-lora1/m113/second_score_reference.txt,standard,64,[[64]]
llama3.1-8b-lora1/m113/first_score_reference_document.txt,standard,25,[[25]]
llama3.1-8b-lora1/m113/second_score_reference_document.txt,standard,59,[[59]]
llama3.1-8b-lora1/m113/second_score_document.txt,standard,74,[[74]]
llama3.1-8b-lora1/m113/third_score_document.txt,standard,79,[[79]]
llama3.1-8b-lora1/sedan/third_score_reference.txt,standard,21,[[21]]
llama3.1-8b-lora1/sedan/third_score_reference_document.txt,standard,67,[[67]]
llama3.1-8b-lora1/sedan/first_score_document.txt,standard,14,[[14]]
llama3.1-8b-lora1/sedan/first_score_reference.txt,standard,42,[[42]]
llama3.1-8b-lora1/sedan/second_score_reference.txt,standard,27,[[27]]
llama3.1-8b-lora1/sedan/first_score_reference_document.txt,standard,49,[[49]]
llama3.1-8b-lora1/sedan/second_score_reference_document.txt,standard,46,[[46]]
llama3.1-8b-lora1/sedan/second_score_document.txt,standard,21,[[21]]
llama3.1-8b-lora1/sedan/third_score_document.txt,standard,45,[[45]]
llama3.1-8b-lora1/viper/third_score_reference.txt,standard,71,[[71]]
llama3.1-8b-lora1/viper/third_score_reference_document.txt,standard,69,[[69]]
llama3.1-8b-lora1/viper/first_score_document.txt,standard,52,[[52]]
llama3.1-8b-lora1/viper/first_score_reference.txt,standard,39,[[39]]
llama3.1-8b-lora1/viper/second_score_reference.txt,standard,99,[[99]]
llama3.1-8b-lora1/viper/first_score_reference_document.txt,standard,27,[[27]]
llama3.1-8b-lora1/viper/second_score_reference_document.txt,standard,86,[[86]]
llama3.1-8b-lora1/viper/second_score_document.txt,standard,60,[[60]]
llama3.1-8b-lora1/viper/third_score_document.txt,standard,29,[[29]]
llama3.1-8b-lora1/lidar/third_score_reference.txt,standard,None,[[0]]
llama3.1-8b-lora1/lidar/third_score_reference_document.txt,standard,None,[[0]]
llama3.1-8b-lora1/lidar/first_score_document.txt,standard,15,[[15]]
llama3.1-8b-lora1/lidar/first_score_reference.txt,standard,13,[[13]]
llama3.1-8b-lora1/lidar/second_score_reference.txt,standard,9,[[9]]
llama3.1-8b-lora1/lidar/first_score_reference_document.txt,standard,25,[[25]]
llama3.1-8b-lora1/lidar/second_score_reference_document.txt,standard,67,[[67]]
llama3.1-8b-lora1/lidar/second_score_document.txt,standard,36,[[36]]
llama3.1-8b-lora1/lidar/third_score_document.txt,standard,46,[[46]]
llama3.1-8b-lora1/rigid_highway/third_score_reference.txt,standard,40,[[40]]
llama3.1-8b-lora1/rigid_highway/third_score_reference_document.txt,standard,20,[[20]]
llama3.1-8b-lora1/rigid_highway/first_score_document.txt,standard,48,[[48]]
llama3.1-8b-lora1/rigid_highway/first_score_reference.txt,standard,57,[[57]]
llama3.1-8b-lora1/rigid_highway/second_score_reference.txt,standard,23,[[23]]
llama3.1-8b-lora1/rigid_highway/first_score_reference_document.txt,standard,51,[[51]]
llama3.1-8b-lora1/rigid_highway/second_score_reference_document.txt,standard,64,[[64]]
llama3.1-8b-lora1/rigid_highway/second_score_document.txt,standard,18,[[18]]
llama3.1-8b-lora1/rigid_highway/third_score_document.txt,standard,61,[[61]]
llama3.1-8b-lora1/pendulum/third_score_reference.txt,standard,5,[[5]]
llama3.1-8b-lora1/pendulum/third_score_reference_document.txt,standard,63,[[63]]
llama3.1-8b-lora1/pendulum/first_score_document.txt,standard,None,[[0]]
llama3.1-8b-lora1/pendulum/first_score_reference.txt,standard,28,[[28]]
llama3.1-8b-lora1/pendulum/second_score_reference.txt,standard,62,[[62]]
llama3.1-8b-lora1/pendulum/first_score_reference_document.txt,standard,52,[[52]]
llama3.1-8b-lora1/pendulum/second_score_reference_document.txt,standard,82,[[82]]
llama3.1-8b-lora1/pendulum/second_score_document.txt,standard,54,[[54]]
llama3.1-8b-lora1/pendulum/third_score_document.txt,standard,55,[[55]]
llama3.1-8b-lora1/hmmwv/third_score_reference.txt,standard,83,[[83]]
llama3.1-8b-lora1/hmmwv/third_score_reference_document.txt,standard,7,[[7]]
llama3.1-8b-lora1/hmmwv/first_score_document.txt,standard,23,[[23]]
llama3.1-8b-lora1/hmmwv/first_score_reference.txt,standard,32,[[32]]
llama3.1-8b-lora1/hmmwv/second_score_reference.txt,standard,38,[[38]]
llama3.1-8b-lora1/hmmwv/first_score_reference_document.txt,standard,14,[[14]]
llama3.1-8b-lora1/hmmwv/second_score_reference_document.txt,standard,60,[[60]]
llama3.1-8b-lora1/hmmwv/second_score_document.txt,standard,9,[[9]]
llama3.1-8b-lora1/hmmwv/third_score_document.txt,standard,70,[[70]]
llama3.1-8b-lora1/turtlebot/third_score_reference.txt,standard,53,[[53]]
llama3.1-8b-lora1/turtlebot/third_score_reference_document.txt,standard,69,[[69]]
llama3.1-8b-lora1/turtlebot/first_score_document.txt,standard,67,[[67]]
llama3.1-8b-lora1/turtlebot/first_score_reference.txt,standard,68,[[68]]
llama3.1-8b-lora1/turtlebot/second_score_reference.txt,standard,65,[[65]]
llama3.1-8b-lora1/turtlebot/first_score_reference_document.txt,standard,17,[[17]]
llama3.1-8b-lora1/turtlebot/second_score_reference_document.txt,standard,45,[[45]]
llama3.1-8b-lora1/turtlebot/second_score_document.txt,standard,30,[[30]]
llama3.1-8b-lora1/turtlebot/third_score_document.txt,standard,15,[[15]]
llama3.1-8b-lora1/mass_spring_damper/third_score_reference.txt,standard,65,[[65]]
llama3.1-8b-lora1/mass_spring_damper/third_score_reference_document.txt,standard,55,[[55]]
llama3.1-8b-lora1/mass_spring_damper/first_score_document.txt,standard,43,[[43]]
llama3.1-8b-lora1/mass_spring_damper/first_score_reference.txt,standard,53,[[53]]
llama3.1-8b-lora1/mass_spring_damper/second_score_reference.txt,standard,56,[[56]]
llama3.1-8b-lora1/mass_spring_damper/first_score_reference_document.txt,standard,52,[[52]]
llama3.1-8b-lora1/mass_spring_damper/second_score_reference_document.txt,standard,78,[[78]]
llama3.1-8b-lora1/mass_spring_damper/second_score_document.txt,standard,48,[[48]]
llama3.1-8b-lora1/mass_spring_damper/third_score_document.txt,standard,43,[[43]]
llama3.1-8b-lora1/tablecloth/third_score_reference.txt,standard,36,[[36]]
llama3.1-8b-lora1/tablecloth/third_score_reference_document.txt,standard,35,[[35]]
llama3.1-8b-lora1/tablecloth/first_score_document.txt,standard,15,[[15]]
llama3.1-8b-lora1/tablecloth/first_score_reference.txt,standard,None,[[0]]
llama3.1-8b-lora1/tablecloth/second_score_reference.txt,standard,76,[[76]]
llama3.1-8b-lora1/tablecloth/first_score_reference_document.txt,standard,None,[[0]]
llama3.1-8b-lora1/tablecloth/second_score_reference_document.txt,standard,59,[[59]]
llama3.1-8b-lora1/tablecloth/second_score_document.txt,standard,22,[[22]]
llama3.1-8b-lora1/tablecloth/third_score_document.txt,standard,35,[[35]]
llama3.1-8b-lora1/kraz/third_score_reference.txt,standard,52,[[52]]
llama3.1-8b-lora1/kraz/third_score_reference_document.txt,standard,17,[[17]]
llama3.1-8b-lora1/kraz/first_score_document.txt,standard,60,[[60]]
llama3.1-8b-lora1/kraz/first_score_reference.txt,standard,43,[[43]]
llama3.1-8b-lora1/kraz/second_score_reference.txt,standard,68,[[68]]
llama3.1-8b-lora1/kraz/first_score_reference_document.txt,standard,None,[[0]]
llama3.1-8b-lora1/kraz/second_score_reference_document.txt,standard,65,[[65]]
llama3.1-8b-lora1/kraz/second_score_document.txt,standard,60,[[60]]
llama3.1-8b-lora1/kraz/third_score_document.txt,standard,32,[[32]]
llama3.1-8b-lora1/camera/third_score_reference.txt,standard,88,[[88]]
llama3.1-8b-lora1/camera/third_score_reference_document.txt,standard,37,[[37]]
llama3.1-8b-lora1/camera/first_score_document.txt,standard,2,[[2]]
llama3.1-8b-lora1/camera/first_score_reference.txt,standard,48,[[48]]
llama3.1-8b-lora1/camera/second_score_reference.txt,standard,30,[[30]]
llama3.1-8b-lora1/camera/first_score_reference_document.txt,standard,48,[[48]]
llama3.1-8b-lora1/camera/second_score_reference_document.txt,standard,31,[[31]]
llama3.1-8b-lora1/camera/second_score_document.txt,standard,12,[[12]]
llama3.1-8b-lora1/camera/third_score_document.txt,standard,79,[[79]]
llama3.1-8b-lora1/buckling/third_score_reference.txt,standard,67,[[67]]
llama3.1-8b-lora1/buckling/third_score_reference_document.txt,standard,9,[[9]]
llama3.1-8b-lora1/buckling/first_score_document.txt,standard,49,[[49]]
llama3.1-8b-lora1/buckling/first_score_reference.txt,standard,51,[[51]]
llama3.1-8b-lora1/buckling/second_score_reference.txt,standard,33,[[33]]
llama3.1-8b-lora1/buckling/first_score_reference_document.txt,standard,51,[[51]]
llama3.1-8b-lora1/buckling/second_score_reference_document.txt,standard,73,[[73]]
llama3.1-8b-lora1/buckling/second_score_document.txt,standard,16,[[16]]
llama3.1-8b-lora1/buckling/third_score_document.txt,standard,79,[[79]]
llama3.1-8b-lora1/gator/third_score_reference.txt,standard,78,[[78]]
llama3.1-8b-lora1/gator/third_score_reference_document.txt,standard,32,[[32]]
llama3.1-8b-lora1/gator/first_score_document.txt,standard,83,[[83]]
llama3.1-8b-lora1/gator/first_score_reference.txt,standard,71,[[71]]
llama3.1-8b-lora1/gator/second_score_reference.txt,standard,10,[[10]]
llama3.1-8b-lora1/gator/first_score_reference_document.txt,standard,12,[[12]]
llama3.1-8b-lora1/gator/second_score_reference_document.txt,standard,16,[[16]]
llama3.1-8b-lora1/gator/second_score_document.txt,standard,47,[[47]]
llama3.1-8b-lora1/gator/third_score_document.txt,standard,58,[[58]]
llama3.1-8b-lora1/slider_crank/third_score_reference.txt,standard,85,[[85]]
llama3.1-8b-lora1/slider_crank/third_score_reference_document.txt,standard,66,[[66]]
llama3.1-8b-lora1/slider_crank/first_score_document.txt,standard,15,[[15]]
llama3.1-8b-lora1/slider_crank/first_score_reference.txt,standard,51,[[51]]
llama3.1-8b-lora1/slider_crank/second_score_reference.txt,standard,98,[[98]]
llama3.1-8b-lora1/slider_crank/first_score_reference_document.txt,standard,48,[[48]]
llama3.1-8b-lora1/slider_crank/second_score_reference_document.txt,standard,None,[[0]]
llama3.1-8b-lora1/slider_crank/second_score_document.txt,standard,81,[[81]]
llama3.1-8b-lora1/slider_crank/third_score_document.txt,standard,45,[[45]]
llama3.1-8b-lora1/feda/third_score_reference.txt,standard,59,[[59]]
llama3.1-8b-lora1/feda/third_score_reference_document.txt,standard,17,[[17]]
llama3.1-8b-lora1/feda/first_score_document.txt,standard,None,[[0]]
llama3.1-8b-lora1/feda/first_score_reference.txt,standard,59,[[59]]
llama3.1-8b-lora1/feda/second_score_reference.txt,standard,83,[[83]]
llama3.1-8b-lora1/feda/first_score_reference_document.txt,standard,15,[[15]]
llama3.1-8b-lora1/feda/second_score_reference_document.txt,standard,7,[[7]]
llama3.1-8b-lora1/feda/second_score_document.txt,standard,25,[[25]]
llama3.1-8b-lora1/feda/third_score_document.txt,standard,60,[[60]]
qwen3-235b-a22b/scm/third_score_reference.txt,standard,30,[[30]]
qwen3-235b-a22b/scm/third_score_reference_document.txt,standard,59,[[59]]
qwen3-235b-a22b/scm/first_score_document.txt,standard,86,[[86]]
qwen3-235b-a22b/scm/first_score_reference.txt,standard,17,[[17]]
qwen3-235b-a22b/scm/second_score_reference.txt,standard,82,[[82]]
qwen3-235b-a22b/scm/first_score_reference_document.txt,standard,11,[[11]]
qwen3-235b-a22b/scm/second_score_reference_document.txt,standard,59,[[59]]
qwen3-235b-a22b/scm/second_score_document.txt,standard,86,[[86]]
qwen3-235b-a22b/scm/third_score_document.txt,standard,65,[[65]]
qwen3-235b-a22b/citybus/third_score_reference.txt,standard,97,[[97]]
qwen3-235b-a22b/citybus/third_score_reference_document.txt,standard,51,[[51]]
qwen3-235b-a22b/citybus/first_score_document.txt,standard,89,[[89]]
qwen3-235b-a22b/citybus/first_score_reference.txt,standard,64,[[64]]
qwen3-235b-a22b/citybus/second_score_reference.txt,standard,90,[[90]]
qwen3-235b-a22b/citybus/first_score_reference_document.txt,standard,31,[[31]]
qwen3-235b-a22b/citybus/second_score_reference_document.txt,standard,52,[[52]]
qwen3-235b-a22b/citybus/second_score_document.txt,standard,63,[[63]]
qwen3-235b-a22b/citybus/third_score_document.txt,standard,60,[[60]]
qwen3-235b-a22b/gps_imu/third_score_reference.txt,standard,85,[[85]]
qwen3-235b-a22b/gps_imu/third_score_reference_document.txt,standard,83,[[83]]
qwen3-235b-a22b/gps_imu/first_score_document.txt,standard,73,[[73]]
qwen3-235b-a22b/gps_imu/first_score_reference.txt,standard,21,[[21]]
qwen3-235b-a22b/gps_imu/second_score_reference.txt,standard,43,[[43]]
qwen3-235b-a22b/gps_imu/first_score_reference_document.txt,standard,20,[[20]]
qwen3-235b-a22b/gps_imu/second_score_reference_document.txt,standard,65,[[65]]
qwen3-235b-a22b/gps_imu/second_score_document.txt,standard,37,[[37]]
qwen3-235b-a22b/gps_imu/third_score_document.txt,standard,41,[[41]]
qwen3-235b-a22b/rotor/third_score_reference.txt,standard,43,[[43]]
qwen3-235b-a22b/rotor/third_score_reference_document.txt,standard,59,[[59]]
qwen3-235b-a22b/rotor/first_score_document.txt,standard,78,[[78]]
qwen3-235b-a22b/rotor/first_score_reference.txt,standard,82,[[82]]
qwen3-235b-a22b/rotor/second_score_reference.txt,standard,4,[[4]]
qwen3-235b-a22b/rotor/first_score_reference_document.txt,standard,32,[[32]]
qwen3-235b-a22b/rotor/second_score_reference_document.txt,standard,70,[[70]]
qwen3-235b-a22b/rotor/second_score_document.txt,standard,62,[[62]]
qwen3-235b-a22b/rotor/third_score_document.txt,standard,60,[[60]]
qwen3-235b-a22b/rigid_multipatches/third_score_reference.txt,standard,70,[[70]]
qwen3-235b-a22b/rigid_multipatches/third_score_reference_document.txt,standard,36,[[36]]
qwen3-235b-a22b/rigid_multipatches/first_score_document.txt,standard,10,[[10]]
qwen3-235b-a22b/rigid_multipatches/first_score_reference.txt,standard,57,[[57]]
qwen3-235b-a22b/rigid_multipatches/second_score_reference.txt,standard,46,[[46]]
qwen3-235b-a22b/rigid_multipatches/first_score_reference_document.txt,standard,None,[[0]]
qwen3-235b-a22b/rigid_multipatches/second_score_reference_document.txt,standard,27,[[27]]
qwen3-235b-a22b/rigid_multipatches/second_score_document.txt,standard,74,[[74]]
qwen3-235b-a22b/rigid_multipatches/third_score_document.txt,standard,70,[[70]]
qwen3-235b-a22b/cable/third_score_reference.txt,standard,70,[[70]]
qwen3-235b-a22b/cable/third_score_reference_document.txt,standard,53,[[53]]
qwen3-235b-a22b/cable/first_score_document.txt,standard,20,[[20]]
qwen3-235b-a22b/cable/first_score_reference.txt,standard,49,[[49]]
qwen3-235b-a22b/cable/second_score_reference.txt,standard,70,[[70]]
qwen3-235b-a22b/cable/first_score_reference_document.txt,standard,51,[[51]]
qwen3-235b-a22b/cable/second_score_reference_document.txt,standard,70,[[70]]
qwen3-235b-a22b/cable/second_score_document.txt,standard,88,[[88]]
qwen3-235b-a22b/cable/third_score_document.txt,standard,95,[[95]]
qwen3-235b-a22b/sensros/third_score_reference.txt,standard,75,[[75]]
qwen3-235b-a22b/sensros/third_score_reference_document.txt,standard,22,[[22]]
qwen3-235b-a22b/sensros/first_score_document.txt,standard,50,[[50]]
qwen3-235b-a22b/sensros/first_score_reference.txt,standard,42,[[42]]
qwen3-235b-a22b/sensros/second_score_reference.txt,standard,67,[[67]]
qwen3-235b-a22b/sensros/first_score_reference_document.txt,standard,11,[[11]]
qwen3-235b-a22b/sensros/second_score_reference_document.txt,standard,34,[[34]]
qwen3-235b-a22b/sensros/second_score_document.txt,standard,24,[[24]]
qwen3-235b-a22b/sensros/third_score_document.txt,standard,25,[[25]]
qwen3-235b-a22b/scm_hill/third_score_reference.txt,standard,70,[[70]]
qwen3-235b-a22b/scm_hill/third_score_reference_document.txt,standard,70,[[70]]
qwen3-235b-a22b/scm_hill/first_score_document.txt,standard,None,[[0]]
qwen3-235b-a22b/scm_hill/first_score_reference.txt,standard,22,[[22]]
qwen3-235b-a22b/scm_hill/second_score_reference.txt,standard,20,[[20]]
qwen3-235b-a22b/scm_hill/first_score_reference_document.txt,standard,29,[[29]]
qwen3-235b-a22b/scm_hill/second_score_reference_document.txt,standard,40,[[40]]
qwen3-235b-a22b/scm_hill/second_score_document.txt,standard,63,[[63]]
qwen3-235b-a22b/scm_hill/third_score_document.txt,standard,77,[[77]]
qwen3-235b-a22b/veh_app/third_score_reference.txt,standard,96,[[96]]
qwen3-235b-a22b/veh_app/third_score_reference_document.txt,standard,65,[[65]]
qwen3-235b-a22b/veh_app/first_score_document.txt,standard,68,[[68]]
qwen3-235b-a22b/veh_app/first_score_reference.txt,standard,13,[[13]]
qwen3-235b-a22b/veh_app/second_score_reference.txt,standard,51,[[51]]
qwen3-235b-a22b/veh_app/first_score_reference_document.txt,standard,22,[[22]]
qwen3-235b-a22b/veh_app/second_score_reference_document.txt,standard,53,[[53]]
qwen3-235b-a22b/veh_app/second_score_document.txt,standard,70,[[70]]
qwen3-235b-a22b/veh_app/third_score_document.txt,standard,48,[[48]]
qwen3-235b-a22b/gear/third_score_reference.txt,standard,76,[[76]]
qwen3-235b-a22b/gear/third_score_reference_document.txt,standard,62,[[62]]
qwen3-235b-a22b/gear/first_score_document.txt,standard,2,[[2]]
qwen3-235b-a22b/gear/first_score_reference.txt,standard,64,[[64]]
qwen3-235b-a22b/gear/second_score_reference.txt,standard,38,[[38]]
qwen3-235b-a22b/gear/first_score_reference_document.txt,standard,None,[[0]]
qwen3-235b-a22b/gear/second_score_reference_document.txt,standard,62,[[62]]
qwen3-235b-a22b/gear/second_score_document.txt,standard,9,[[9]]
qwen3-235b-a22b/gear/third_score_document.txt,standard,38,[[38]]
qwen3-235b-a22b/art/third_score_reference.txt,standard,96,[[96]]
qwen3-235b-a22b/art/third_score_reference_document.txt,standard,13,[[13]]
qwen3-235b-a22b/art/first_score_document.txt,standard,75,[[75]]
qwen3-235b-a22b/art/first_score_reference.txt,standard,54,[[54]]
qwen3-235b-a22b/art/second_score_reference.txt,standard,32,[[32]]
qwen3-235b-a22b/art/first_score_reference_document.txt,standard,20,[[20]]
qwen3-235b-a22b/art/second_score_reference_document.txt,standard,54,[[54]]
qwen3-235b-a22b/art/second_score_document.txt,standard,73,[[73]]
qwen3-235b-a22b/art/third_score_document.txt,standard,20,[[20]]
qwen3-235b-a22b/man/third_score_reference.txt,standard,82,[[82]]
qwen3-235b-a22b/man/third_score_reference_document.txt,standard,37,[[37]]
qwen3-235b-a22b/man/first_score_document.txt,standard,38,[[38]]
qwen3-235b-a22b/man/first_score_reference.txt,standard,41,[[41]]
qwen3-235b-a22b/man/second_score_reference.txt,standard,95,[[95]]
qwen3-235b-a22b/man/first_score_reference_document.txt,standard,49,[[49]]
qwen3-235b-a22b/man/second_score_reference_document.txt,standard,76,[[76]]
qwen3-235b-a22b/man/second_score_document.txt,standard,92,[[92]]
qwen3-235b-a22b/man/third_score_document.txt,standard,78,[[78]]
qwen3-235b-a22b/curiosity/third_score_reference.txt,standard,78,[[78]]
qwen3-235b-a22b/curiosity/third_score_reference_document.txt,standard,63,[[63]]
qwen3-235b-a22b/curiosity/first_score_document.txt,standard,25,[[25]]
qwen3-235b-a22b/curiosity/first_score_reference.txt,standard,55,[[55]]
qwen3-235b-a22b/curiosity/second_score_reference.txt,standard,67,[[67]]
qwen3-235b-a22b/curiosity/first_score_reference_document.txt,standard,17,[[17]]
qwen3-235b-a22b/curiosity/second_score_reference_document.txt,standard,85,[[85]]
qwen3-235b-a22b/curiosity/second_score_document.txt,standard,61,[[61]]
qwen3-235b-a22b/curiosity/third_score_document.txt,standard,30,[[30]]
qwen3-235b-a22b/vehros/third_score_reference.txt,standard,29,[[29]]
qwen3-235b-a22b/vehros/third_score_reference_document.txt,standard,82,[[82]]
qwen3-235b-a22b/vehros/first_score_document.txt,standard,32,[[32]]
qwen3-235b-a22b/vehros/first_score_reference.txt,standard,10,[[10]]
qwen3-235b-a22b/vehros/second_score_reference.txt,standard,81,[[81]]
qwen3-235b-a22b/vehros/first_score_reference_document.txt,standard,20,[[20]]
qwen3-235b-a22b/vehros/second_score_reference_document.txt,standard,7,[[7]]
qwen3-235b-a22b/vehros/second_score_document.txt,standard,11,[[11]]
qwen3-235b-a22b/vehros/third_score_document.txt,standard,40,[[40]]
qwen3-235b-a22b/uazbus/third_score_reference.txt,standard,95,[[95]]
qwen3-235b-a22b/uazbus/third_score_reference_document.txt,standard,35,[[35]]
qwen3-235b-a22b/uazbus/first_score_document.txt,standard,69,[[69]]
qwen3-235b-a22b/uazbus/first_score_reference.txt,standard,66,[[66]]
qwen3-235b-a22b/uazbus/second_score_reference.txt,standard,73,[[73]]
qwen3-235b-a22b/uazbus/first_score_reference_document.txt,standard,19,[[19]]
qwen3-235b-a22b/uazbus/second_score_reference_document.txt,standard,75,[[75]]
qwen3-235b-a22b/uazbus/second_score_document.txt,standard,47,[[47]]
qwen3-235b-a22b/uazbus/third_score_document.txt,standard,46,[[46]]
qwen3-235b-a22b/handler/third_score_reference.txt,standard,54,[[54]]
qwen3-235b-a22b/handler/third_score_reference_document.txt,standard,18,[[18]]
qwen3-235b-a22b/handler/first_score_document.txt,standard,75,[[75]]
qwen3-235b-a22b/handler/first_score_reference.txt,standard,62,[[62]]
qwen3-235b-a22b/handler/second_score_reference.txt,standard,100,[[100]]
qwen3-235b-a22b/handler/first_score_reference_document.txt,standard,37,[[37]]
qwen3-235b-a22b/handler/second_score_reference_document.txt,standard,60,[[60]]
qwen3-235b-a22b/handler/second_score_document.txt,standard,5,[[5]]
qwen3-235b-a22b/handler/third_score_document.txt,standard,65,[[65]]
qwen3-235b-a22b/beam/third_score_reference.txt,standard,90,[[90]]
qwen3-235b-a22b/beam/third_score_reference_document.txt,standard,92,[[92]]
qwen3-235b-a22b/beam/first_score_document.txt,standard,41,[[41]]
qwen3-235b-a22b/beam/first_score_reference.txt,standard,87,[[87]]
qwen3-235b-a22b/beam/second_score_reference.txt,standard,83,[[83]]
qwen3-235b-a22b/beam/first_score_reference_document.txt,standard,None,[[0]]
qwen3-235b-a22b/beam/second_score_reference_document.txt,standard,47,[[47]]
qwen3-235b-a22b/beam/second_score_document.txt,standard,78,[[78]]
qwen3-235b-a22b/beam/third_score_document.txt,standard,88,[[88]]
qwen3-235b-a22b/particles/third_score_reference.txt,standard,82,[[82]]
qwen3-235b-a22b/particles/third_score_reference_document.txt,standard,68,[[68]]
qwen3-235b-a22b/particles/first_score_document.txt,standard,72,[[72]]
qwen3-235b-a22b/particles/first_score_reference.txt,standard,32,[[32]]
qwen3-235b-a22b/particles/second_score_reference.txt,standard,80,[[80]]
qwen3-235b-a22b/particles/first_score_reference_document.txt,standard,46,[[46]]
qwen3-235b-a22b/particles/second_score_reference_document.txt,standard,55,[[55]]
qwen3-235b-a22b/particles/second_score_document.txt,standard,94,[[94]]
qwen3-235b-a22b/particles/third_score_document.txt,standard,85,[[85]]
qwen3-235b-a22b/m113/third_score_reference.txt,standard,35,[[35]]
qwen3-235b-a22b/m113/third_score_reference_document.txt,standard,48,[[48]]
qwen3-235b-a22b/m113/first_score_document.txt,standard,28,[[28]]
qwen3-235b-a22b/m113/first_score_reference.txt,standard,37,[[37]]
qwen3-235b-a22b/m113/second_score_reference.txt,standard,65,[[65]]
qwen3-235b-a22b/m113/first_score_reference_document.txt,standard,27,[[27]]
qwen3-235b-a22b/m113/second_score_reference_document.txt,standard,61,[[61]]
qwen3-235b-a22b/m113/second_score_document.txt,standard,73,[[73]]
qwen3-235b-a22b/m113/third_score_document.txt,standard,77,[[77]]
qwen3-235b-a22b/sedan/third_score_reference.txt,standard,64,[[64]]
qwen3-235b-a22b/sedan/third_score_reference_document.txt,standard,46,[[46]]
qwen3-235b-a22b/sedan/first_score_document.txt,standard,55,[[55]]
qwen3-235b-a22b/sedan/first_score_reference.txt,standard,23,[[23]]
qwen3-235b-a22b/sedan/second_score_reference.txt,standard,38,[[38]]
qwen3-235b-a22b/sedan/first_score_reference_document.txt,standard,16,[[16]]
qwen3-235b-a22b/sedan/second_score_reference_document.txt,standard,64,[[64]]
qwen3-235b-a22b/sedan/second_score_document.txt,standard,43,[[43]]
qwen3-235b-a22b/sedan/third_score_document.txt,standard,80,[[80]]
qwen3-235b-a22b/viper/third_score_reference.txt,standard,67,[[67]]
qwen3-235b-a22b/viper/third_score_reference_document.txt,standard,67,[[67]]
qwen3-235b-a22b/viper/first_score_document.txt,standard,38,[[38]]
qwen3-235b-a22b/viper/first_score_reference.txt,standard,55,[[55]]
qwen3-235b-a22b/viper/second_score_reference.txt,standard,64,[[64]]
qwen3-235b-a22b/viper/first_score_reference_document.txt,standard,20,[[20]]
qwen3-235b-a22b/viper/second_score_reference_document.txt,standard,54,[[54]]
qwen3-235b-a22b/viper/second_score_document.txt,standard,55,[[55]]
qwen3-235b-a22b/viper/third_score_document.txt,standard,50,[[50]]
qwen3-235b-a22b/lidar/third_score_reference.txt,standard,21,[[21]]
qwen3-235b-a22b/lidar/third_score_reference_document.txt,standard,22,[[22]]
qwen3-235b-a22b/lidar/first_score_document.txt,standard,80,[[80]]
qwen3-235b-a22b/lidar/first_score_reference.txt,standard,45,[[45]]
qwen3-235b-a22b/lidar/second_score_reference.txt,standard,32,[[32]]
qwen3-235b-a22b/lidar/first_score_reference_document.txt,standard,44,[[44]]
qwen3-235b-a22b/lidar/second_score_reference_document.txt,standard,60,[[60]]
qwen3-235b-a22b/lidar/second_score_document.txt,standard,45,[[45]]
qwen3-235b-a22b/lidar/third_score_document.txt,standard,6,[[6]]
qwen3-235b-a22b/rigid_highway/third_score_reference.txt,standard,100,[[100]]
qwen3-235b-a22b/rigid_highway/third_score_reference_document.txt,standard,59,[[59]]
qwen3-235b-a22b/rigid_highway/first_score_document.txt,standard,35,[[35]]
qwen3-235b-a22b/rigid_highway/first_score_reference.txt,standard,40,[[40]]
qwen3-235b-a22b/rigid_highway/second_score_reference.txt,standard,27,[[27]]
qwen3-235b-a22b/rigid_highway/first_score_reference_document.txt,standard,17,[[17]]
qwen3-235b-a22b/rigid_highway/second_score_reference_document.txt,standard,46,[[46]]
qwen3-235b-a22b/rigid_highway/second_score_document.txt,standard,64,[[64]]
qwen3-235b-a22b/rigid_highway/third_score_document.txt,standard,63,[[63]]
qwen3-235b-a22b/pendulum/third_score_reference.txt,standard,85,[[85]]
qwen3-235b-a22b/pendulum/third_score_reference_document.txt,standard,64,[[64]]
qwen3-235b-a22b/pendulum/first_score_document.txt,standard,25,[[25]]
qwen3-235b-a22b/pendulum/first_score_reference.txt,standard,60,[[60]]
qwen3-235b-a22b/pendulum/second_score_reference.txt,standard,40,[[40]]
qwen3-235b-a22b/pendulum/first_score_reference_document.txt,standard,33,[[33]]
qwen3-235b-a22b/pendulum/second_score_reference_document.txt,standard,63,[[63]]
qwen3-235b-a22b/pendulum/second_score_document.txt,standard,100,[[100]]
qwen3-235b-a22b/pendulum/third_score_document.txt,standard,60,[[60]]
qwen3-235b-a22b/hmmwv/third_score_reference.txt,standard,99,[[99]]
qwen3-235b-a22b/hmmwv/third_score_reference_document.txt,standard,25,[[25]]
qwen3-235b-a22b/hmmwv/first_score_document.txt,standard,None,[[0]]
qwen3-235b-a22b/hmmwv/first_score_reference.txt,standard,38,[[38]]
qwen3-235b-a22b/hmmwv/second_score_reference.txt,standard,81,[[81]]
qwen3-235b-a22b/hmmwv/first_score_reference_document.txt,standard,22,[[22]]
qwen3-235b-a22b/hmmwv/second_score_reference_document.txt,standard,25,[[25]]
qwen3-235b-a22b/hmmwv/second_score_document.txt,standard,32,[[32]]
qwen3-235b-a22b/hmmwv/third_score_document.txt,standard,65,[[65]]
qwen3-235b-a22b/turtlebot/third_score_reference.txt,standard,69,[[69]]
qwen3-235b-a22b/turtlebot/third_score_reference_document.txt,standard,70,[[70]]
qwen3-235b-a22b/turtlebot/first_score_document.txt,standard,17,[[17]]
qwen3-235b-a22b/turtlebot/first_score_reference.txt,standard,41,[[41]]
qwen3-235b-a22b/turtlebot/second_score_reference.txt,standard,78,[[78]]
qwen3-235b-a22b/turtlebot/first_score_reference_document.txt,standard,28,[[28]]
qwen3-235b-a22b/turtlebot/second_score_reference_document.txt,standard,56,[[56]]
qwen3-235b-a22b/turtlebot/second_score_document.txt,standard,94,[[94]]
qwen3-235b-a22b/turtlebot/third_score_document.txt,standard,35,[[35]]
qwen3-235b-a22b/mass_spring_damper/third_score_reference.txt,standard,73,[[73]]
qwen3-235b-a22b/mass_spring_damper/third_score_reference_document.txt,standard,64,[[64]]
qwen3-235b-a22b/mass_spring_damper/first_score_document.txt,standard,58,[[58]]
qwen3-235b-a22b/mass_spring_damper/first_score_reference.txt,standard,68,[[68]]
qwen3-235b-a22b/mass_spring_damper/second_score_reference.txt,standard,76,[[76]]
qwen3-235b-a22b/mass_spring_damper/first_score_reference_document.txt,standard,24,[[24]]
qwen3-235b-a22b/mass_spring_damper/second_score_reference_document.txt,standard,78,[[78]]
qwen3-235b-a22b/mass_spring_damper/second_score_document.txt,standard,19,[[19]]
qwen3-235b-a22b/mass_spring_damper/third_score_document.txt,standard,78,[[78]]
qwen3-235b-a22b/tablecloth/third_score_reference.txt,standard,10,[[10]]
qwen3-235b-a22b/tablecloth/third_score_reference_document.txt,standard,59,[[59]]
qwen3-235b-a22b/tablecloth/first_score_document.txt,standard,52,[[52]]
qwen3-235b-a22b/tablecloth/first_score_reference.txt,standard,24,[[24]]
qwen3-235b-a22b/tablecloth/second_score_reference.txt,standard,60,[[60]]
qwen3-235b-a22b/tablecloth/first_score_reference_document.txt,standard,51,[[51]]
qwen3-235b-a22b/tablecloth/second_score_reference_document.txt,standard,26,[[26]]
qwen3-235b-a22b/tablecloth/second_score_document.txt,standard,16,[[16]]
qwen3-235b-a22b/tablecloth/third_score_document.txt,standard,34,[[34]]
qwen3-235b-a22b/kraz/third_score_reference.txt,standard,69,[[69]]
qwen3-235b-a22b/kraz/third_score_reference_document.txt,standard,33,[[33]]
qwen3-235b-a22b/kraz/first_score_document.txt,standard,65,[[65]]
qwen3-235b-a22b/kraz/first_score_reference.txt,standard,17,[[17]]
qwen3-235b-a22b/kraz/second_score_reference.txt,standard,27,[[27]]
qwen3-235b-a22b/kraz/first_score_reference_document.txt,standard,15,[[15]]
qwen3-235b-a22b/kraz/second_score_reference_document.txt,standard,85,[[85]]
qwen3-235b-a22b/kraz/second_score_document.txt,standard,78,[[78]]
qwen3-235b-a22b/kraz/third_score_document.txt,standard,33,[[33]]
qwen3-235b-a22b/camera/third_score_reference.txt,standard,63,[[63]]
qwen3-235b-a22b/camera/third_score_reference_document.txt,standard,56,[[56]]
qwen3-235b-a22b/camera/first_score_document.txt,standard,71,[[71]]
qwen3-235b-a22b/camera/first_score_reference.txt,standard,50,[[50]]
qwen3-235b-a22b/camera/second_score_reference.txt,standard,70,[[70]]
qwen3-235b-a22b/camera/first_score_reference_document.txt,standard,38,[[38]]
qwen3-235b-a22b/camera/second_score_reference_document.txt,standard,60,[[60]]
qwen3-235b-a22b/camera/second_score_document.txt,standard,57,[[57]]
qwen3-235b-a22b/camera/third_score_document.txt,standard,10,[[10]]
qwen3-235b-a22b/buckling/third_score_reference.txt,standard,34,[[34]]
qwen3-235b-a22b/buckling/third_score_reference_document.txt,standard,3,[[3]]
qwen3-235b-a22b/buckling/first_score_document.txt,standard,35,[[35]]
qwen3-235b-a22b/buckling/first_score_reference.txt,standard,57,[[57]]
qwen3-235b-a22b/buckling/second_score_reference.txt,standard,None,[[0]]
qwen3-235b-a22b/buckling/first_score_reference_document.txt,standard,3,[[3]]
qwen3-235b-a22b/buckling/second_score_reference_document.txt,standard,80,[[80]]
qwen3-235b-a22b/buckling/second_score_document.txt,standard,48,[[48]]
qwen3-235b-a22b/buckling/third_score_document.txt,standard,40,[[40]]
qwen3-235b-a22b/gator/third_score_reference.txt,standard,23,[[23]]
qwen3-235b-a22b/gator/third_score_reference_document.txt,standard,60,[[60]]
qwen3-235b-a22b/gator/first_score_document.txt,standard,71,[[71]]
qwen3-235b-a22b/gator/first_score_reference.txt,standard,65,[[65]]
qwen3-235b-a22b/gator/second_score_reference.txt,standard,67,[[67]]
qwen3-235b-a22b/gator/first_score_reference_document.txt,standard,21,[[21]]
qwen3-235b-a22b/gator/second_score_reference_document.txt,standard,64,[[64]]
qwen3-235b-a22b/gator/second_score_document.txt,standard,53,[[53]]
qwen3-235b-a22b/gator/third_score_document.txt,standard,72,[[72]]
qwen3-235b-a22b/slider_crank/third_score_reference.txt,standard,40,[[40]]
qwen3-235b-a22b/slider_crank/third_score_reference_document.txt,standard,55,[[55]]
qwen3-235b-a22b/slider_crank/first_score_document.txt,standard,70,[[70]]
qwen3-235b-a22b/slider_crank/first_score_reference.txt,standard,65,[[65]]
qwen3-235b-a22b/slider_crank/second_score_reference.txt,standard,95,[[95]]
qwen3-235b-a22b/slider_crank/first_score_reference_document.txt,standard,17,[[17]]
qwen3-235b-a22b/slider_crank/second_score_reference_document.txt,standard,62,[[62]]
qwen3-235b-a22b/slider_crank/second_score_document.txt,standard,47,[[47]]
qwen3-235b-a22b/slider_crank/third_score_document.txt,standard,9,[[9]]
qwen3-235b-a22b/feda/third_score_reference.txt,standard,87,[[87]]
qwen3-235b-a22b/feda/third_score_reference_document.txt,standard,59,[[59]]
qwen3-235b-a22b/feda/first_score_document.txt,standard,30,[[30]]
qwen3-235b-a22b/feda/first_score_reference.txt,standard,37,[[37]]
qwen3-235b-a22b/feda/second_score_reference.txt,standard,83,[[83]]
qwen3-235b-a22b/feda/first_score_reference_document.txt,standard,14,[[14]]
qwen3-235b-a22b/feda/second_score_reference_document.txt,standard,55,[[55]]
qwen3-235b-a22b/feda/second_score_document.txt,standard,80,[[80]]
qwen3-235b-a22b/feda/third_score_document.txt,standard,69,[[69]]
llama4_maverick/scm/third_score_reference.txt,standard,80,[[80]]
llama4_maverick/scm/third_score_reference_document.txt,standard,12,[[12]]
llama4_maverick/scm/first_score_document.txt,standard,75,[[75]]
llama4_maverick/scm/first_score_reference.txt,standard,60,[[60]]
llama4_maverick/scm/second_score_reference.txt,standard,31,[[31]]
llama4_maverick/scm/first_score_reference_document.txt,standard,12,[[12]]
llama4_maverick/scm/second_score_reference_document.txt,standard,22,[[22]]
llama4_maverick/scm/second_score_document.txt,standard,61,[[61]]
llama4_maverick/scm/third_score_document.txt,standard,69,[[69]]
llama4_maverick/citybus/third_score_reference.txt,standard,84,[[84]]
llama4_maverick/citybus/third_score_reference_document.txt,standard,67,[[67]]
llama4_maverick/citybus/first_score_document.txt,standard,67,[[67]]
llama4_maverick/citybus/first_score_reference.txt,standard,57,[[57]]
llama4_maverick/citybus/second_score_reference.txt,standard,68,[[68]]
llama4_maverick/citybus/first_score_reference_document.txt,standard,59,[[59]]
llama4_maverick/citybus/second_score_reference_document.txt,standard,97,[[97]]
llama4_maverick/citybus/second_score_document.txt,standard,33,[[33]]
llama4_maverick/citybus/third_score_document.txt,standard,76,[[76]]
llama4_maverick/gps_imu/third_score_reference.txt,standard,100,[[100]]
llama4_maverick/gps_imu/third_score_reference_document.txt,standard,55,[[55]]
llama4_maverick/gps_imu/first_score_document.txt,standard,None,[[0]]
llama4_maverick/gps_imu/first_score_reference.txt,standard,17,[[17]]
llama4_maverick/gps_imu/second_score_reference.txt,standard,50,[[50]]
llama4_maverick/gps_imu/first_score_reference_document.txt,standard,17,[[17]]
llama4_maverick/gps_imu/second_score_reference_document.txt,standard,55,[[55]]
llama4_maverick/gps_imu/second_score_document.txt,standard,78,[[78]]
llama4_maverick/gps_imu/third_score_document.txt,standard,91,[[91]]
llama4_maverick/rotor/third_score_reference.txt,standard,98,[[98]]
llama4_maverick/rotor/third_score_reference_document.txt,standard,75,[[75]]
llama4_maverick/rotor/first_score_document.txt,standard,54,[[54]]
llama4_maverick/rotor/first_score_reference.txt,standard,21,[[21]]
llama4_maverick/rotor/second_score_reference.txt,standard,38,[[38]]
llama4_maverick/rotor/first_score_reference_document.txt,standard,78,[[78]]
llama4_maverick/rotor/second_score_reference_document.txt,standard,55,[[55]]
llama4_maverick/rotor/second_score_document.txt,standard,6,[[6]]
llama4_maverick/rotor/third_score_document.txt,standard,60,[[60]]
llama4_maverick/rigid_multipatches/third_score_reference.txt,standard,91,[[91]]
llama4_maverick/rigid_multipatches/third_score_reference_document.txt,standard,75,[[75]]
llama4_maverick/rigid_multipatches/first_score_document.txt,standard,37,[[37]]
llama4_maverick/rigid_multipatches/first_score_reference.txt,standard,18,[[18]]
llama4_maverick/rigid_multipatches/second_score_reference.txt,standard,68,[[68]]
llama4_maverick/rigid_multipatches/first_score_reference_document.txt,standard,7,[[7]]
llama4_maverick/rigid_multipatches/second_score_reference_document.txt,standard,64,[[64]]
llama4_maverick/rigid_multipatches/second_score_document.txt,standard,42,[[42]]
llama4_maverick/rigid_multipatches/third_score_document.txt,standard,80,[[80]]
llama4_maverick/cable/third_score_reference.txt,standard,62,[[62]]
llama4_maverick/cable/third_score_reference_document.txt,standard,72,[[72]]
llama4_maverick/cable/first_score_document.txt,standard,5,[[5]]
llama4_maverick/cable/first_score_reference.txt,standard,19,[[19]]
llama4_maverick/cable/second_score_reference.txt,standard,100,[[100]]
llama4_maverick/cable/first_score_reference_document.txt,standard,59,[[59]]
llama4_maverick/cable/second_score_reference_document.txt,standard,92,[[92]]
llama4_maverick/cable/second_score_document.txt,standard,59,[[59]]
llama4_maverick/cable/third_score_document.txt,standard,12,[[12]]
llama4_maverick/sensros/third_score_reference.txt,standard,29,[[29]]
llama4_maverick/sensros/third_score_reference_document.txt,standard,37,[[37]]
llama4_maverick/sensros/first_score_document.txt,standard,39,[[39]]
llama4_maverick/sensros/first_score_reference.txt,standard,72,[[72]]
llama4_maverick/sensros/second_score_reference.txt,standard,68,[[68]]
llama4_maverick/sensros/first_score_reference_document.txt,standard,2,[[2]]
llama4_maverick/sensros/second_score_reference_document.txt,standard,20,[[20]]
llama4_maverick/sensros/second_score_document.txt,standard,84,[[84]]
llama4_maverick/sensros/third_score_document.txt,standard,75,[[75]]
llama4_maverick/scm_hill/third_score_reference.txt,standard,50,[[50]]
llama4_maverick/scm_hill/third_score_reference_document.txt,standard,62,[[62]]
llama4_maverick/scm_hill/first_score_document.txt,standard,68,[[68]]
llama4_maverick/scm_hill/first_score_reference.txt,standard,35,[[35]]
llama4_maverick/scm_hill/second_score_reference.txt,standard,72,[[72]]
llama4_maverick/scm_hill/first_score_reference_document.txt,standard,59,[[59]]
llama4_maverick/scm_hill/second_score_reference_document.txt,standard,24,[[24]]
llama4_maverick/scm_hill/second_score_document.txt,standard,66,[[66]]
llama4_maverick/scm_hill/third_score_document.txt,standard,43,[[43]]
llama4_maverick/veh_app/third_score_reference.txt,standard,95,[[95]]
llama4_maverick/veh_app/third_score_reference_document.txt,standard,58,[[58]]
llama4_maverick/veh_app/first_score_document.txt,standard,11,[[11]]
llama4_maverick/veh_app/first_score_reference.txt,standard,56,[[56]]
llama4_maverick/veh_app/second_score_reference.txt,standard,40,[[40]]
llama4_maverick/veh_app/first_score_reference_document.txt,standard,12,[[12]]
llama4_maverick/veh_app/second_score_reference_document.txt,standard,11,[[11]]
llama4_maverick/veh_app/second_score_document.txt,standard,38,[[38]]
llama4_maverick/veh_app/third_score_document.txt,standard,47,[[47]]
llama4_maverick/gear/third_score_reference.txt,standard,69,[[69]]
llama4_maverick/gear/third_score_reference_document.txt,standard,52,[[52]]
llama4_maverick/gear/first_score_document.txt,standard,46,[[46]]
llama4_maverick/gear/first_score_reference.txt,standard,27,[[27]]
llama4_maverick/gear/second_score_reference.txt,standard,37,[[37]]
llama4_maverick/gear/first_score_reference_document.txt,standard,35,[[35]]
llama4_maverick/gear/second_score_reference_document.txt,standard,68,[[68]]
llama4_maverick/gear/second_score_document.txt,standard,85,[[85]]
llama4_maverick/gear/third_score_document.txt,standard,83,[[83]]
llama4_maverick/art/third_score_reference.txt,standard,77,[[77]]
llama4_maverick/art/third_score_reference_document.txt,standard,55,[[55]]
llama4_maverick/art/first_score_document.txt,standard,None,[[0]]
llama4_maverick/art/first_score_reference.txt,standard,32,[[32]]
llama4_maverick/art/second_score_reference.txt,standard,77,[[77]]
llama4_maverick/art/first_score_reference_document.txt,standard,20,[[20]]
llama4_maverick/art/second_score_reference_document.txt,standard,70,[[70]]
llama4_maverick/art/second_score_document.txt,standard,85,[[85]]
llama4_maverick/art/third_score_document.txt,standard,81,[[81]]
llama4_maverick/man/third_score_reference.txt,standard,83,[[83]]
llama4_maverick/man/third_score_reference_document.txt,standard,53,[[53]]
llama4_maverick/man/first_score_document.txt,standard,33,[[33]]
llama4_maverick/man/first_score_reference.txt,standard,40,[[40]]
llama4_maverick/man/second_score_reference.txt,standard,68,[[68]]
llama4_maverick/man/first_score_reference_document.txt,standard,57,[[57]]
llama4_maverick/man/second_score_reference_document.txt,standard,45,[[45]]
llama4_maverick/man/second_score_document.txt,standard,70,[[70]]
llama4_maverick/man/third_score_document.txt,standard,61,[[61]]
llama4_maverick/curiosity/third_score_reference.txt,standard,82,[[82]]
llama4_maverick/curiosity/third_score_reference_document.txt,standard,63,[[63]]
llama4_maverick/curiosity/first_score_document.txt,standard,77,[[77]]
llama4_maverick/curiosity/first_score_reference.txt,standard,33,[[33]]
llama4_maverick/curiosity/second_score_reference.txt,standard,83,[[83]]
llama4_maverick/curiosity/first_score_reference_document.txt,standard,17,[[17]]
llama4_maverick/curiosity/second_score_reference_document.txt,standard,67,[[67]]
llama4_maverick/curiosity/second_score_document.txt,standard,60,[[60]]
llama4_maverick/curiosity/third_score_document.txt,standard,32,[[32]]
llama4_maverick/vehros/third_score_reference.txt,standard,79,[[79]]
llama4_maverick/vehros/third_score_reference_document.txt,standard,34,[[34]]
llama4_maverick/vehros/first_score_document.txt,standard,55,[[55]]
llama4_maverick/vehros/first_score_reference.txt,standard,20,[[20]]
llama4_maverick/vehros/second_score_reference.txt,standard,73,[[73]]
llama4_maverick/vehros/first_score_reference_document.txt,standard,52,[[52]]
llama4_maverick/vehros/second_score_reference_document.txt,standard,59,[[59]]
llama4_maverick/vehros/second_score_document.txt,standard,77,[[77]]
llama4_maverick/vehros/third_score_document.txt,standard,63,[[63]]
llama4_maverick/uazbus/third_score_reference.txt,standard,47,[[47]]
llama4_maverick/uazbus/third_score_reference_document.txt,standard,64,[[64]]
llama4_maverick/uazbus/first_score_document.txt,standard,36,[[36]]
llama4_maverick/uazbus/first_score_reference.txt,standard,38,[[38]]
llama4_maverick/uazbus/second_score_reference.txt,standard,50,[[50]]
llama4_maverick/uazbus/first_score_reference_document.txt,standard,51,[[51]]
llama4_maverick/uazbus/second_score_reference_document.txt,standard,42,[[42]]
llama4_maverick/uazbus/second_score_document.txt,standard,75,[[75]]
llama4_maverick/uazbus/third_score_document.txt,standard,33,[[33]]
llama4_maverick/handler/third_score_reference.txt,standard,40,[[40]]
llama4_maverick/handler/third_score_reference_document.txt,standard,4,[[4]]
llama4_maverick/handler/first_score_document.txt,standard,66,[[66]]
llama4_maverick/handler/first_score_reference.txt,standard,3,[[3]]
llama4_maverick/handler/second_score_reference.txt,standard,75,[[75]]
llama4_maverick/handler/first_score_reference_document.txt,standard,45,[[45]]
llama4_maverick/handler/second_score_reference_document.txt,standard,22,[[22]]
llama4_maverick/handler/second_score_document.txt,standard,55,[[55]]
llama4_maverick/handler/third_score_document.txt,standard,26,[[26]]
llama4_maverick/beam/third_score_reference.txt,standard,97,[[97]]
llama4_maverick/beam/third_score_reference_document.txt,standard,33,[[33]]
llama4_maverick/beam/first_score_document.txt,standard,60,[[60]]
llama4_maverick/beam/first_score_reference.txt,standard,60,[[60]]
llama4_maverick/beam/second_score_reference.txt,standard,92,[[92]]
llama4_maverick/beam/first_score_reference_document.txt,standard,34,[[34]]
llama4_maverick/beam/second_score_reference_document.txt,standard,55,[[55]]
llama4_maverick/beam/second_score_document.txt,standard,43,[[43]]
llama4_maverick/beam/third_score_document.txt,standard,62,[[62]]
llama4_maverick/particles/third_score_reference.txt,standard,40,[[40]]
llama4_maverick/particles/third_score_reference_document.txt,standard,66,[[66]]
llama4_maverick/particles/first_score_document.txt,standard,50,[[50]]
llama4_maverick/particles/first_score_reference.txt,standard,17,[[17]]
llama4_maverick/particles/second_score_reference.txt,standard,82,[[82]]
llama4_maverick/particles/first_score_reference_document.txt,standard,51,[[51]]
llama4_maverick/particles/second_score_reference_document.txt,standard,76,[[76]]
llama4_maverick/particles/second_score_document.txt,standard,27,[[27]]
llama4_maverick/particles/third_score_document.txt,standard,36,[[36]]
llama4_maverick/m113/third_score_reference.txt,standard,73,[[73]]
llama4_maverick/m113/third_score_reference_document.txt,standard,38,[[38]]
llama4_maverick/m113/first_score_document.txt,standard,13,[[13]]
llama4_maverick/m113/first_score_reference.txt,standard,70,[[70]]
llama4_maverick/m113/second_score_reference.txt,standard,65,[[65]]
llama4_maverick/m113/first_score_reference_document.txt,standard,None,[[0]]
llama4_maverick/m113/second_score_reference_document.txt,standard,50,[[50]]
llama4_maverick/m113/second_score_document.txt,standard,73,[[73]]
llama4_maverick/m113/third_score_document.txt,standard,63,[[63]]
llama4_maverick/sedan/third_score_reference.txt,standard,22,[[22]]
llama4_maverick/sedan/third_score_reference_document.txt,standard,52,[[52]]
llama4_maverick/sedan/first_score_document.txt,standard,8,[[8]]
llama4_maverick/sedan/first_score_reference.txt,standard,50,[[50]]
llama4_maverick/sedan/second_score_reference.txt,standard,76,[[76]]
llama4_maverick/sedan/first_score_reference_document.txt,standard,50,[[50]]
llama4_maverick/sedan/second_score_reference_document.txt,standard,53,[[53]]
llama4_maverick/sedan/second_score_document.txt,standard,31,[[31]]
llama4_maverick/sedan/third_score_document.txt,standard,29,[[29]]
llama4_maverick/viper/third_score_reference.txt,standard,64,[[64]]
llama4_maverick/viper/third_score_reference_document.txt,standard,50,[[50]]
llama4_maverick/viper/first_score_document.txt,standard,25,[[25]]
llama4_maverick/viper/first_score_reference.txt,standard,27,[[27]]
llama4_maverick/viper/second_score_reference.txt,standard,100,[[100]]
llama4_maverick/viper/first_score_reference_document.txt,standard,42,[[42]]
llama4_maverick/viper/second_score_reference_document.txt,standard,75,[[75]]
llama4_maverick/viper/second_score_document.txt,standard,19,[[19]]
llama4_maverick/viper/third_score_document.txt,standard,49,[[49]]
llama4_maverick/lidar/third_score_reference.txt,standard,81,[[81]]
llama4_maverick/lidar/third_score_reference_document.txt,standard,63,[[63]]
llama4_maverick/lidar/first_score_document.txt,standard,63,[[63]]
llama4_maverick/lidar/first_score_reference.txt,standard,43,[[43]]
llama4_maverick/lidar/second_score_reference.txt,standard,1,[[1]]
llama4_maverick/lidar/first_score_reference_document.txt,standard,21,[[21]]
llama4_maverick/lidar/second_score_reference_document.txt,standard,47,[[47]]
llama4_maverick/lidar/second_score_document.txt,standard,82,[[82]]
llama4_maverick/lidar/third_score_document.txt,standard,23,[[23]]
llama4_maverick/rigid_highway/third_score_reference.txt,standard,35,[[35]]
llama4_maverick/rigid_highway/third_score_reference_document.txt,standard,58,[[58]]
llama4_maverick/rigid_highway/first_score_document.txt,standard,35,[[35]]
llama4_maverick/rigid_highway/first_score_reference.txt,standard,60,[[60]]
llama4_maverick/rigid_highway/second_score_reference.txt,standard,20,[[20]]
llama4_maverick/rigid_highway/first_score_reference_document.txt,standard,25,[[25]]
llama4_maverick/rigid_highway/second_score_reference_document.txt,standard,40,[[40]]
llama4_maverick/rigid_highway/second_score_document.txt,standard,53,[[53]]
llama4_maverick/rigid_highway/third_score_document.txt,standard,71,[[71]]
llama4_maverick/pendulum/third_score_reference.txt,standard,82,[[82]]
llama4_maverick/pendulum/third_score_reference_document.txt,standard,11,[[11]]
llama4_maverick/pendulum/first_score_document.txt,standard,4,[[4]]
llama4_maverick/pendulum/first_score_reference.txt,standard,17,[[17]]
llama4_maverick/pendulum/second_score_reference.txt,standard,52,[[52]]
llama4_maverick/pendulum/first_score_reference_document.txt,standard,14,[[14]]
llama4_maverick/pendulum/second_score_reference_document.txt,standard,56,[[56]]
llama4_maverick/pendulum/second_score_document.txt,standard,78,[[78]]
llama4_maverick/pendulum/third_score_document.txt,standard,30,[[30]]
llama4_maverick/hmmwv/third_score_reference.txt,standard,80,[[80]]
llama4_maverick/hmmwv/third_score_reference_document.txt,standard,27,[[27]]
llama4_maverick/hmmwv/first_score_document.txt,standard,87,[[87]]
llama4_maverick/hmmwv/first_score_reference.txt,standard,61,[[61]]
llama4_maverick/hmmwv/second_score_reference.txt,standard,92,[[92]]
llama4_maverick/hmmwv/first_score_reference_document.txt,standard,1,[[1]]
llama4_maverick/hmmwv/second_score_reference_document.txt,standard,51,[[51]]
llama4_maverick/hmmwv/second_score_document.txt,standard,68,[[68]]
llama4_maverick/hmmwv/third_score_document.txt,standard,75,[[75]]
llama4_maverick/turtlebot/third_score_reference.txt,standard,55,[[55]]
llama4_maverick/turtlebot/third_score_reference_document.txt,standard,57,[[57]]
llama4_maverick/turtlebot/first_score_document.txt,standard,28,[[28]]
llama4_maverick/turtlebot/first_score_reference.txt,standard,22,[[22]]
llama4_maverick/turtlebot/second_score_reference.txt,standard,73,[[73]]
llama4_maverick/turtlebot/first_score_reference_document.txt,standard,44,[[44]]
llama4_maverick/turtlebot/second_score_reference_document.txt,standard,35,[[35]]
llama4_maverick/turtlebot/second_score_document.txt,standard,None,[[0]]
llama4_maverick/turtlebot/third_score_document.txt,standard,34,[[34]]
llama4_maverick/mass_spring_damper/third_score_reference.txt,standard,33,[[33]]
llama4_maverick/mass_spring_damper/third_score_reference_document.txt,standard,42,[[42]]
llama4_maverick/mass_spring_damper/first_score_document.txt,standard,76,[[76]]
llama4_maverick/mass_spring_damper/first_score_reference.txt,standard,32,[[32]]
llama4_maverick/mass_spring_damper/second_score_reference.txt,standard,97,[[97]]
llama4_maverick/mass_spring_damper/first_score_reference_document.txt,standard,40,[[40]]
llama4_maverick/mass_spring_damper/second_score_reference_document.txt,standard,64,[[64]]
llama4_maverick/mass_spring_damper/second_score_document.txt,standard,94,[[94]]
llama4_maverick/mass_spring_damper/third_score_document.txt,standard,54,[[54]]
llama4_maverick/tablecloth/third_score_reference.txt,standard,73,[[73]]
llama4_maverick/tablecloth/third_score_reference_document.txt,standard,27,[[27]]
llama4_maverick/tablecloth/first_score_document.txt,standard,39,[[39]]
llama4_maverick/tablecloth/first_score_reference.txt,standard,58,[[58]]
llama4_maverick/tablecloth/second_score_reference.txt,standard,73,[[73]]
llama4_maverick/tablecloth/first_score_reference_document.txt,standard,59,[[59]]
llama4_maverick/tablecloth/second_score_reference_document.txt,standard,7,[[7]]
llama4_maverick/tablecloth/second_score_document.txt,standard,17,[[17]]
llama4_maverick/tablecloth/third_score_document.txt,standard,4,[[4]]
llama4_maverick/kraz/third_score_reference.txt,standard,59,[[59]]
llama4_maverick/kraz/third_score_reference_document.txt,standard,27,[[27]]
llama4_maverick/kraz/first_score_document.txt,standard,57,[[57]]
llama4_maverick/kraz/first_score_reference.txt,standard,6,[[6]]
llama4_maverick/kraz/second_score_reference.txt,standard,22,[[22]]
llama4_maverick/kraz/first_score_reference_document.txt,standard,10,[[10]]
llama4_maverick/kraz/second_score_reference_document.txt,standard,55,[[55]]
llama4_maverick/kraz/second_score_document.txt,standard,92,[[92]]
llama4_maverick/kraz/third_score_document.txt,standard,71,[[71]]
llama4_maverick/camera/third_score_reference.txt,standard,5,[[5]]
llama4_maverick/camera/third_score_reference_document.txt,standard,12,[[12]]
llama4_maverick/camera/first_score_document.txt,standard,60,[[60]]
llama4_maverick/camera/first_score_reference.txt,standard,59,[[59]]
llama4_maverick/camera/second_score_reference.txt,standard,55,[[55]]
llama4_maverick/camera/first_score_reference_document.txt,standard,32,[[32]]
llama4_maverick/camera/second_score_reference_document.txt,standard,59,[[59]]
llama4_maverick/camera/second_score_document.txt,standard,32,[[32]]
llama4_maverick/camera/third_score_document.txt,standard,78,[[78]]
llama4_maverick/buckling/third_score_reference.txt,standard,33,[[33]]
llama4_maverick/buckling/third_score_reference_document.txt,standard,39,[[39]]
llama4_maverick/buckling/first_score_document.txt,standard,36,[[36]]
llama4_maverick/buckling/first_score_reference.txt,standard,54,[[54]]
llama4_maverick/buckling/second_score_reference.txt,standard,100,[[100]]
llama4_maverick/buckling/first_score_reference_document.txt,standard,9,[[9]]
llama4_maverick/buckling/second_score_reference_document.txt,standard,71,[[71]]
llama4_maverick/buckling/second_score_document.txt,standard,86,[[86]]
llama4_maverick/buckling/third_score_document.txt,standard,43,[[43]]
llama4_maverick/gator/third_score_reference.txt,standard,83,[[83]]
llama4_maverick/gator/third_score_reference_document.txt,standard,81,[[81]]
llama4_maverick/gator/first_score_document.txt,standard,37,[[37]]
llama4_maverick/gator/first_score_reference.txt,standard,61,[[61]]
llama4_maverick/gator/second_score_reference.txt,standard,83,[[83]]
llama4_maverick/gator/first_score_reference_document.txt,standard,2,[[2]]
llama4_maverick/gator/second_score_reference_document.txt,standard,42,[[42]]
llama4_maverick/gator/second_score_document.txt,standard,76,[[76]]
llama4_maverick/gator/third_score_document.txt,standard,80,[[80]]
llama4_maverick/slider_crank/third_score_reference.txt,standard,63,[[63]]
llama4_maverick/slider_crank/third_score_reference_document.txt,standard,30,[[30]]
llama4_maverick/slider_crank/first_score_document.txt,standard,48,[[48]]
llama4_maverick/slider_crank/first_score_reference.txt,standard,58,[[58]]
llama4_maverick/slider_crank/second_score_reference.txt,standard,98,[[98]]
llama4_maverick/slider_crank/first_score_reference_document.txt,standard,17,[[17]]
llama4_maverick/slider_crank/second_score_reference_document.txt,standard,85,[[85]]
llama4_maverick/slider_crank/second_score_document.txt,standard,34,[[34]]
llama4_maverick/slider_crank/third_score_document.txt,standard,7,[[7]]
llama4_maverick/feda/third_score_reference.txt,standard,60,[[60]]
llama4_maverick/feda/third_score_reference_document.txt,standard,2,[[2]]
llama4_maverick/feda/first_score_document.txt,standard,53,[[53]]
llama4_maverick/feda/first_score_reference.txt,standard,75,[[75]]
llama4_maverick/feda/second_score_reference.txt,standard,83,[[83]]
llama4_maverick/feda/first_score_reference_document.txt,standard,62,[[62]]
llama4_maverick/feda/second_score_reference_document.txt,standard,15,[[15]]
llama4_maverick/feda/second_score_document.txt,standard,88,[[88]]
llama4_maverick/feda/third_score_document.txt,standard,69,[[69]]
llama-3.1-70b-instruct/scm/third_score_reference.txt,standard,58,[[58]]
llama-3.1-70b-instruct/scm/third_score_reference_document.txt,standard,60,[[60]]
llama-3.1-70b-instruct/scm/first_score_document.txt,standard,54,[[54]]
llama-3.1-70b-instruct/scm/first_score_reference.txt,standard,35,[[35]]
llama-3.1-70b-instruct/scm/second_score_reference.txt,standard,80,[[80]]
llama-3.1-70b-instruct/scm/first_score_reference_document.txt,standard,65,[[65]]
llama-3.1-70b-instruct/scm/second_score_reference_document.txt,standard,62,[[62]]
llama-3.1-70b-instruct/scm/second_score_document.txt,standard,62,[[62]]
llama-3.1-70b-instruct/scm/third_score_document.txt,standard,None,[[0]]
llama-3.1-70b-instruct/citybus/third_score_reference.txt,standard,34,[[34]]
llama-3.1-70b-instruct/citybus/third_score_reference_document.txt,standard,73,[[73]]
llama-3.1-70b-instruct/citybus/first_score_document.txt,standard,21,[[21]]
llama-3.1-70b-instruct/citybus/first_score_reference.txt,standard,23,[[23]]
llama-3.1-70b-instruct/citybus/second_score_reference.txt,standard,35,[[35]]
llama-3.1-70b-instruct/citybus/first_score_reference_document.txt,standard,67,[[67]]
llama-3.1-70b-instruct/citybus/second_score_reference_document.txt,standard,80,[[80]]
llama-3.1-70b-instruct/citybus/second_score_document.txt,standard,16,[[16]]
llama-3.1-70b-instruct/citybus/third_score_document.txt,standard,52,[[52]]
llama-3.1-70b-instruct/gps_imu/third_score_reference.txt,standard,17,[[17]]
llama-3.1-70b-instruct/gps_imu/third_score_reference_document.txt,standard,23,[[23]]
llama-3.1-70b-instruct/gps_imu/first_score_document.txt,standard,18,[[18]]
llama-3.1-70b-instruct/gps_imu/first_score_reference.txt,standard,19,[[19]]
llama-3.1-70b-instruct/gps_imu/second_score_reference.txt,standard,90,[[90]]
llama-3.1-70b-instruct/gps_imu/first_score_reference_document.txt,standard,13,[[13]]
llama-3.1-70b-instruct/gps_imu/second_score_reference_document.txt,standard,60,[[60]]
llama-3.1-70b-instruct/gps_imu/second_score_document.txt,standard,67,[[67]]
llama-3.1-70b-instruct/gps_imu/third_score_document.txt,standard,78,[[78]]
llama-3.1-70b-instruct/rotor/third_score_reference.txt,standard,81,[[81]]
llama-3.1-70b-instruct/rotor/third_score_reference_document.txt,standard,59,[[59]]
llama-3.1-70b-instruct/rotor/first_score_document.txt,standard,19,[[19]]
llama-3.1-70b-instruct/rotor/first_score_reference.txt,standard,None,[[0]]
llama-3.1-70b-instruct/rotor/second_score_reference.txt,standard,30,[[30]]
llama-3.1-70b-instruct/rotor/first_score_reference_document.txt,standard,14,[[14]]
llama-3.1-70b-instruct/rotor/second_score_reference_document.txt,standard,87,[[87]]
llama-3.1-70b-instruct/rotor/second_score_document.txt,standard,80,[[80]]
llama-3.1-70b-instruct/rotor/third_score_document.txt,standard,67,[[67]]
llama-3.1-70b-instruct/rigid_multipatches/third_score_reference.txt,standard,85,[[85]]
llama-3.1-70b-instruct/rigid_multipatches/third_score_reference_document.txt,standard,36,[[36]]
llama-3.1-70b-instruct/rigid_multipatches/first_score_document.txt,standard,80,[[80]]
llama-3.1-70b-instruct/rigid_multipatches/first_score_reference.txt,standard,8,[[8]]
llama-3.1-70b-instruct/rigid_multipatches/second_score_reference.txt,standard,57,[[57]]
llama-3.1-70b-instruct/rigid_multipatches/first_score_reference_document.txt,standard,60,[[60]]
llama-3.1-70b-instruct/rigid_multipatches/second_score_reference_document.txt,standard,39,[[39]]
llama-3.1-70b-instruct/rigid_multipatches/second_score_document.txt,standard,53,[[53]]
llama-3.1-70b-instruct/rigid_multipatches/third_score_document.txt,standard,79,[[79]]
llama-3.1-70b-instruct/cable/third_score_reference.txt,standard,58,[[58]]
llama-3.1-70b-instruct/cable/third_score_reference_document.txt,standard,57,[[57]]
llama-3.1-70b-instruct/cable/first_score_document.txt,standard,12,[[12]]
llama-3.1-70b-instruct/cable/first_score_reference.txt,standard,55,[[55]]
llama-3.1-70b-instruct/cable/second_score_reference.txt,standard,98,[[98]]
llama-3.1-70b-instruct/cable/first_score_reference_document.txt,standard,47,[[47]]
llama-3.1-70b-instruct/cable/second_score_reference_document.txt,standard,78,[[78]]
llama-3.1-70b-instruct/cable/second_score_document.txt,standard,19,[[19]]
llama-3.1-70b-instruct/cable/third_score_document.txt,standard,78,[[78]]
llama-3.1-70b-instruct/sensros/third_score_reference.txt,standard,80,[[80]]
llama-3.1-70b-instruct/sensros/third_score_reference_document.txt,standard,30,[[30]]
llama-3.1-70b-instruct/sensros/first_score_document.txt,standard,29,[[29]]
llama-3.1-70b-instruct/sensros/first_score_reference.txt,standard,42,[[42]]
llama-3.1-70b-instruct/sensros/second_score_reference.txt,standard,65,[[65]]
llama-3.1-70b-instruct/sensros/first_score_reference_document.txt,standard,24,[[24]]
llama-3.1-70b-instruct/sensros/second_score_reference_document.txt,standard,55,[[55]]
llama-3.1-70b-instruct/sensros/second_score_document.txt,standard,63,[[63]]
llama-3.1-70b-instruct/sensros/third_score_document.txt,standard,40,[[40]]
llama-3.1-70b-instruct/scm_hill/third_score_reference.txt,standard,72,[[72]]
llama-3.1-70b-instruct/scm_hill/third_score_reference_document.txt,standard,23,[[23]]
llama-3.1-70b-instruct/scm_hill/first_score_document.txt,standard,22,[[22]]
llama-3.1-70b-instruct/scm_hill/first_score_reference.txt,standard,62,[[62]]
llama-3.1-70b-instruct/scm_hill/second_score_reference.txt,standard,58,[[58]]
llama-3.1-70b-instruct/scm_hill/first_score_reference_document.txt,standard,8,[[8]]
llama-3.1-70b-instruct/scm_hill/second_score_reference_document.txt,standard,29,[[29]]
llama-3.1-70b-instruct/scm_hill/second_score_document.txt,standard,34,[[34]]
llama-3.1-70b-instruct/scm_hill/third_score_document.txt,standard,17,[[17]]
llama-3.1-70b-instruct/veh_app/third_score_reference.txt,standard,67,[[67]]
llama-3.1-70b-instruct/veh_app/third_score_reference_document.txt,standard,30,[[30]]
llama-3.1-70b-instruct/veh_app/first_score_document.txt,standard,57,[[57]]
llama-3.1-70b-instruct/veh_app/first_score_reference.txt,standard,53,[[53]]
llama-3.1-70b-instruct/veh_app/second_score_reference.txt,standard,70,[[70]]
llama-3.1-70b-instruct/veh_app/first_score_reference_document.txt,standard,17,[[17]]
llama-3.1-70b-instruct/veh_app/second_score_reference_document.txt,standard,27,[[27]]
llama-3.1-70b-instruct/veh_app/second_score_document.txt,standard,94,[[94]]
llama-3.1-70b-instruct/veh_app/third_score_document.txt,standard,43,[[43]]
llama-3.1-70b-instruct/gear/third_score_reference.txt,standard,16,[[16]]
llama-3.1-70b-instruct/gear/third_score_reference_document.txt,standard,100,[[100]]
llama-3.1-70b-instruct/gear/first_score_document.txt,standard,52,[[52]]
llama-3.1-70b-instruct/gear/first_score_reference.txt,standard,24,[[24]]
llama-3.1-70b-instruct/gear/second_score_reference.txt,standard,100,[[100]]
llama-3.1-70b-instruct/gear/first_score_reference_document.txt,standard,53,[[53]]
llama-3.1-70b-instruct/gear/second_score_reference_document.txt,standard,88,[[88]]
llama-3.1-70b-instruct/gear/second_score_document.txt,standard,44,[[44]]
llama-3.1-70b-instruct/gear/third_score_document.txt,standard,51,[[51]]
llama-3.1-70b-instruct/art/third_score_reference.txt,standard,20,[[20]]
llama-3.1-70b-instruct/art/third_score_reference_document.txt,standard,16,[[16]]
llama-3.1-70b-instruct/art/first_score_document.txt,standard,22,[[22]]
llama-3.1-70b-instruct/art/first_score_reference.txt,standard,None,[[0]]
llama-3.1-70b-instruct/art/second_score_reference.txt,standard,38,[[38]]
llama-3.1-70b-instruct/art/first_score_reference_document.txt,standard,None,[[0]]
llama-3.1-70b-instruct/art/second_score_reference_document.txt,standard,8,[[8]]
llama-3.1-70b-instruct/art/second_score_document.txt,standard,63,[[63]]
llama-3.1-70b-instruct/art/third_score_document.txt,standard,74,[[74]]
llama-3.1-70b-instruct/man/third_score_reference.txt,standard,67,[[67]]
llama-3.1-70b-instruct/man/third_score_reference_document.txt,standard,59,[[59]]
llama-3.1-70b-instruct/man/first_score_document.txt,standard,None,[[0]]
llama-3.1-70b-instruct/man/first_score_reference.txt,standard,5,[[5]]
llama-3.1-70b-instruct/man/second_score_reference.txt,standard,99,[[99]]
llama-3.1-70b-instruct/man/first_score_reference_document.txt,standard,62,[[62]]
llama-3.1-70b-instruct/man/second_score_reference_document.txt,standard,29,[[29]]
llama-3.1-70b-instruct/man/second_score_document.txt,standard,62,[[62]]
llama-3.1-70b-instruct/man/third_score_document.txt,standard,61,[[61]]
llama-3.1-70b-instruct/curiosity/third_score_reference.txt,standard,65,[[65]]
llama-3.1-70b-instruct/curiosity/third_score_reference_document.txt,standard,72,[[72]]
llama-3.1-70b-instruct/curiosity/first_score_document.txt,standard,2,[[2]]
llama-3.1-70b-instruct/curiosity/first_score_reference.txt,standard,None,[[0]]
llama-3.1-70b-instruct/curiosity/second_score_reference.txt,standard,82,[[82]]
llama-3.1-70b-instruct/curiosity/first_score_reference_document.txt,standard,73,[[73]]
llama-3.1-70b-instruct/curiosity/second_score_reference_document.txt,standard,66,[[66]]
llama-3.1-70b-instruct/curiosity/second_score_document.txt,standard,24,[[24]]
llama-3.1-70b-instruct/curiosity/third_score_document.txt,standard,78,[[78]]
llama-3.1-70b-instruct/vehros/third_score_reference.txt,standard,81,[[81]]
llama-3.1-70b-instruct/vehros/third_score_reference_document.txt,standard,32,[[32]]
llama-3.1-70b-instruct/vehros/first_score_document.txt,standard,43,[[43]]
llama-3.1-70b-instruct/vehros/first_score_reference.txt,standard,15,[[15]]
llama-3.1-70b-instruct/vehros/second_score_reference.txt,standard,76,[[76]]
llama-3.1-70b-instruct/vehros/first_score_reference_document.txt,standard,19,[[19]]
llama-3.1-70b-instruct/vehros/second_score_reference_document.txt,standard,80,[[80]]
llama-3.1-70b-instruct/vehros/second_score_document.txt,standard,83,[[83]]
llama-3.1-70b-instruct/vehros/third_score_document.txt,standard,25,[[25]]
llama-3.1-70b-instruct/uazbus/third_score_reference.txt,standard,61,[[61]]
llama-3.1-70b-instruct/uazbus/third_score_reference_document.txt,standard,37,[[37]]
llama-3.1-70b-instruct/uazbus/first_score_document.txt,standard,40,[[40]]
llama-3.1-70b-instruct/uazbus/first_score_reference.txt,standard,44,[[44]]
llama-3.1-70b-instruct/uazbus/second_score_reference.txt,standard,18,[[18]]
llama-3.1-70b-instruct/uazbus/first_score_reference_document.txt,standard,51,[[51]]
llama-3.1-70b-instruct/uazbus/second_score_reference_document.txt,standard,32,[[32]]
llama-3.1-70b-instruct/uazbus/second_score_document.txt,standard,74,[[74]]
llama-3.1-70b-instruct/uazbus/third_score_document.txt,standard,67,[[67]]
llama-3.1-70b-instruct/handler/third_score_reference.txt,standard,55,[[55]]
llama-3.1-70b-instruct/handler/third_score_reference_document.txt,standard,42,[[42]]
llama-3.1-70b-instruct/handler/first_score_document.txt,standard,None,[[0]]
llama-3.1-70b-instruct/handler/first_score_reference.txt,standard,40,[[40]]
llama-3.1-70b-instruct/handler/second_score_reference.txt,standard,100,[[100]]
llama-3.1-70b-instruct/handler/first_score_reference_document.txt,standard,22,[[22]]
llama-3.1-70b-instruct/handler/second_score_reference_document.txt,standard,21,[[21]]
llama-3.1-70b-instruct/handler/second_score_document.txt,standard,75,[[75]]
llama-3.1-70b-instruct/handler/third_score_document.txt,standard,80,[[80]]
llama-3.1-70b-instruct/beam/third_score_reference.txt,standard,94,[[94]]
llama-3.1-70b-instruct/beam/third_score_reference_document.txt,standard,75,[[75]]
llama-3.1-70b-instruct/beam/first_score_document.txt,standard,41,[[41]]
llama-3.1-70b-instruct/beam/first_score_reference.txt,standard,54,[[54]]
llama-3.1-70b-instruct/beam/second_score_reference.txt,standard,85,[[85]]
llama-3.1-70b-instruct/beam/first_score_reference_document.txt,standard,51,[[51]]
llama-3.1-70b-instruct/beam/second_score_reference_document.txt,standard,100,[[100]]
llama-3.1-70b-instruct/beam/second_score_document.txt,standard,80,[[80]]
llama-3.1-70b-instruct/beam/third_score_document.txt,standard,9,[[9]]
llama-3.1-70b-instruct/particles/third_score_reference.txt,standard,20,[[20]]
llama-3.1-70b-instruct/particles/third_score_reference_document.txt,standard,68,[[68]]
llama-3.1-70b-instruct/particles/first_score_document.txt,standard,34,[[34]]
llama-3.1-70b-instruct/particles/first_score_reference.txt,standard,15,[[15]]
llama-3.1-70b-instruct/particles/second_score_reference.txt,standard,64,[[64]]
llama-3.1-70b-instruct/particles/first_score_reference_document.txt,standard,19,[[19]]
llama-3.1-70b-instruct/particles/second_score_reference_document.txt,standard,63,[[63]]
llama-3.1-70b-instruct/particles/second_score_document.txt,standard,55,[[55]]
llama-3.1-70b-instruct/particles/third_score_document.txt,standard,96,[[96]]
llama-3.1-70b-instruct/m113/third_score_reference.txt,standard,67,[[67]]
llama-3.1-70b-instruct/m113/third_score_reference_document.txt,standard,55,[[55]]
llama-3.1-70b-instruct/m113/first_score_document.txt,standard,32,[[32]]
llama-3.1-70b-instruct/m113/first_score_reference.txt,standard,11,[[11]]
llama-3.1-70b-instruct/m113/second_score_reference.txt,standard,71,[[71]]
llama-3.1-70b-instruct/m113/first_score_reference_document.txt,standard,15,[[15]]
llama-3.1-70b-instruct/m113/second_score_reference_document.txt,standard,2,[[2]]
llama-3.1-70b-instruct/m113/second_score_document.txt,standard,80,[[80]]
llama-3.1-70b-instruct/m113/third_score_document.txt,standard,44,[[44]]
llama-3.1-70b-instruct/sedan/third_score_reference.txt,standard,65,[[65]]
llama-3.1-70b-instruct/sedan/third_score_reference_document.txt,standard,22,[[22]]
llama-3.1-70b-instruct/sedan/first_score_document.txt,standard,None,[[0]]
llama-3.1-70b-instruct/sedan/first_score_reference.txt,standard,40,[[40]]
llama-3.1-70b-instruct/sedan/second_score_reference.txt,standard,66,[[66]]
llama-3.1-70b-instruct/sedan/first_score_reference_document.txt,standard,None,[[0]]
llama-3.1-70b-instruct/sedan/second_score_reference_document.txt,standard,57,[[57]]
llama-3.1-70b-instruct/sedan/second_score_document.txt,standard,82,[[82]]
llama-3.1-70b-instruct/sedan/third_score_document.txt,standard,52,[[52]]
llama-3.1-70b-instruct/viper/third_score_reference.txt,standard,3,[[3]]
llama-3.1-70b-instruct/viper/third_score_reference_document.txt,standard,79,[[79]]
llama-3.1-70b-instruct/viper/first_score_document.txt,standard,38,[[38]]
llama-3.1-70b-instruct/viper/first_score_reference.txt,standard,22,[[22]]
llama-3.1-70b-instruct/viper/second_score_reference.txt,standard,100,[[100]]
llama-3.1-70b-instruct/viper/first_score_reference_document.txt,standard,19,[[19]]
llama-3.1-70b-instruct/viper/second_score_reference_document.txt,standard,73,[[73]]
llama-3.1-70b-instruct/viper/second_score_document.txt,standard,85,[[85]]
llama-3.1-70b-instruct/viper/third_score_document.txt,standard,72,[[72]]
llama-3.1-70b-instruct/lidar/third_score_reference.txt,standard,45,[[45]]
llama-3.1-70b-instruct/lidar/third_score_reference_document.txt,standard,57,[[57]]
llama-3.1-70b-instruct/lidar/first_score_document.txt,standard,50,[[50]]
llama-3.1-70b-instruct/lidar/first_score_reference.txt,standard,56,[[56]]
llama-3.1-70b-instruct/lidar/second_score_reference.txt,standard,22,[[22]]
llama-3.1-70b-instruct/lidar/first_score_reference_document.txt,standard,57,[[57]]
llama-3.1-70b-instruct/lidar/second_score_reference_document.txt,standard,54,[[54]]
llama-3.1-70b-instruct/lidar/second_score_document.txt,standard,None,[[0]]
llama-3.1-70b-instruct/lidar/third_score_document.txt,standard,70,[[70]]
llama-3.1-70b-instruct/rigid_highway/third_score_reference.txt,standard,61,[[61]]
llama-3.1-70b-instruct/rigid_highway/third_score_reference_document.txt,standard,76,[[76]]
llama-3.1-70b-instruct/rigid_highway/first_score_document.txt,standard,17,[[17]]
llama-3.1-70b-instruct/rigid_highway/first_score_reference.txt,standard,27,[[27]]
llama-3.1-70b-instruct/rigid_highway/second_score_reference.txt,standard,92,[[92]]
llama-3.1-70b-instruct/rigid_highway/first_score_reference_document.txt,standard,10,[[10]]
llama-3.1-70b-instruct/rigid_highway/second_score_reference_document.txt,standard,57,[[57]]
llama-3.1-70b-instruct/rigid_highway/second_score_document.txt,standard,79,[[79]]
llama-3.1-70b-instruct/rigid_highway/third_score_document.txt,standard,70,[[70]]
llama-3.1-70b-instruct/pendulum/third_score_reference.txt,standard,47,[[47]]
llama-3.1-70b-instruct/pendulum/third_score_reference_document.txt,standard,51,[[51]]
llama-3.1-70b-instruct/pendulum/first_score_document.txt,standard,50,[[50]]
llama-3.1-70b-instruct/pendulum/first_score_reference.txt,standard,14,[[14]]
llama-3.1-70b-instruct/pendulum/second_score_reference.txt,standard,45,[[45]]
llama-3.1-70b-instruct/pendulum/first_score_reference_document.txt,standard,14,[[14]]
llama-3.1-70b-instruct/pendulum/second_score_reference_document.txt,standard,58,[[58]]
llama-3.1-70b-instruct/pendulum/second_score_document.txt,standard,48,[[48]]
llama-3.1-70b-instruct/pendulum/third_score_document.txt,standard,69,[[69]]
llama-3.1-70b-instruct/hmmwv/third_score_reference.txt,standard,58,[[58]]
llama-3.1-70b-instruct/hmmwv/third_score_reference_document.txt,standard,61,[[61]]
llama-3.1-70b-instruct/hmmwv/first_score_document.txt,standard,57,[[57]]
llama-3.1-70b-instruct/hmmwv/first_score_reference.txt,standard,22,[[22]]
llama-3.1-70b-instruct/hmmwv/second_score_reference.txt,standard,9,[[9]]
llama-3.1-70b-instruct/hmmwv/first_score_reference_document.txt,standard,32,[[32]]
llama-3.1-70b-instruct/hmmwv/second_score_reference_document.txt,standard,80,[[80]]
llama-3.1-70b-instruct/hmmwv/second_score_document.txt,standard,13,[[13]]
llama-3.1-70b-instruct/hmmwv/third_score_document.txt,standard,78,[[78]]
llama-3.1-70b-instruct/turtlebot/third_score_reference.txt,standard,30,[[30]]
llama-3.1-70b-instruct/turtlebot/third_score_reference_document.txt,standard,45,[[45]]
llama-3.1-70b-instruct/turtlebot/first_score_document.txt,standard,30,[[30]]
llama-3.1-70b-instruct/turtlebot/first_score_reference.txt,standard,22,[[22]]
llama-3.1-70b-instruct/turtlebot/second_score_reference.txt,standard,70,[[70]]
llama-3.1-70b-instruct/turtlebot/first_score_reference_document.txt,standard,39,[[39]]
llama-3.1-70b-instruct/turtlebot/second_score_reference_document.txt,standard,49,[[49]]
llama-3.1-70b-instruct/turtlebot/second_score_document.txt,standard,68,[[68]]
llama-3.1-70b-instruct/turtlebot/third_score_document.txt,standard,97,[[97]]
llama-3.1-70b-instruct/mass_spring_damper/third_score_reference.txt,standard,65,[[65]]
llama-3.1-70b-instruct/mass_spring_damper/third_score_reference_document.txt,standard,22,[[22]]
llama-3.1-70b-instruct/mass_spring_damper/first_score_document.txt,standard,27,[[27]]
llama-3.1-70b-instruct/mass_spring_damper/first_score_reference.txt,standard,66,[[66]]
llama-3.1-70b-instruct/mass_spring_damper/second_score_reference.txt,standard,92,[[92]]
llama-3.1-70b-instruct/mass_spring_damper/first_score_reference_document.txt,standard,52,[[52]]
llama-3.1-70b-instruct/mass_spring_damper/second_score_reference_document.txt,standard,85,[[85]]
llama-3.1-70b-instruct/mass_spring_damper/second_score_document.txt,standard,7,[[7]]
llama-3.1-70b-instruct/mass_spring_damper/third_score_document.txt,standard,76,[[76]]
llama-3.1-70b-instruct/tablecloth/third_score_reference.txt,standard,82,[[82]]
llama-3.1-70b-instruct/tablecloth/third_score_reference_document.txt,standard,62,[[62]]
llama-3.1-70b-instruct/tablecloth/first_score_document.txt,standard,54,[[54]]
llama-3.1-70b-instruct/tablecloth/first_score_reference.txt,standard,5,[[5]]
llama-3.1-70b-instruct/tablecloth/second_score_reference.txt,standard,96,[[96]]
llama-3.1-70b-instruct/tablecloth/first_score_reference_document.txt,standard,14,[[14]]
llama-3.1-70b-instruct/tablecloth/second_score_reference_document.txt,standard,56,[[56]]
llama-3.1-70b-instruct/tablecloth/second_score_document.txt,standard,19,[[19]]
llama-3.1-70b-instruct/tablecloth/third_score_document.txt,standard,57,[[57]]
llama-3.1-70b-instruct/kraz/third_score_reference.txt,standard,11,[[11]]
llama-3.1-70b-instruct/kraz/third_score_reference_document.txt,standard,29,[[29]]
llama-3.1-70b-instruct/kraz/first_score_document.txt,standard,20,[[20]]
llama-3.1-70b-instruct/kraz/first_score_reference.txt,standard,61,[[61]]
llama-3.1-70b-instruct/kraz/second_score_reference.txt,standard,66,[[66]]
llama-3.1-70b-instruct/kraz/first_score_reference_document.txt,standard,29,[[29]]
llama-3.1-70b-instruct/kraz/second_score_reference_document.txt,standard,10,[[10]]
llama-3.1-70b-instruct/kraz/second_score_document.txt,standard,71,[[71]]
llama-3.1-70b-instruct/kraz/third_score_document.txt,standard,73,[[73]]
llama-3.1-70b-instruct/camera/third_score_reference.txt,standard,62,[[62]]
llama-3.1-70b-instruct/camera/third_score_reference_document.txt,standard,66,[[66]]
llama-3.1-70b-instruct/camera/first_score_document.txt,standard,67,[[67]]
llama-3.1-70b-instruct/camera/first_score_reference.txt,standard,20,[[20]]
llama-3.1-70b-instruct/camera/second_score_reference.txt,standard,35,[[35]]
llama-3.1-70b-instruct/camera/first_score_reference_document.txt,standard,27,[[27]]
llama-3.1-70b-instruct/camera/second_score_reference_document.txt,standard,75,[[75]]
llama-3.1-70b-instruct/camera/second_score_document.txt,standard,61,[[61]]
llama-3.1-70b-instruct/camera/third_score_document.txt,standard,64,[[64]]
llama-3.1-70b-instruct/buckling/third_score_reference.txt,standard,70,[[70]]
llama-3.1-70b-instruct/buckling/third_score_reference_document.txt,standard,59,[[59]]
llama-3.1-70b-instruct/buckling/first_score_document.txt,standard,45,[[45]]
llama-3.1-70b-instruct/buckling/first_score_reference.txt,standard,59,[[59]]
llama-3.1-70b-instruct/buckling/second_score_reference.txt,standard,96,[[96]]
llama-3.1-70b-instruct/buckling/first_score_reference_document.txt,standard,None,[[0]]
llama-3.1-70b-instruct/buckling/second_score_reference_document.txt,standard,65,[[65]]
llama-3.1-70b-instruct/buckling/second_score_document.txt,standard,82,[[82]]
llama-3.1-70b-instruct/buckling/third_score_document.txt,standard,57,[[57]]
llama-3.1-70b-instruct/gator/third_score_reference.txt,standard,33,[[33]]
llama-3.1-70b-instruct/gator/third_score_reference_document.txt,standard,5,[[5]]
llama-3.1-70b-instruct/gator/first_score_document.txt,standard,35,[[35]]
llama-3.1-70b-instruct/gator/first_score_reference.txt,standard,64,[[64]]
llama-3.1-70b-instruct/gator/second_score_reference.txt,standard,81,[[81]]
llama-3.1-70b-instruct/gator/first_score_reference_document.txt,standard,34,[[34]]
llama-3.1-70b-instruct/gator/second_score_reference_document.txt,standard,58,[[58]]
llama-3.1-70b-instruct/gator/second_score_document.txt,standard,71,[[71]]
llama-3.1-70b-instruct/gator/third_score_document.txt,standard,80,[[80]]
llama-3.1-70b-instruct/slider_crank/third_score_reference.txt,standard,81,[[81]]
llama-3.1-70b-instruct/slider_crank/third_score_reference_document.txt,standard,62,[[62]]
llama-3.1-70b-instruct/slider_crank/first_score_document.txt,standard,7,[[7]]
llama-3.1-70b-instruct/slider_crank/first_score_reference.txt,standard,None,[[0]]
llama-3.1-70b-instruct/slider_crank/second_score_reference.txt,standard,18,[[18]]
llama-3.1-70b-instruct/slider_crank/first_score_reference_document.txt,standard,44,[[44]]
llama-3.1-70b-instruct/slider_crank/second_score_reference_document.txt,standard,78,[[78]]
llama-3.1-70b-instruct/slider_crank/second_score_document.txt,standard,33,[[33]]
llama-3.1-70b-instruct/slider_crank/third_score_document.txt,standard,30,[[30]]
llama-3.1-70b-instruct/feda/third_score_reference.txt,standard,66,[[66]]
llama-3.1-70b-instruct/feda/third_score_reference_document.txt,standard,76,[[76]]
llama-3.1-70b-instruct/feda/first_score_document.txt,standard,55,[[55]]
llama-3.1-70b-instruct/feda/first_score_reference.txt,standard,32,[[32]]
llama-3.1-70b-instruct/feda/second_score_reference.txt,standard,25,[[25]]
llama-3.1-70b-instruct/feda/first_score_reference_document.txt,standard,19,[[19]]
llama-3.1-70b-instruct/feda/second_score_reference_document.txt,standard,80,[[80]]
llama-3.1-70b-instruct/feda/second_score_document.txt,standard,56,[[56]]
llama-3.1-70b-instruct/feda/third_score_document.txt,standard,85,[[85]]
llama-3.1-8b-instruct/scm/third_score_reference.txt,standard,69,[[69]]
llama-3.1-8b-instruct/scm/third_score_reference_document.txt,standard,57,[[57]]
llama-3.1-8b-instruct/scm/first_score_document.txt,standard,None,[[0]]
llama-3.1-8b-instruct/scm/first_score_reference.txt,standard,None,[[0]]
llama-3.1-8b-instruct/scm/second_score_reference.txt,standard,93,[[93]]
llama-3.1-8b-instruct/scm/first_score_reference_document.txt,standard,None,[[0]]
llama-3.1-8b-instruct/scm/second_score_reference_document.txt,standard,51,[[51]]
llama-3.1-8b-instruct/scm/second_score_document.txt,standard,25,[[25]]
llama-3.1-8b-instruct/scm/third_score_document.txt,standard,47,[[47]]
llama-3.1-8b-instruct/citybus/third_score_reference.txt,standard,36,[[36]]
llama-3.1-8b-instruct/citybus/third_score_reference_document.txt,standard,7,[[7]]
llama-3.1-8b-instruct/citybus/first_score_document.txt,standard,13,[[13]]
llama-3.1-8b-instruct/citybus/first_score_reference.txt,standard,48,[[48]]
llama-3.1-8b-instruct/citybus/second_score_reference.txt,standard,65,[[65]]
llama-3.1-8b-instruct/citybus/first_score_reference_document.txt,standard,4,[[4]]
llama-3.1-8b-instruct/citybus/second_score_reference_document.txt,standard,93,[[93]]
llama-3.1-8b-instruct/citybus/second_score_document.txt,standard,64,[[64]]
llama-3.1-8b-instruct/citybus/third_score_document.txt,standard,57,[[57]]
llama-3.1-8b-instruct/gps_imu/third_score_reference.txt,standard,78,[[78]]
llama-3.1-8b-instruct/gps_imu/third_score_reference_document.txt,standard,56,[[56]]
llama-3.1-8b-instruct/gps_imu/first_score_document.txt,standard,19,[[19]]
llama-3.1-8b-instruct/gps_imu/first_score_reference.txt,standard,14,[[14]]
llama-3.1-8b-instruct/gps_imu/second_score_reference.txt,standard,72,[[72]]
llama-3.1-8b-instruct/gps_imu/first_score_reference_document.txt,standard,59,[[59]]
llama-3.1-8b-instruct/gps_imu/second_score_reference_document.txt,standard,69,[[69]]
llama-3.1-8b-instruct/gps_imu/second_score_document.txt,standard,20,[[20]]
llama-3.1-8b-instruct/gps_imu/third_score_document.txt,standard,31,[[31]]
llama-3.1-8b-instruct/rotor/third_score_reference.txt,standard,92,[[92]]
llama-3.1-8b-instruct/rotor/third_score_reference_document.txt,standard,61,[[61]]
llama-3.1-8b-instruct/rotor/first_score_document.txt,standard,None,[[0]]
llama-3.1-8b-instruct/rotor/first_score_reference.txt,standard,2,[[2]]
llama-3.1-8b-instruct/rotor/second_score_reference.txt,standard,98,[[98]]
llama-3.1-8b-instruct/rotor/first_score_reference_document.txt,standard,54,[[54]]
llama-3.1-8b-instruct/rotor/second_score_reference_document.txt,standard,76,[[76]]
llama-3.1-8b-instruct/rotor/second_score_document.txt,standard,51,[[51]]
llama-3.1-8b-instruct/rotor/third_score_document.txt,standard,92,[[92]]
llama-3.1-8b-instruct/rigid_multipatches/third_score_reference.txt,standard,65,[[65]]
llama-3.1-8b-instruct/rigid_multipatches/third_score_reference_document.txt,standard,52,[[52]]
llama-3.1-8b-instruct/rigid_multipatches/first_score_document.txt,standard,17,[[17]]
llama-3.1-8b-instruct/rigid_multipatches/first_score_reference.txt,standard,21,[[21]]
llama-3.1-8b-instruct/rigid_multipatches/second_score_reference.txt,standard,11,[[11]]
llama-3.1-8b-instruct/rigid_multipatches/first_score_reference_document.txt,standard,55,[[55]]
llama-3.1-8b-instruct/rigid_multipatches/second_score_reference_document.txt,standard,51,[[51]]
llama-3.1-8b-instruct/rigid_multipatches/second_score_document.txt,standard,68,[[68]]
llama-3.1-8b-instruct/rigid_multipatches/third_score_document.txt,standard,17,[[17]]
llama-3.1-8b-instruct/cable/third_score_reference.txt,standard,68,[[68]]
llama-3.1-8b-instruct/cable/third_score_reference_document.txt,standard,57,[[57]]
llama-3.1-8b-instruct/cable/first_score_document.txt,standard,18,[[18]]
llama-3.1-8b-instruct/cable/first_score_reference.txt,standard,58,[[58]]
llama-3.1-8b-instruct/cable/second_score_reference.txt,standard,69,[[69]]
llama-3.1-8b-instruct/cable/first_score_reference_document.txt,standard,53,[[53]]
llama-3.1-8b-instruct/cable/second_score_reference_document.txt,standard,69,[[69]]
llama-3.1-8b-instruct/cable/second_score_document.txt,standard,95,[[95]]
llama-3.1-8b-instruct/cable/third_score_document.txt,not_found,None,No score pattern found
llama-3.1-8b-instruct/sensros/third_score_reference.txt,standard,68,[[68]]
llama-3.1-8b-instruct/sensros/third_score_reference_document.txt,standard,55,[[55]]
llama-3.1-8b-instruct/sensros/first_score_document.txt,standard,18,[[18]]
llama-3.1-8b-instruct/sensros/first_score_reference.txt,standard,11,[[11]]
llama-3.1-8b-instruct/sensros/second_score_reference.txt,standard,76,[[76]]
llama-3.1-8b-instruct/sensros/first_score_reference_document.txt,standard,24,[[24]]
llama-3.1-8b-instruct/sensros/second_score_reference_document.txt,standard,47,[[47]]
llama-3.1-8b-instruct/sensros/second_score_document.txt,standard,17,[[17]]
llama-3.1-8b-instruct/sensros/third_score_document.txt,standard,45,[[45]]
llama-3.1-8b-instruct/scm_hill/third_score_reference.txt,standard,23,[[23]]
llama-3.1-8b-instruct/scm_hill/third_score_reference_document.txt,standard,65,[[65]]
llama-3.1-8b-instruct/scm_hill/first_score_document.txt,standard,14,[[14]]
llama-3.1-8b-instruct/scm_hill/first_score_reference.txt,standard,None,[[0]]
llama-3.1-8b-instruct/scm_hill/second_score_reference.txt,standard,59,[[59]]
llama-3.1-8b-instruct/scm_hill/first_score_reference_document.txt,standard,None,[[0]]
llama-3.1-8b-instruct/scm_hill/second_score_reference_document.txt,standard,45,[[45]]
llama-3.1-8b-instruct/scm_hill/second_score_document.txt,standard,16,[[16]]
llama-3.1-8b-instruct/scm_hill/third_score_document.txt,standard,75,[[75]]
llama-3.1-8b-instruct/veh_app/third_score_reference.txt,standard,6,[[6]]
llama-3.1-8b-instruct/veh_app/third_score_reference_document.txt,standard,37,[[37]]
llama-3.1-8b-instruct/veh_app/first_score_document.txt,standard,None,[[0]]
llama-3.1-8b-instruct/veh_app/first_score_reference.txt,standard,52,[[52]]
llama-3.1-8b-instruct/veh_app/second_score_reference.txt,standard,16,[[16]]
llama-3.1-8b-instruct/veh_app/first_score_reference_document.txt,standard,47,[[47]]
llama-3.1-8b-instruct/veh_app/second_score_reference_document.txt,standard,20,[[20]]
llama-3.1-8b-instruct/veh_app/second_score_document.txt,standard,77,[[77]]
llama-3.1-8b-instruct/veh_app/third_score_document.txt,standard,17,[[17]]
llama-3.1-8b-instruct/gear/third_score_reference.txt,standard,82,[[82]]
llama-3.1-8b-instruct/gear/third_score_reference_document.txt,standard,80,[[80]]
llama-3.1-8b-instruct/gear/first_score_document.txt,standard,21,[[21]]
llama-3.1-8b-instruct/gear/first_score_reference.txt,standard,57,[[57]]
llama-3.1-8b-instruct/gear/second_score_reference.txt,standard,65,[[65]]
llama-3.1-8b-instruct/gear/first_score_reference_document.txt,standard,46,[[46]]
llama-3.1-8b-instruct/gear/second_score_reference_document.txt,standard,95,[[95]]
llama-3.1-8b-instruct/gear/second_score_document.txt,standard,67,[[67]]
llama-3.1-8b-instruct/gear/third_score_document.txt,standard,66,[[66]]
llama-3.1-8b-instruct/art/third_score_reference.txt,standard,72,[[72]]
llama-3.1-8b-instruct/art/third_score_reference_document.txt,standard,55,[[55]]
llama-3.1-8b-instruct/art/first_score_document.txt,standard,1,[[1]]
llama-3.1-8b-instruct/art/first_score_reference.txt,standard,22,[[22]]
llama-3.1-8b-instruct/art/second_score_reference.txt,standard,40,[[40]]
llama-3.1-8b-instruct/art/first_score_reference_document.txt,standard,34,[[34]]
llama-3.1-8b-instruct/art/second_score_reference_document.txt,standard,68,[[68]]
llama-3.1-8b-instruct/art/second_score_document.txt,standard,30,[[30]]
llama-3.1-8b-instruct/art/third_score_document.txt,standard,61,[[61]]
llama-3.1-8b-instruct/man/third_score_reference.txt,standard,68,[[68]]
llama-3.1-8b-instruct/man/third_score_reference_document.txt,standard,19,[[19]]
llama-3.1-8b-instruct/man/first_score_document.txt,standard,45,[[45]]
llama-3.1-8b-instruct/man/first_score_reference.txt,standard,40,[[40]]
llama-3.1-8b-instruct/man/second_score_reference.txt,standard,93,[[93]]
llama-3.1-8b-instruct/man/first_score_reference_document.txt,standard,None,[[0]]
llama-3.1-8b-instruct/man/second_score_reference_document.txt,standard,70,[[70]]
llama-3.1-8b-instruct/man/second_score_document.txt,standard,74,[[74]]
llama-3.1-8b-instruct/man/third_score_document.txt,standard,67,[[67]]
llama-3.1-8b-instruct/curiosity/third_score_reference.txt,standard,10,[[10]]
llama-3.1-8b-instruct/curiosity/third_score_reference_document.txt,standard,47,[[47]]
llama-3.1-8b-instruct/curiosity/first_score_document.txt,standard,45,[[45]]
llama-3.1-8b-instruct/curiosity/first_score_reference.txt,standard,None,[[0]]
llama-3.1-8b-instruct/curiosity/second_score_reference.txt,standard,83,[[83]]
llama-3.1-8b-instruct/curiosity/first_score_reference_document.txt,standard,10,[[10]]
llama-3.1-8b-instruct/curiosity/second_score_reference_document.txt,standard,52,[[52]]
llama-3.1-8b-instruct/curiosity/second_score_document.txt,standard,100,[[100]]
llama-3.1-8b-instruct/curiosity/third_score_document.txt,standard,17,[[17]]
llama-3.1-8b-instruct/vehros/third_score_reference.txt,standard,47,[[47]]
llama-3.1-8b-instruct/vehros/third_score_reference_document.txt,standard,35,[[35]]
llama-3.1-8b-instruct/vehros/first_score_document.txt,standard,5,[[5]]
llama-3.1-8b-instruct/vehros/first_score_reference.txt,standard,33,[[33]]
llama-3.1-8b-instruct/vehros/second_score_reference.txt,standard,68,[[68]]
llama-3.1-8b-instruct/vehros/first_score_reference_document.txt,standard,50,[[50]]
llama-3.1-8b-instruct/vehros/second_score_reference_document.txt,standard,29,[[29]]
llama-3.1-8b-instruct/vehros/second_score_document.txt,standard,63,[[63]]
llama-3.1-8b-instruct/vehros/third_score_document.txt,standard,23,[[23]]
llama-3.1-8b-instruct/uazbus/third_score_reference.txt,standard,43,[[43]]
llama-3.1-8b-instruct/uazbus/third_score_reference_document.txt,standard,40,[[40]]
llama-3.1-8b-instruct/uazbus/first_score_document.txt,standard,None,[[0]]
llama-3.1-8b-instruct/uazbus/first_score_reference.txt,standard,5,[[5]]
llama-3.1-8b-instruct/uazbus/second_score_reference.txt,standard,100,[[100]]
llama-3.1-8b-instruct/uazbus/first_score_reference_document.txt,standard,10,[[10]]
llama-3.1-8b-instruct/uazbus/second_score_reference_document.txt,standard,62,[[62]]
llama-3.1-8b-instruct/uazbus/second_score_document.txt,standard,20,[[20]]
llama-3.1-8b-instruct/uazbus/third_score_document.txt,standard,10,[[10]]
llama-3.1-8b-instruct/handler/third_score_reference.txt,standard,80,[[80]]
llama-3.1-8b-instruct/handler/third_score_reference_document.txt,standard,42,[[42]]
llama-3.1-8b-instruct/handler/first_score_document.txt,standard,10,[[10]]
llama-3.1-8b-instruct/handler/first_score_reference.txt,standard,54,[[54]]
llama-3.1-8b-instruct/handler/second_score_reference.txt,standard,15,[[15]]
llama-3.1-8b-instruct/handler/first_score_reference_document.txt,standard,49,[[49]]
llama-3.1-8b-instruct/handler/second_score_reference_document.txt,standard,10,[[10]]
llama-3.1-8b-instruct/handler/second_score_document.txt,standard,64,[[64]]
llama-3.1-8b-instruct/handler/third_score_document.txt,standard,32,[[32]]
llama-3.1-8b-instruct/beam/third_score_reference.txt,standard,49,[[49]]
llama-3.1-8b-instruct/beam/third_score_reference_document.txt,standard,100,[[100]]
llama-3.1-8b-instruct/beam/first_score_document.txt,standard,11,[[11]]
llama-3.1-8b-instruct/beam/first_score_reference.txt,standard,17,[[17]]
llama-3.1-8b-instruct/beam/second_score_reference.txt,standard,96,[[96]]
llama-3.1-8b-instruct/beam/first_score_reference_document.txt,standard,None,[[0]]
llama-3.1-8b-instruct/beam/second_score_reference_document.txt,standard,37,[[37]]
llama-3.1-8b-instruct/beam/second_score_document.txt,standard,12,[[12]]
llama-3.1-8b-instruct/beam/third_score_document.txt,standard,62,[[62]]
llama-3.1-8b-instruct/particles/third_score_reference.txt,standard,12,[[12]]
llama-3.1-8b-instruct/particles/third_score_reference_document.txt,standard,57,[[57]]
llama-3.1-8b-instruct/particles/first_score_document.txt,standard,None,[[0]]
llama-3.1-8b-instruct/particles/first_score_reference.txt,standard,None,[[0]]
llama-3.1-8b-instruct/particles/second_score_reference.txt,standard,87,[[87]]
llama-3.1-8b-instruct/particles/first_score_reference_document.txt,standard,30,[[30]]
llama-3.1-8b-instruct/particles/second_score_reference_document.txt,standard,39,[[39]]
llama-3.1-8b-instruct/particles/second_score_document.txt,standard,50,[[50]]
llama-3.1-8b-instruct/particles/third_score_document.txt,standard,30,[[30]]
llama-3.1-8b-instruct/m113/third_score_reference.txt,standard,38,[[38]]
llama-3.1-8b-instruct/m113/third_score_reference_document.txt,standard,26,[[26]]
llama-3.1-8b-instruct/m113/first_score_document.txt,standard,None,[[0]]
llama-3.1-8b-instruct/m113/first_score_reference.txt,standard,11,[[11]]
llama-3.1-8b-instruct/m113/second_score_reference.txt,standard,62,[[62]]
llama-3.1-8b-instruct/m113/first_score_reference_document.txt,standard,3,[[3]]
llama-3.1-8b-instruct/m113/second_score_reference_document.txt,standard,45,[[45]]
llama-3.1-8b-instruct/m113/second_score_document.txt,standard,73,[[73]]
llama-3.1-8b-instruct/m113/third_score_document.txt,standard,45,[[45]]
llama-3.1-8b-instruct/sedan/third_score_reference.txt,standard,65,[[65]]
llama-3.1-8b-instruct/sedan/third_score_reference_document.txt,standard,42,[[42]]
llama-3.1-8b-instruct/sedan/first_score_document.txt,standard,None,[[0]]
llama-3.1-8b-instruct/sedan/first_score_reference.txt,standard,None,[[0]]
llama-3.1-8b-instruct/sedan/second_score_reference.txt,standard,47,[[47]]
llama-3.1-8b-instruct/sedan/first_score_reference_document.txt,standard,15,[[15]]
llama-3.1-8b-instruct/sedan/second_score_reference_document.txt,standard,47,[[47]]
llama-3.1-8b-instruct/sedan/second_score_document.txt,standard,70,[[70]]
llama-3.1-8b-instruct/sedan/third_score_document.txt,standard,42,[[42]]
llama-3.1-8b-instruct/viper/third_score_reference.txt,standard,70,[[70]]
llama-3.1-8b-instruct/viper/third_score_reference_document.txt,standard,8,[[8]]
llama-3.1-8b-instruct/viper/first_score_document.txt,standard,36,[[36]]
llama-3.1-8b-instruct/viper/first_score_reference.txt,standard,15,[[15]]
llama-3.1-8b-instruct/viper/second_score_reference.txt,standard,100,[[100]]
llama-3.1-8b-instruct/viper/first_score_reference_document.txt,standard,51,[[51]]
llama-3.1-8b-instruct/viper/second_score_reference_document.txt,standard,77,[[77]]
llama-3.1-8b-instruct/viper/second_score_document.txt,standard,85,[[85]]
llama-3.1-8b-instruct/viper/third_score_document.txt,standard,34,[[34]]
llama-3.1-8b-instruct/lidar/third_score_reference.txt,standard,None,[[0]]
llama-3.1-8b-instruct/lidar/third_score_reference_document.txt,standard,3,[[3]]
llama-3.1-8b-instruct/lidar/first_score_document.txt,standard,17,[[17]]
llama-3.1-8b-instruct/lidar/first_score_reference.txt,standard,None,[[0]]
llama-3.1-8b-instruct/lidar/second_score_reference.txt,standard,22,[[22]]
llama-3.1-8b-instruct/lidar/first_score_reference_document.txt,standard,27,[[27]]
llama-3.1-8b-instruct/lidar/second_score_reference_document.txt,standard,64,[[64]]
llama-3.1-8b-instruct/lidar/second_score_document.txt,standard,60,[[60]]
llama-3.1-8b-instruct/lidar/third_score_document.txt,standard,None,[[0]]
llama-3.1-8b-instruct/rigid_highway/third_score_reference.txt,standard,40,[[40]]
llama-3.1-8b-instruct/rigid_highway/third_score_reference_document.txt,standard,79,[[79]]
llama-3.1-8b-instruct/rigid_highway/first_score_document.txt,standard,13,[[13]]
llama-3.1-8b-instruct/rigid_highway/first_score_reference.txt,standard,62,[[62]]
llama-3.1-8b-instruct/rigid_highway/second_score_reference.txt,standard,12,[[12]]
llama-3.1-8b-instruct/rigid_highway/first_score_reference_document.txt,standard,None,[[0]]
llama-3.1-8b-instruct/rigid_highway/second_score_reference_document.txt,standard,82,[[82]]
llama-3.1-8b-instruct/rigid_highway/second_score_document.txt,standard,76,[[76]]
llama-3.1-8b-instruct/rigid_highway/third_score_document.txt,standard,78,[[78]]
llama-3.1-8b-instruct/pendulum/third_score_reference.txt,standard,72,[[72]]
llama-3.1-8b-instruct/pendulum/third_score_reference_document.txt,standard,11,[[11]]
llama-3.1-8b-instruct/pendulum/first_score_document.txt,standard,14,[[14]]
llama-3.1-8b-instruct/pendulum/first_score_reference.txt,standard,22,[[22]]
llama-3.1-8b-instruct/pendulum/second_score_reference.txt,standard,40,[[40]]
llama-3.1-8b-instruct/pendulum/first_score_reference_document.txt,standard,14,[[14]]
llama-3.1-8b-instruct/pendulum/second_score_reference_document.txt,standard,65,[[65]]
llama-3.1-8b-instruct/pendulum/second_score_document.txt,standard,57,[[57]]
llama-3.1-8b-instruct/pendulum/third_score_document.txt,standard,19,[[19]]
llama-3.1-8b-instruct/hmmwv/third_score_reference.txt,standard,80,[[80]]
llama-3.1-8b-instruct/hmmwv/third_score_reference_document.txt,standard,24,[[24]]
llama-3.1-8b-instruct/hmmwv/first_score_document.txt,standard,1,[[1]]
llama-3.1-8b-instruct/hmmwv/first_score_reference.txt,standard,4,[[4]]
llama-3.1-8b-instruct/hmmwv/second_score_reference.txt,standard,14,[[14]]
llama-3.1-8b-instruct/hmmwv/first_score_reference_document.txt,standard,10,[[10]]
llama-3.1-8b-instruct/hmmwv/second_score_reference_document.txt,standard,19,[[19]]
llama-3.1-8b-instruct/hmmwv/second_score_document.txt,standard,37,[[37]]
llama-3.1-8b-instruct/hmmwv/third_score_document.txt,standard,75,[[75]]
llama-3.1-8b-instruct/turtlebot/third_score_reference.txt,standard,34,[[34]]
llama-3.1-8b-instruct/turtlebot/third_score_reference_document.txt,standard,20,[[20]]
llama-3.1-8b-instruct/turtlebot/first_score_document.txt,standard,None,[[0]]
llama-3.1-8b-instruct/turtlebot/first_score_reference.txt,standard,32,[[32]]
llama-3.1-8b-instruct/turtlebot/second_score_reference.txt,standard,67,[[67]]
llama-3.1-8b-instruct/turtlebot/first_score_reference_document.txt,standard,6,[[6]]
llama-3.1-8b-instruct/turtlebot/second_score_reference_document.txt,standard,61,[[61]]
llama-3.1-8b-instruct/turtlebot/second_score_document.txt,standard,49,[[49]]
llama-3.1-8b-instruct/turtlebot/third_score_document.txt,standard,11,[[11]]
llama-3.1-8b-instruct/mass_spring_damper/third_score_reference.txt,standard,52,[[52]]
llama-3.1-8b-instruct/mass_spring_damper/third_score_reference_document.txt,standard,54,[[54]]
llama-3.1-8b-instruct/mass_spring_damper/first_score_document.txt,standard,39,[[39]]
llama-3.1-8b-instruct/mass_spring_damper/first_score_reference.txt,standard,17,[[17]]
llama-3.1-8b-instruct/mass_spring_damper/second_score_reference.txt,standard,80,[[80]]
llama-3.1-8b-instruct/mass_spring_damper/first_score_reference_document.txt,standard,None,[[0]]
llama-3.1-8b-instruct/mass_spring_damper/second_score_reference_document.txt,standard,71,[[71]]
llama-3.1-8b-instruct/mass_spring_damper/second_score_document.txt,standard,66,[[66]]
llama-3.1-8b-instruct/mass_spring_damper/third_score_document.txt,standard,30,[[30]]
llama-3.1-8b-instruct/tablecloth/third_score_reference.txt,standard,13,[[13]]
llama-3.1-8b-instruct/tablecloth/third_score_reference_document.txt,standard,63,[[63]]
llama-3.1-8b-instruct/tablecloth/first_score_document.txt,standard,7,[[7]]
llama-3.1-8b-instruct/tablecloth/first_score_reference.txt,standard,14,[[14]]
llama-3.1-8b-instruct/tablecloth/second_score_reference.txt,standard,73,[[73]]
llama-3.1-8b-instruct/tablecloth/first_score_reference_document.txt,standard,18,[[18]]
llama-3.1-8b-instruct/tablecloth/second_score_reference_document.txt,standard,34,[[34]]
llama-3.1-8b-instruct/tablecloth/second_score_document.txt,standard,28,[[28]]
llama-3.1-8b-instruct/tablecloth/third_score_document.txt,standard,1,[[1]]
llama-3.1-8b-instruct/kraz/third_score_reference.txt,standard,32,[[32]]
llama-3.1-8b-instruct/kraz/third_score_reference_document.txt,standard,34,[[34]]
llama-3.1-8b-instruct/kraz/first_score_document.txt,standard,24,[[24]]
llama-3.1-8b-instruct/kraz/first_score_reference.txt,standard,16,[[16]]
llama-3.1-8b-instruct/kraz/second_score_reference.txt,standard,28,[[28]]
llama-3.1-8b-instruct/kraz/first_score_reference_document.txt,standard,None,[[0]]
llama-3.1-8b-instruct/kraz/second_score_reference_document.txt,standard,29,[[29]]
llama-3.1-8b-instruct/kraz/second_score_document.txt,standard,73,[[73]]
llama-3.1-8b-instruct/kraz/third_score_document.txt,standard,80,[[80]]
llama-3.1-8b-instruct/camera/third_score_reference.txt,standard,56,[[56]]
llama-3.1-8b-instruct/camera/third_score_reference_document.txt,standard,None,[[0]]
llama-3.1-8b-instruct/camera/first_score_document.txt,standard,24,[[24]]
llama-3.1-8b-instruct/camera/first_score_reference.txt,standard,7,[[7]]
llama-3.1-8b-instruct/camera/second_score_reference.txt,standard,89,[[89]]
llama-3.1-8b-instruct/camera/first_score_reference_document.txt,standard,7,[[7]]
llama-3.1-8b-instruct/camera/second_score_reference_document.txt,standard,53,[[53]]
llama-3.1-8b-instruct/camera/second_score_document.txt,standard,None,[[0]]
llama-3.1-8b-instruct/camera/third_score_document.txt,standard,None,[[0]]
llama-3.1-8b-instruct/buckling/third_score_reference.txt,standard,3,[[3]]
llama-3.1-8b-instruct/buckling/third_score_reference_document.txt,standard,59,[[59]]
llama-3.1-8b-instruct/buckling/first_score_document.txt,standard,19,[[19]]
llama-3.1-8b-instruct/buckling/first_score_reference.txt,standard,15,[[15]]
llama-3.1-8b-instruct/buckling/second_score_reference.txt,standard,82,[[82]]
llama-3.1-8b-instruct/buckling/first_score_reference_document.txt,not_found,None,No score pattern found
llama-3.1-8b-instruct/buckling/second_score_reference_document.txt,standard,90,[[90]]
llama-3.1-8b-instruct/buckling/second_score_document.txt,standard,56,[[56]]
llama-3.1-8b-instruct/buckling/third_score_document.txt,standard,77,[[77]]
llama-3.1-8b-instruct/gator/third_score_reference.txt,standard,40,[[40]]
llama-3.1-8b-instruct/gator/third_score_reference_document.txt,standard,65,[[65]]
llama-3.1-8b-instruct/gator/first_score_document.txt,standard,10,[[10]]
llama-3.1-8b-instruct/gator/first_score_reference.txt,standard,16,[[16]]
llama-3.1-8b-instruct/gator/second_score_reference.txt,standard,75,[[75]]
llama-3.1-8b-instruct/gator/first_score_reference_document.txt,standard,50,[[50]]
llama-3.1-8b-instruct/gator/second_score_reference_document.txt,standard,61,[[61]]
llama-3.1-8b-instruct/gator/second_score_document.txt,standard,65,[[65]]
llama-3.1-8b-instruct/gator/third_score_document.txt,standard,75,[[75]]
llama-3.1-8b-instruct/slider_crank/third_score_reference.txt,standard,81,[[81]]
llama-3.1-8b-instruct/slider_crank/third_score_reference_document.txt,standard,65,[[65]]
llama-3.1-8b-instruct/slider_crank/first_score_document.txt,standard,None,[[0]]
llama-3.1-8b-instruct/slider_crank/first_score_reference.txt,standard,10,[[10]]
llama-3.1-8b-instruct/slider_crank/second_score_reference.txt,standard,17,[[17]]
llama-3.1-8b-instruct/slider_crank/first_score_reference_document.txt,standard,None,[[0]]
llama-3.1-8b-instruct/slider_crank/second_score_reference_document.txt,standard,28,[[28]]
llama-3.1-8b-instruct/slider_crank/second_score_document.txt,standard,43,[[43]]
llama-3.1-8b-instruct/slider_crank/third_score_document.txt,standard,17,[[17]]
llama-3.1-8b-instruct/feda/third_score_reference.txt,standard,66,[[66]]
llama-3.1-8b-instruct/feda/third_score_reference_document.txt,standard,59,[[59]]
llama-3.1-8b-instruct/feda/first_score_document.txt,standard,2,[[2]]
llama-3.1-8b-instruct/feda/first_score_reference.txt,standard,21,[[21]]
llama-3.1-8b-instruct/feda/second_score_reference.txt,standard,None,[[0]]
llama-3.1-8b-instruct/feda/first_score_reference_document.txt,standard,13,[[13]]
llama-3.1-8b-instruct/feda/second_score_reference_document.txt,standard,42,[[42]]
llama-3.1-8b-instruct/feda/second_score_document.txt,standard,35,[[35]]
llama-3.1-8b-instruct/feda/third_score_document.txt,standard,80,[[80]]
deepseek-r1-8b/scm/third_score_reference.txt,standard,66,[[66]]
deepseek-r1-8b/scm/third_score_reference_document.txt,standard,41,[[41]]
deepseek-r1-8b/scm/first_score_document.txt,standard,None,[[0]]
deepseek-r1-8b/scm/first_score_reference.txt,standard,22,[[22]]
deepseek-r1-8b/scm/second_score_reference.txt,standard,82,[[82]]
deepseek-r1-8b/scm/first_score_reference_document.txt,standard,50,[[50]]
deepseek-r1-8b/scm/second_score_reference_document.txt,standard,16,[[16]]
deepseek-r1-8b/scm/second_score_document.txt,standard,66,[[66]]
deepseek-r1-8b/scm/third_score_document.txt,standard,12,[[12]]
deepseek-r1-8b/citybus/third_score_reference.txt,standard,39,[[39]]
deepseek-r1-8b/citybus/third_score_reference_document.txt,standard,48,[[48]]
deepseek-r1-8b/citybus/first_score_document.txt,standard,5,[[5]]
deepseek-r1-8b/citybus/first_score_reference.txt,standard,None,[[0]]
deepseek-r1-8b/citybus/second_score_reference.txt,standard,28,[[28]]
deepseek-r1-8b/citybus/first_score_reference_document.txt,standard,4,[[4]]
deepseek-r1-8b/citybus/second_score_reference_document.txt,standard,58,[[58]]
deepseek-r1-8b/citybus/second_score_document.txt,standard,71,[[71]]
deepseek-r1-8b/citybus/third_score_document.txt,standard,15,[[15]]
deepseek-r1-8b/gps_imu/third_score_reference.txt,standard,84,[[84]]
deepseek-r1-8b/gps_imu/third_score_reference_document.txt,standard,24,[[24]]
deepseek-r1-8b/gps_imu/first_score_document.txt,standard,11,[[11]]
deepseek-r1-8b/gps_imu/first_score_reference.txt,standard,55,[[55]]
deepseek-r1-8b/gps_imu/second_score_reference.txt,standard,64,[[64]]
deepseek-r1-8b/gps_imu/first_score_reference_document.txt,standard,16,[[16]]
deepseek-r1-8b/gps_imu/second_score_reference_document.txt,standard,60,[[60]]
deepseek-r1-8b/gps_imu/second_score_document.txt,standard,66,[[66]]
deepseek-r1-8b/gps_imu/third_score_document.txt,standard,78,[[78]]
deepseek-r1-8b/rotor/third_score_reference.txt,standard,40,[[40]]
deepseek-r1-8b/rotor/third_score_reference_document.txt,standard,43,[[43]]
deepseek-r1-8b/rotor/first_score_document.txt,standard,None,[[0]]
deepseek-r1-8b/rotor/first_score_reference.txt,standard,5,[[5]]
deepseek-r1-8b/rotor/second_score_reference.txt,standard,38,[[38]]
deepseek-r1-8b/rotor/first_score_reference_document.txt,standard,8,[[8]]
deepseek-r1-8b/rotor/second_score_reference_document.txt,standard,35,[[35]]
deepseek-r1-8b/rotor/second_score_document.txt,standard,61,[[61]]
deepseek-r1-8b/rotor/third_score_document.txt,standard,None,[[0]]
deepseek-r1-8b/rigid_multipatches/third_score_reference.txt,standard,57,[[57]]
deepseek-r1-8b/rigid_multipatches/third_score_reference_document.txt,standard,57,[[57]]
deepseek-r1-8b/rigid_multipatches/first_score_document.txt,standard,15,[[15]]
deepseek-r1-8b/rigid_multipatches/first_score_reference.txt,standard,56,[[56]]
deepseek-r1-8b/rigid_multipatches/second_score_reference.txt,standard,66,[[66]]
deepseek-r1-8b/rigid_multipatches/first_score_reference_document.txt,standard,13,[[13]]
deepseek-r1-8b/rigid_multipatches/second_score_reference_document.txt,standard,56,[[56]]
deepseek-r1-8b/rigid_multipatches/second_score_document.txt,standard,71,[[71]]
deepseek-r1-8b/rigid_multipatches/third_score_document.txt,standard,60,[[60]]
deepseek-r1-8b/cable/third_score_reference.txt,standard,67,[[67]]
deepseek-r1-8b/cable/third_score_reference_document.txt,standard,53,[[53]]
deepseek-r1-8b/cable/first_score_document.txt,standard,12,[[12]]
deepseek-r1-8b/cable/first_score_reference.txt,standard,32,[[32]]
deepseek-r1-8b/cable/second_score_reference.txt,standard,66,[[66]]
deepseek-r1-8b/cable/first_score_reference_document.txt,standard,4,[[4]]
deepseek-r1-8b/cable/second_score_reference_document.txt,standard,67,[[67]]
deepseek-r1-8b/cable/second_score_document.txt,standard,57,[[57]]
deepseek-r1-8b/cable/third_score_document.txt,standard,54,[[54]]
deepseek-r1-8b/sensros/third_score_reference.txt,standard,67,[[67]]
deepseek-r1-8b/sensros/third_score_reference_document.txt,standard,60,[[60]]
deepseek-r1-8b/sensros/first_score_document.txt,standard,100,[[100]]
deepseek-r1-8b/sensros/first_score_reference.txt,standard,20,[[20]]
deepseek-r1-8b/sensros/second_score_reference.txt,standard,41,[[41]]
deepseek-r1-8b/sensros/first_score_reference_document.txt,standard,None,[[0]]
deepseek-r1-8b/sensros/second_score_reference_document.txt,standard,63,[[63]]
deepseek-r1-8b/sensros/second_score_document.txt,standard,30,[[30]]
deepseek-r1-8b/sensros/third_score_document.txt,standard,26,[[26]]
deepseek-r1-8b/scm_hill/third_score_reference.txt,standard,68,[[68]]
deepseek-r1-8b/scm_hill/third_score_reference_document.txt,standard,60,[[60]]
deepseek-r1-8b/scm_hill/first_score_document.txt,standard,2,[[2]]
deepseek-r1-8b/scm_hill/first_score_reference.txt,standard,43,[[43]]
deepseek-r1-8b/scm_hill/second_score_reference.txt,standard,55,[[55]]
deepseek-r1-8b/scm_hill/first_score_reference_document.txt,standard,39,[[39]]
deepseek-r1-8b/scm_hill/second_score_reference_document.txt,standard,14,[[14]]
deepseek-r1-8b/scm_hill/second_score_document.txt,standard,29,[[29]]
deepseek-r1-8b/scm_hill/third_score_document.txt,standard,46,[[46]]
deepseek-r1-8b/veh_app/third_score_reference.txt,standard,95,[[95]]
deepseek-r1-8b/veh_app/third_score_reference_document.txt,standard,71,[[71]]
deepseek-r1-8b/veh_app/first_score_document.txt,standard,None,[[0]]
deepseek-r1-8b/veh_app/first_score_reference.txt,standard,2,[[2]]
deepseek-r1-8b/veh_app/second_score_reference.txt,standard,59,[[59]]
deepseek-r1-8b/veh_app/first_score_reference_document.txt,standard,4,[[4]]
deepseek-r1-8b/veh_app/second_score_reference_document.txt,standard,34,[[34]]
deepseek-r1-8b/veh_app/second_score_document.txt,standard,26,[[26]]
deepseek-r1-8b/veh_app/third_score_document.txt,standard,40,[[40]]
deepseek-r1-8b/gear/third_score_reference.txt,standard,51,[[51]]
deepseek-r1-8b/gear/third_score_reference_document.txt,standard,11,[[11]]
deepseek-r1-8b/gear/first_score_document.txt,standard,21,[[21]]
deepseek-r1-8b/gear/first_score_reference.txt,standard,None,[[0]]
deepseek-r1-8b/gear/second_score_reference.txt,standard,100,[[100]]
deepseek-r1-8b/gear/first_score_reference_document.txt,standard,54,[[54]]
deepseek-r1-8b/gear/second_score_reference_document.txt,standard,98,[[98]]
deepseek-r1-8b/gear/second_score_document.txt,standard,25,[[25]]
deepseek-r1-8b/gear/third_score_document.txt,standard,30,[[30]]
deepseek-r1-8b/art/third_score_reference.txt,standard,22,[[22]]
deepseek-r1-8b/art/third_score_reference_document.txt,standard,38,[[38]]
deepseek-r1-8b/art/first_score_document.txt,standard,40,[[40]]
deepseek-r1-8b/art/first_score_reference.txt,standard,80,[[80]]
deepseek-r1-8b/art/second_score_reference.txt,standard,52,[[52]]
deepseek-r1-8b/art/first_score_reference_document.txt,standard,None,[[0]]
deepseek-r1-8b/art/second_score_reference_document.txt,standard,48,[[48]]
deepseek-r1-8b/art/second_score_document.txt,standard,5,[[5]]
deepseek-r1-8b/art/third_score_document.txt,standard,58,[[58]]
deepseek-r1-8b/man/third_score_reference.txt,standard,100,[[100]]
deepseek-r1-8b/man/third_score_reference_document.txt,standard,59,[[59]]
deepseek-r1-8b/man/first_score_document.txt,standard,None,[[0]]
deepseek-r1-8b/man/first_score_reference.txt,standard,None,[[0]]
deepseek-r1-8b/man/second_score_reference.txt,standard,62,[[62]]
deepseek-r1-8b/man/first_score_reference_document.txt,standard,8,[[8]]
deepseek-r1-8b/man/second_score_reference_document.txt,standard,28,[[28]]
deepseek-r1-8b/man/second_score_document.txt,standard,12,[[12]]
deepseek-r1-8b/man/third_score_document.txt,standard,68,[[68]]
deepseek-r1-8b/curiosity/third_score_reference.txt,standard,68,[[68]]
deepseek-r1-8b/curiosity/third_score_reference_document.txt,standard,62,[[62]]
deepseek-r1-8b/curiosity/first_score_document.txt,standard,13,[[13]]
deepseek-r1-8b/curiosity/first_score_reference.txt,standard,58,[[58]]
deepseek-r1-8b/curiosity/second_score_reference.txt,standard,25,[[25]]
deepseek-r1-8b/curiosity/first_score_reference_document.txt,standard,4,[[4]]
deepseek-r1-8b/curiosity/second_score_reference_document.txt,standard,43,[[43]]
deepseek-r1-8b/curiosity/second_score_document.txt,standard,31,[[31]]
deepseek-r1-8b/curiosity/third_score_document.txt,standard,35,[[35]]
deepseek-r1-8b/vehros/third_score_reference.txt,standard,34,[[34]]
deepseek-r1-8b/vehros/third_score_reference_document.txt,standard,7,[[7]]
deepseek-r1-8b/vehros/first_score_document.txt,standard,5,[[5]]
deepseek-r1-8b/vehros/first_score_reference.txt,standard,18,[[18]]
deepseek-r1-8b/vehros/second_score_reference.txt,standard,68,[[68]]
deepseek-r1-8b/vehros/first_score_reference_document.txt,standard,3,[[3]]
deepseek-r1-8b/vehros/second_score_reference_document.txt,standard,3,[[3]]
deepseek-r1-8b/vehros/second_score_document.txt,standard,48,[[48]]
deepseek-r1-8b/vehros/third_score_document.txt,standard,21,[[21]]
deepseek-r1-8b/uazbus/third_score_reference.txt,standard,78,[[78]]
deepseek-r1-8b/uazbus/third_score_reference_document.txt,standard,24,[[24]]
deepseek-r1-8b/uazbus/first_score_document.txt,standard,40,[[40]]
deepseek-r1-8b/uazbus/first_score_reference.txt,standard,42,[[42]]
deepseek-r1-8b/uazbus/second_score_reference.txt,standard,83,[[83]]
deepseek-r1-8b/uazbus/first_score_reference_document.txt,standard,2,[[2]]
deepseek-r1-8b/uazbus/second_score_reference_document.txt,standard,77,[[77]]
deepseek-r1-8b/uazbus/second_score_document.txt,standard,20,[[20]]
deepseek-r1-8b/uazbus/third_score_document.txt,standard,81,[[81]]
deepseek-r1-8b/handler/third_score_reference.txt,standard,61,[[61]]
deepseek-r1-8b/handler/third_score_reference_document.txt,standard,52,[[52]]
deepseek-r1-8b/handler/first_score_document.txt,standard,14,[[14]]
deepseek-r1-8b/handler/first_score_reference.txt,standard,61,[[61]]
deepseek-r1-8b/handler/second_score_reference.txt,standard,100,[[100]]
deepseek-r1-8b/handler/first_score_reference_document.txt,standard,None,[[0]]
deepseek-r1-8b/handler/second_score_reference_document.txt,standard,82,[[82]]
deepseek-r1-8b/handler/second_score_document.txt,standard,59,[[59]]
deepseek-r1-8b/handler/third_score_document.txt,standard,None,[[0]]
deepseek-r1-8b/beam/third_score_reference.txt,standard,93,[[93]]
deepseek-r1-8b/beam/third_score_reference_document.txt,standard,23,[[23]]
deepseek-r1-8b/beam/first_score_document.txt,standard,2,[[2]]
deepseek-r1-8b/beam/first_score_reference.txt,standard,19,[[19]]
deepseek-r1-8b/beam/second_score_reference.txt,standard,66,[[66]]
deepseek-r1-8b/beam/first_score_reference_document.txt,standard,48,[[48]]
deepseek-r1-8b/beam/second_score_reference_document.txt,standard,48,[[48]]
deepseek-r1-8b/beam/second_score_document.txt,standard,16,[[16]]
deepseek-r1-8b/beam/third_score_document.txt,standard,45,[[45]]
deepseek-r1-8b/particles/third_score_reference.txt,standard,77,[[77]]
deepseek-r1-8b/particles/third_score_reference_document.txt,standard,39,[[39]]
deepseek-r1-8b/particles/first_score_document.txt,standard,13,[[13]]
deepseek-r1-8b/particles/first_score_reference.txt,standard,45,[[45]]
deepseek-r1-8b/particles/second_score_reference.txt,standard,36,[[36]]
deepseek-r1-8b/particles/first_score_reference_document.txt,standard,4,[[4]]
deepseek-r1-8b/particles/second_score_reference_document.txt,standard,43,[[43]]
deepseek-r1-8b/particles/second_score_document.txt,standard,53,[[53]]
deepseek-r1-8b/particles/third_score_document.txt,standard,93,[[93]]
deepseek-r1-8b/m113/third_score_reference.txt,standard,55,[[55]]
deepseek-r1-8b/m113/third_score_reference_document.txt,standard,32,[[32]]
deepseek-r1-8b/m113/first_score_document.txt,standard,10,[[10]]
deepseek-r1-8b/m113/first_score_reference.txt,standard,62,[[62]]
deepseek-r1-8b/m113/second_score_reference.txt,standard,61,[[61]]
deepseek-r1-8b/m113/first_score_reference_document.txt,standard,51,[[51]]
deepseek-r1-8b/m113/second_score_reference_document.txt,standard,25,[[25]]
deepseek-r1-8b/m113/second_score_document.txt,standard,27,[[27]]
deepseek-r1-8b/m113/third_score_document.txt,standard,74,[[74]]
deepseek-r1-8b/sedan/third_score_reference.txt,standard,47,[[47]]
deepseek-r1-8b/sedan/third_score_reference_document.txt,standard,48,[[48]]
deepseek-r1-8b/sedan/first_score_document.txt,standard,2,[[2]]
deepseek-r1-8b/sedan/first_score_reference.txt,standard,19,[[19]]
deepseek-r1-8b/sedan/second_score_reference.txt,standard,62,[[62]]
deepseek-r1-8b/sedan/first_score_reference_document.txt,standard,9,[[9]]
deepseek-r1-8b/sedan/second_score_reference_document.txt,standard,32,[[32]]
deepseek-r1-8b/sedan/second_score_document.txt,standard,25,[[25]]
deepseek-r1-8b/sedan/third_score_document.txt,standard,13,[[13]]
deepseek-r1-8b/viper/third_score_reference.txt,standard,47,[[47]]
deepseek-r1-8b/viper/third_score_reference_document.txt,standard,63,[[63]]
deepseek-r1-8b/viper/first_score_document.txt,standard,40,[[40]]
deepseek-r1-8b/viper/first_score_reference.txt,standard,5,[[5]]
deepseek-r1-8b/viper/second_score_reference.txt,standard,93,[[93]]
deepseek-r1-8b/viper/first_score_reference_document.txt,standard,8,[[8]]
deepseek-r1-8b/viper/second_score_reference_document.txt,standard,62,[[62]]
deepseek-r1-8b/viper/second_score_document.txt,standard,55,[[55]]
deepseek-r1-8b/viper/third_score_document.txt,standard,37,[[37]]
deepseek-r1-8b/lidar/third_score_reference.txt,standard,15,[[15]]
deepseek-r1-8b/lidar/third_score_reference_document.txt,standard,29,[[29]]
deepseek-r1-8b/lidar/first_score_document.txt,standard,None,[[0]]
deepseek-r1-8b/lidar/first_score_reference.txt,standard,25,[[25]]
deepseek-r1-8b/lidar/second_score_reference.txt,standard,71,[[71]]
deepseek-r1-8b/lidar/first_score_reference_document.txt,standard,None,[[0]]
deepseek-r1-8b/lidar/second_score_reference_document.txt,standard,15,[[15]]
deepseek-r1-8b/lidar/second_score_document.txt,standard,62,[[62]]
deepseek-r1-8b/lidar/third_score_document.txt,standard,2,[[2]]
deepseek-r1-8b/rigid_highway/third_score_reference.txt,standard,91,[[91]]
deepseek-r1-8b/rigid_highway/third_score_reference_document.txt,standard,63,[[63]]
deepseek-r1-8b/rigid_highway/first_score_document.txt,standard,7,[[7]]
deepseek-r1-8b/rigid_highway/first_score_reference.txt,standard,None,[[0]]
deepseek-r1-8b/rigid_highway/second_score_reference.txt,standard,20,[[20]]
deepseek-r1-8b/rigid_highway/first_score_reference_document.txt,standard,48,[[48]]
deepseek-r1-8b/rigid_highway/second_score_reference_document.txt,standard,2,[[2]]
deepseek-r1-8b/rigid_highway/second_score_document.txt,standard,8,[[8]]
deepseek-r1-8b/rigid_highway/third_score_document.txt,standard,33,[[33]]
deepseek-r1-8b/pendulum/third_score_reference.txt,standard,67,[[67]]
deepseek-r1-8b/pendulum/third_score_reference_document.txt,standard,55,[[55]]
deepseek-r1-8b/pendulum/first_score_document.txt,standard,14,[[14]]
deepseek-r1-8b/pendulum/first_score_reference.txt,standard,None,[[0]]
deepseek-r1-8b/pendulum/second_score_reference.txt,standard,55,[[55]]
deepseek-r1-8b/pendulum/first_score_reference_document.txt,standard,23,[[23]]
deepseek-r1-8b/pendulum/second_score_reference_document.txt,standard,60,[[60]]
deepseek-r1-8b/pendulum/second_score_document.txt,standard,9,[[9]]
deepseek-r1-8b/pendulum/third_score_document.txt,standard,33,[[33]]
deepseek-r1-8b/hmmwv/third_score_reference.txt,standard,40,[[40]]
deepseek-r1-8b/hmmwv/third_score_reference_document.txt,standard,68,[[68]]
deepseek-r1-8b/hmmwv/first_score_document.txt,standard,None,[[0]]
deepseek-r1-8b/hmmwv/first_score_reference.txt,standard,33,[[33]]
deepseek-r1-8b/hmmwv/second_score_reference.txt,standard,39,[[39]]
deepseek-r1-8b/hmmwv/first_score_reference_document.txt,standard,12,[[12]]
deepseek-r1-8b/hmmwv/second_score_reference_document.txt,standard,59,[[59]]
deepseek-r1-8b/hmmwv/second_score_document.txt,standard,23,[[23]]
deepseek-r1-8b/hmmwv/third_score_document.txt,standard,8,[[8]]
deepseek-r1-8b/turtlebot/third_score_reference.txt,standard,37,[[37]]
deepseek-r1-8b/turtlebot/third_score_reference_document.txt,standard,30,[[30]]
deepseek-r1-8b/turtlebot/first_score_document.txt,standard,8,[[8]]
deepseek-r1-8b/turtlebot/first_score_reference.txt,standard,8,[[8]]
deepseek-r1-8b/turtlebot/second_score_reference.txt,standard,70,[[70]]
deepseek-r1-8b/turtlebot/first_score_reference_document.txt,standard,49,[[49]]
deepseek-r1-8b/turtlebot/second_score_reference_document.txt,standard,17,[[17]]
deepseek-r1-8b/turtlebot/second_score_document.txt,standard,54,[[54]]
deepseek-r1-8b/turtlebot/third_score_document.txt,standard,14,[[14]]
deepseek-r1-8b/mass_spring_damper/third_score_reference.txt,standard,30,[[30]]
deepseek-r1-8b/mass_spring_damper/third_score_reference_document.txt,standard,58,[[58]]
deepseek-r1-8b/mass_spring_damper/first_score_document.txt,standard,15,[[15]]
deepseek-r1-8b/mass_spring_damper/first_score_reference.txt,standard,11,[[11]]
deepseek-r1-8b/mass_spring_damper/second_score_reference.txt,standard,23,[[23]]
deepseek-r1-8b/mass_spring_damper/first_score_reference_document.txt,standard,8,[[8]]
deepseek-r1-8b/mass_spring_damper/second_score_reference_document.txt,standard,2,[[2]]
deepseek-r1-8b/mass_spring_damper/second_score_document.txt,standard,None,[[0]]
deepseek-r1-8b/mass_spring_damper/third_score_document.txt,standard,69,[[69]]
deepseek-r1-8b/tablecloth/third_score_reference.txt,standard,25,[[25]]
deepseek-r1-8b/tablecloth/third_score_reference_document.txt,standard,60,[[60]]
deepseek-r1-8b/tablecloth/first_score_document.txt,standard,25,[[25]]
deepseek-r1-8b/tablecloth/first_score_reference.txt,standard,61,[[61]]
deepseek-r1-8b/tablecloth/second_score_reference.txt,standard,46,[[46]]
deepseek-r1-8b/tablecloth/first_score_reference_document.txt,standard,30,[[30]]
deepseek-r1-8b/tablecloth/second_score_reference_document.txt,standard,32,[[32]]
deepseek-r1-8b/tablecloth/second_score_document.txt,standard,21,[[21]]
deepseek-r1-8b/tablecloth/third_score_document.txt,standard,17,[[17]]
deepseek-r1-8b/kraz/third_score_reference.txt,standard,43,[[43]]
deepseek-r1-8b/kraz/third_score_reference_document.txt,standard,52,[[52]]
deepseek-r1-8b/kraz/first_score_document.txt,standard,None,[[0]]
deepseek-r1-8b/kraz/first_score_reference.txt,standard,56,[[56]]
deepseek-r1-8b/kraz/second_score_reference.txt,standard,62,[[62]]
deepseek-r1-8b/kraz/first_score_reference_document.txt,standard,48,[[48]]
deepseek-r1-8b/kraz/second_score_reference_document.txt,standard,57,[[57]]
deepseek-r1-8b/kraz/second_score_document.txt,standard,52,[[52]]
deepseek-r1-8b/kraz/third_score_document.txt,standard,6,[[6]]
deepseek-r1-8b/camera/third_score_reference.txt,standard,15,[[15]]
deepseek-r1-8b/camera/third_score_reference_document.txt,standard,53,[[53]]
deepseek-r1-8b/camera/first_score_document.txt,standard,None,[[0]]
deepseek-r1-8b/camera/first_score_reference.txt,standard,16,[[16]]
deepseek-r1-8b/camera/second_score_reference.txt,standard,97,[[97]]
deepseek-r1-8b/camera/first_score_reference_document.txt,standard,23,[[23]]
deepseek-r1-8b/camera/second_score_reference_document.txt,standard,57,[[57]]
deepseek-r1-8b/camera/second_score_document.txt,standard,58,[[58]]
deepseek-r1-8b/camera/third_score_document.txt,standard,61,[[61]]
deepseek-r1-8b/buckling/third_score_reference.txt,standard,55,[[55]]
deepseek-r1-8b/buckling/third_score_reference_document.txt,standard,12,[[12]]
deepseek-r1-8b/buckling/first_score_document.txt,standard,None,[[0]]
deepseek-r1-8b/buckling/first_score_reference.txt,standard,54,[[54]]
deepseek-r1-8b/buckling/second_score_reference.txt,standard,38,[[38]]
deepseek-r1-8b/buckling/first_score_reference_document.txt,standard,49,[[49]]
deepseek-r1-8b/buckling/second_score_reference_document.txt,standard,55,[[55]]
deepseek-r1-8b/buckling/second_score_document.txt,standard,53,[[53]]
deepseek-r1-8b/buckling/third_score_document.txt,standard,None,[[0]]
deepseek-r1-8b/gator/third_score_reference.txt,standard,82,[[82]]
deepseek-r1-8b/gator/third_score_reference_document.txt,standard,53,[[53]]
deepseek-r1-8b/gator/first_score_document.txt,standard,None,[[0]]
deepseek-r1-8b/gator/first_score_reference.txt,standard,42,[[42]]
deepseek-r1-8b/gator/second_score_reference.txt,standard,99,[[99]]
deepseek-r1-8b/gator/first_score_reference_document.txt,standard,9,[[9]]
deepseek-r1-8b/gator/second_score_reference_document.txt,standard,20,[[20]]
deepseek-r1-8b/gator/second_score_document.txt,standard,12,[[12]]
deepseek-r1-8b/gator/third_score_document.txt,standard,95,[[95]]
deepseek-r1-8b/slider_crank/third_score_reference.txt,standard,60,[[60]]
deepseek-r1-8b/slider_crank/third_score_reference_document.txt,standard,13,[[13]]
deepseek-r1-8b/slider_crank/first_score_document.txt,standard,9,[[9]]
deepseek-r1-8b/slider_crank/first_score_reference.txt,standard,22,[[22]]
deepseek-r1-8b/slider_crank/second_score_reference.txt,standard,96,[[96]]
deepseek-r1-8b/slider_crank/first_score_reference_document.txt,standard,22,[[22]]
deepseek-r1-8b/slider_crank/second_score_reference_document.txt,standard,53,[[53]]
deepseek-r1-8b/slider_crank/second_score_document.txt,standard,62,[[62]]
deepseek-r1-8b/slider_crank/third_score_document.txt,standard,17,[[17]]
deepseek-r1-8b/feda/third_score_reference.txt,standard,31,[[31]]
deepseek-r1-8b/feda/third_score_reference_document.txt,standard,65,[[65]]
deepseek-r1-8b/feda/first_score_document.txt,standard,16,[[16]]
deepseek-r1-8b/feda/first_score_reference.txt,standard,51,[[51]]
deepseek-r1-8b/feda/second_score_reference.txt,standard,49,[[49]]
deepseek-r1-8b/feda/first_score_reference_document.txt,standard,4,[[4]]
deepseek-r1-8b/feda/second_score_reference_document.txt,standard,39,[[39]]
deepseek-r1-8b/feda/second_score_document.txt,standard,52,[[52]]
deepseek-r1-8b/feda/third_score_document.txt,standard,77,[[77]]
